latitude,longitude,slope,root_cohesion,elevation,soil_moisture,label
22.343930809197474,91.81882639924555,7.441464900970459,0.2988,38,25.919750213623047,1
33.311821439126355,75.7523677112395,16.536602020263672,0.16920000000000002,1516,43.88850021362305,1
27.28780897534926,88.25799444452419,29.7175235748291,0.2412,1487,21.368125915527344,1
30.904426309214454,77.09687619698119,16.00657844543457,0.0324,1456,24.901750564575195,1
28.119199770801877,95.16460167494871,47.10234069824219,0.36,792,25.571125030517578,1
6.2607634569067985,80.49142999261203,0.0,0.04680000000000001,88,29.83224868774414,1
14.100091446832625,76.20404063609479,4.863827228546143,0.025200000000000004,728,17.827625274658203,0
27.174890744135435,88.64579715267858,16.353981018066406,0.29519999999999996,948,20.803125381469727,1
28.698613129058966,82.70640598866554,39.721256256103516,0.0684,1707,20.585250854492188,1
27.232023596205437,88.49703614162839,9.266684532165527,0.0648,359,18.95075035095215,1
26.318436952255883,94.52482152959878,4.258354663848877,0.1512,1163,31.40475082397461,1
27.62009579894507,86.83991393701311,36.988983154296875,0.014400000000000001,4508,31.72599983215332,1
29.595221614138662,79.66246464842654,21.763647079467773,0.05040000000000001,1480,27.20599937438965,1
31.251535334998234,87.02909913584867,27.349422454833984,0.0,5348,10.630249977111816,0
15.451876286375681,79.25310237345327,3.0318267345428467,0.054,170,29.32724952697754,0
26.265616013549657,71.04537528551003,1.0659444332122803,0.021599999999999998,243,15.928999900817871,0
34.277151043441194,75.4675119346452,36.506263732910156,0.0,3559,22.547250747680664,1
24.42092557761022,80.48388414422543,9.08548641204834,0.17279999999999998,494,17.808124542236328,0
22.685380448691305,79.4277348646861,22.584426879882812,0.19440000000000002,564,27.641874313354492,0
31.310285154579653,94.35692640299685,35.62144470214844,0.07200000000000001,4339,16.812124252319336,0
15.506314192593324,73.83626121021256,3.944352865219116,0.0324,10,13.773624420166016,1
20.875993803417764,77.86493576490338,0.9559096097946167,0.007200000000000001,393,25.933500289916992,0
30.884483709907,69.00018087815512,3.6268081665039062,0.0,1473,21.57200050354004,0
20.463397593421668,85.84817386334515,15.073826789855957,0.0,42,19.81012535095215,0
28.367134789218863,83.58630580946061,12.806965827941895,0.1908,1649,18.731874465942383,0
28.246401215033202,85.36443108284679,56.51225280761719,0.27,1757,21.696250915527344,1
33.685879923433724,87.51472837844369,3.8183305263519287,0.0,5137,5.451624870300293,0
33.242022341550275,75.23089568880812,22.99468421936035,0.0324,698,33.29574966430664,1
25.58298622914723,91.89293741018541,7.616596698760986,0.0,1445,22.430999755859375,1
33.02696566253206,75.00182529135763,14.867216110229492,0.11880000000000002,2111,33.29574966430664,1
19.36682412609697,75.74751680870526,2.16290020942688,0.014400000000000001,434,25.012248992919922,0
29.69304814857928,86.49711682459309,16.749130249023438,0.0,5876,10.820625305175781,0
33.71687180073585,72.79789857329881,3.086726188659668,0.021599999999999998,498,20.704999923706055,0
27.574820708625445,91.86437098415041,12.035360336303711,0.126,2687,18.176000595092773,1
35.92160700255039,79.30700129050044,35.55469512939453,0.0,4547,10.92912483215332,0
35.19208516031693,76.25793955314197,19.465877532958984,0.021599999999999998,2900,24.593124389648438,1
20.48145373063247,81.91328342431642,4.326350212097168,0.3096,421,18.590499877929688,0
32.45509815266157,78.37589749851055,24.58609390258789,0.0,5513,13.711000442504883,0
25.179013845878682,88.44583217043358,0.0,0.10439999999999999,23,13.013750076293945,0
30.290248149461934,79.15096392564888,6.697413444519043,0.025200000000000004,792,23.86425018310547,1
31.24991836748682,74.10198287125512,4.564305305480957,0.018000000000000002,202,20.76325035095215,0
24.520099584977014,92.72378921646755,2.180649518966675,0.17279999999999998,40,25.887624740600586,1
24.896044531381033,91.90210022608343,4.208166599273682,0.0,17,23.993125915527344,1
32.88575049986847,81.01694443382195,11.7261962890625,0.0,5277,11.026249885559082,0
31.19143804249064,73.8163186109051,1.4703401327133179,0.0324,196,22.31999969482422,0
23.844746154375958,93.05149463211436,27.65323257446289,0.3204,1086,25.92762565612793,1
11.3415448723584,76.86942276704212,29.332168579101562,0.36,629,29.438125610351562,1
23.449397597834956,92.81110546208397,31.059179306030273,0.252,869,27.392000198364258,1
25.51237864781544,93.3614134051356,4.272738933563232,0.36,317,22.087499618530273,1
29.98625825731589,78.6114357660067,27.937911987304688,0.20879999999999999,1053,24.480749130249023,1
25.622601933176902,96.29459247084266,9.865374565124512,0.0,322,22.85300064086914,1
28.2321180020157,83.72267006958995,6.753981113433838,0.1368,941,15.446000099182129,1
23.1693927237749,69.8666059696884,3.8183305263519287,0.021599999999999998,154,11.697500228881836,0
15.335724120139027,76.59831121429485,2.752223253250122,0.010799999999999999,446,21.03812599182129,0
29.59872504374673,79.65923071340372,18.022905349731445,0.0,1597,27.20599937438965,1
19.434736761576403,77.20548251483123,4.172893524169922,0.043199999999999995,407,24.93000030517578,0
28.213522875634425,83.95578288581896,6.481563091278076,0.057600000000000005,802,14.130374908447266,1
33.045560788913335,77.11924424755576,20.184249877929688,0.0,4587,13.684000015258789,0
25.274684423637414,71.71426084606543,8.396985054016113,0.028800000000000003,68,10.424375534057617,0
20.127876834803025,77.11762728004435,3.1973299980163574,0.014400000000000001,558,23.991125106811523,0
30.90065338502115,94.85872532070601,20.26068878173828,0.0,4991,18.10787582397461,0
13.93462177149781,80.1852841437841,2.743173599243164,0.021599999999999998,8,32.97100067138672,0
33.835179923654394,88.39301123172734,10.059723854064941,0.0,5107,9.77649974822998,0
24.935660235410705,93.84434770187825,1.9112874269485474,0.09360000000000002,849,28.61775016784668,1
27.37350825345426,88.73230491453928,30.86281394958496,0.0684,3421,22.061124801635742,1
33.282716023920884,72.78684929530414,2.226768732070923,0.0,354,21.86025047302246,0
34.935526315172396,73.82952384558166,37.28385543823242,0.0,2970,24.823375701904297,1
23.235688391742922,75.1608270966468,1.4126298427581787,0.014400000000000001,503,19.146875381469727,0
26.577690743252777,97.04756034199164,19.214374542236328,0.36,790,26.316375732421875,0
27.404769625341622,88.70266051016334,48.51658248901367,0.2664,3186,22.061124801635742,0
29.18370338248351,79.43096879970894,0.9559096097946167,0.2916,330,21.645750045776367,0
17.054021595602848,97.88838344792751,3.4921164512634277,0.14759999999999998,13,18.380374908447266,0
35.07862793993263,68.7805427911879,27.449796676635742,0.0,3035,24.92675018310547,0
30.600436417068405,78.31553071141772,20.666826248168945,0.17279999999999998,881,26.933250427246094,1
28.476280096239385,83.53078992490202,33.12592697143555,0.3204,1870,18.731874465942383,1
31.082562230055355,78.06597872548933,23.536239624023438,0.05040000000000001,2239,42.80462646484375,1
26.420575400060272,94.97299102484601,25.87575912475586,0.1908,690,32.600624084472656,1
32.21902089599496,78.07190760636452,5.711316108703613,0.0,3606,14.744250297546387,1
25.543640019702796,76.83384948179099,1.4268022775650024,0.021599999999999998,309,16.980499267578125,0
24.348162039596538,94.11465077086982,7.326098918914795,0.36,1003,27.150375366210938,1
28.009515474610883,83.86684967269113,23.658578872680664,0.30600000000000005,1034,14.130374908447266,1
24.248988032229743,91.5921814530622,2.86560320854187,0.17279999999999998,24,24.960874557495117,0
31.000096886973182,77.12005273131147,29.619245529174805,0.1584,1444,20.711999893188477,1
30.808755731455722,83.09798162101323,13.90673828125,0.0,5977,10.167499542236328,0
32.37101584206798,77.24671518637233,6.798192501068115,0.0,3973,21.578248977661133,1
26.99783280163548,88.16690527471447,1.4367419481277466,0.07200000000000001,2168,25.722999572753906,1
21.56293550118396,73.12802944021273,1.9112874269485474,0.010799999999999999,44,21.05987548828125,0
28.100335149835367,84.42146952910653,24.41828727722168,0.14400000000000002,979,15.284749984741211,1
30.594507536193216,69.1271128278012,2.2100508213043213,0.0036000000000000003,1397,24.419750213623047,0
26.583619624127966,93.0037940905276,1.9112874269485474,0.10439999999999999,69,22.268875122070312,1
9.823212379139584,77.14969713568742,6.933596611022949,0.1908,877,27.158124923706055,1
31.70186078692735,76.94245579964104,24.305309295654297,0.0396,760,22.846500396728516,1
29.79303063970178,95.80438182029863,7.665151596069336,0.2592,2928,41.34000015258789,1
25.516151572008738,94.2340368721293,20.59358024597168,0.2808,1646,30.916873931884766,1
22.356866549288796,74.74391897328692,1.4077173471450806,0.014400000000000001,272,18.337125778198242,0
34.81937414893574,96.80986611781361,5.302003383636475,0.0,4491,13.61050033569336,0
30.699879919020436,77.07989803811132,29.53955078125,0.3132,937,23.188875198364258,1
23.819683157949022,87.56916628466134,3.2739877700805664,0.014400000000000001,50,13.333125114440918,0
28.487598868819294,82.2687467822425,23.531997680664062,0.23760000000000003,1789,19.490375518798828,0
23.49979308527406,95.37103452723937,2.292421340942383,0.0,158,19.77050018310547,0
35.67070754369581,83.14190923840668,3.5258960723876953,0.0,5226,11.316374778747559,0
21.3354820712449,95.082675321037,2.169009208679199,0.0,73,21.283750534057617,1
27.771282261262385,86.16590797933823,3.586254596710205,0.11159999999999999,2054,22.276750564575195,1
14.963552097928309,79.70315833079715,1.9783210754394531,0.010799999999999999,43,29.16699981689453,0
27.22744218825643,76.74491626866316,7.024170398712158,0.0648,277,15.784125328063965,0
25.500790380650297,93.9852933699566,19.37458038330078,0.1512,1429,31.086999893188477,1
32.991392377280924,75.19154947936369,26.752883911132812,0.0036000000000000003,815,34.946998596191406,1
27.83353551045187,85.20165635336433,34.9708251953125,0.20879999999999999,1424,18.658374786376953,1
30.558934250942084,77.28902583625435,6.496502876281738,0.0,885,23.50950050354004,1
30.749466922703835,73.30212294227509,1.4664241075515747,0.0324,176,13.00837516784668,0
26.527295255813673,86.44483487505734,1.0683629512786865,0.05040000000000001,76,21.626249313354492,0
16.645737298970527,81.87851862282099,0.9559096097946167,0.0,8,26.75,0
25.524236409565816,92.99139733960676,17.940357208251953,0.32400000000000007,156,22.8752498626709,1
25.883203197099977,91.20006683154402,27.12395668029785,0.24480000000000002,252,21.861000061035156,1
27.446002296882707,88.61938668332546,13.18924617767334,0.28800000000000003,1960,22.061124801635742,1
28.21055843519683,84.92165147930427,34.622467041015625,0.36,2813,17.9581241607666,0
25.453898322819256,93.98259842410424,27.36981201171875,0.2664,1767,30.252750396728516,1
6.956598475985779,81.02422078762332,7.888184070587158,0.2124,746,29.414125442504883,1
12.179403537856677,79.92306591234961,0.9559096097946167,0.043199999999999995,7,24.824501037597656,0
34.09524219840699,73.49427258154826,26.994422912597656,0.108,616,28.513999938964844,1
9.835070140889963,76.86618883201929,6.661805152893066,0.3528,243,25.985750198364258,1
28.42022522251033,84.89955292331494,34.236637115478516,0.32400000000000007,1964,36.63087463378906,1
28.2854779298924,83.04246573645464,21.97214126586914,0.061200000000000004,1947,18.236499786376953,1
34.06613678320152,79.99717692328947,10.910362243652344,0.0,5203,12.404000282287598,0
25.75222882867535,83.22006266812508,3.0552051067352295,0.025200000000000004,76,22.931249618530273,0
33.28837541021084,75.17807475010189,38.822593688964844,0.1548,1063,37.430625915527344,1
26.097451392362483,91.87434228380414,35.31865692138672,0.2628,185,26.14287567138672,1
25.826609334200445,94.14968506695047,27.588525772094727,0.2916,1394,29.425874710083008,1
27.026399227670478,83.46179931108165,0.0,0.014400000000000001,84,22.795623779296875,0
24.48129236470305,81.71951681753183,5.206919193267822,0.028800000000000003,284,16.7760009765625,0
31.967043458799434,76.85217511358702,26.390905380249023,0.2124,1497,28.633625030517578,1
33.332842016774755,75.21310904618255,37.24180603027344,0.0396,1481,37.430625915527344,1
20.88461763014531,96.13047026843402,2.257565498352051,0.025200000000000004,142,15.823124885559082,0
28.308384969637448,83.17451808322022,24.873138427734375,0.1548,1058,18.236499786376953,1
19.100832970469177,84.05010599065152,13.221367835998535,0.028800000000000003,461,23.169124603271484,1
11.981864006878794,92.62677116578264,10.989415168762207,0.36,143,19.51187515258789,0
27.36003352419247,93.03855889202303,6.7047600746154785,0.0,402,23.634624481201172,1
13.794484587175164,78.27052511568334,0.9559096097946167,0.014400000000000001,599,26.514375686645508,0
30.816301579842328,73.39267312291435,1.1130207777023315,0.05040000000000001,180,15.204000473022461,0
22.331264563691388,91.8252942692912,1.4075779914855957,0.0,10,25.919750213623047,1
19.12077556977663,72.84047871776608,6.661805152893066,0.0,33,28.17387580871582,1
35.18076638773702,76.05581861421507,1.510282278060913,0.061200000000000004,2341,26.552125930786133,1
25.26848604817699,71.25612005116447,13.613221168518066,0.028800000000000003,131,10.219124794006348,0
22.749520159977436,92.22091232041745,5.902811050415039,0.3204,243,22.434375762939453,1
35.036317290050604,85.57490635391599,5.171663284301758,0.0,5120,9.809749603271484,0
33.0175333520488,74.93822456924198,28.35118865966797,0.22319999999999998,1904,33.30787658691406,1
30.36408966581656,79.31589461181323,27.125869750976562,0.14759999999999998,972,21.964250564575195,1
25.474918900467653,93.14770419904356,3.5606515407562256,0.18720000000000003,147,28.093374252319336,1
27.499901213929878,90.50342332870933,36.26443099975586,0.32400000000000007,1951,21.499500274658203,1
10.066296495022327,77.59732764176417,3.0627830028533936,0.014400000000000001,286,32.25175094604492,0
30.675894900934445,74.8910630168257,1.1114000082015991,0.007200000000000001,202,13.578624725341797,0
30.437661687585948,92.54969571440519,37.769142150878906,0.0,5310,14.932000160217285,0
27.17192630369784,88.52910599727146,36.426475524902344,0.30600000000000005,322,20.803125381469727,1
26.00905716840512,69.91646246795703,4.352593421936035,0.0,58,10.055500030517578,0
19.51774109382905,83.18098595326587,6.136741638183594,0.23760000000000003,652,20.66699981689453,1
32.35107324276053,77.2232691574568,14.423742294311523,0.021599999999999998,3278,21.578248977661133,1
11.917185306422189,76.03964893910093,3.466205358505249,0.0756,799,28.487499237060547,0
27.00106673665831,93.72738705188588,3.7385826110839844,0.17279999999999998,106,32.55649948120117,1
33.61608082585764,77.76522276836612,11.329777717590332,0.0,4294,14.136374473571777,1
28.545001215474528,97.23458958414533,19.20574378967285,0.30600000000000005,3188,21.88774871826172,0
27.526850672453463,85.56412657050656,18.59920883178711,0.09,1791,19.71525001525879,1
23.07506961894235,72.25055507068478,1.9112874269485474,0.007200000000000001,35,16.08012580871582,0
34.0389178300927,84.59394606365747,3.675875425338745,0.0,5015,9.595499992370605,0
20.7800537310738,77.92018215487673,1.3995311260223389,0.007200000000000001,326,25.933500289916992,0
28.56629128770816,93.97505257571764,34.9507942199707,0.0,3791,43.890625,0
29.24622612625823,85.15665075762995,22.02511215209961,0.0,4854,11.901124954223633,0
26.009326662990357,94.52374355125784,15.272464752197266,0.036000000000000004,1825,31.596250534057617,1
34.27445609758884,82.16014046439246,3.08954119682312,0.0,4972,11.294124603271484,0
24.12555951219172,74.79296698779984,2.86560320854187,0.007200000000000001,502,18.162124633789062,0
27.821947243286726,84.4934245833645,22.663433074951172,0.252,360,23.421499252319336,1
12.670422672156407,75.0624615730357,10.103650093078613,0.27,49,28.99537467956543,0
21.43681203529358,97.15751413276787,6.138692855834961,0.36,878,25.58799934387207,0
28.13132702713749,84.82732837447173,15.401671409606934,0.2736,1656,17.9581241607666,1
35.2497570015574,68.63663268267194,29.100975036621094,0.0,4285,18.771625518798828,0
21.966638389867274,72.68471084749974,1.405617594718933,0.0,6,24.861249923706055,0
26.963337494725288,70.49452835328793,3.5768561363220215,0.0,182,11.403375625610352,0
16.56947033134878,95.14465907564126,0.9559096097946167,0.036000000000000004,4,21.881750106811523,0
24.525219982096495,68.85141986710492,1.4203145503997803,0.007200000000000001,5,15.885624885559082,0
23.013624853508578,91.71749643519686,3.255836248397827,0.021599999999999998,28,22.25225067138672,1
22.48784091771342,84.31421068418265,1.408433198928833,0.22319999999999998,303,15.394000053405762,0
25.626913846540678,94.11384228711411,13.982973098754883,0.0,1566,30.916873931884766,1
31.867330462262167,89.96012224487384,4.421723365783691,0.0,4601,13.21037483215332,0
26.919409877331844,82.87564858819366,1.0720494985580444,0.0,83,22.254499435424805,0
25.16230518159406,92.01043704934824,1.4243285655975342,0.10080000000000001,15,24.667499542236328,1
18.515760225922133,73.18219785184513,7.272409915924072,0.1296,22,20.40862464904785,1
28.08766890432928,83.09717313725753,31.33282470703125,0.2988,1388,16.671749114990234,1
32.098556816394535,76.26656337986951,10.965110778808594,0.1656,778,24.926124572753906,1
30.562976669720623,79.5764958757363,19.90174102783203,0.11159999999999999,1442,40.76750183105469,1
26.307926663431687,86.77280978528937,2.188241481781006,0.08639999999999999,63,21.44587516784668,0
24.118013663805115,83.00177205408404,5.810834884643555,0.1908,333,15.334375381469727,0
27.744871791909272,76.3183063402348,2.3611104488372803,0.014400000000000001,335,14.907500267028809,0
24.768573592564472,92.8210767617377,0.9559096097946167,0.0,21,33.76937484741211,1
25.54983839516322,92.07565473897532,27.718374252319336,0.2988,1263,23.74275016784668,1
6.739655334870915,80.17450436037467,2.139665365219116,0.216,11,29.313751220703125,1
27.678845618526488,85.5140005776527,16.884605407714844,0.04680000000000001,1806,19.71525001525879,1
18.433025388254727,77.33079749696591,2.2295165061950684,0.036000000000000004,427,23.91812515258789,0
28.000083164127627,85.70992314111916,37.704689025878906,0.36,3107,30.069000244140625,1
27.16680590657836,88.34989209808961,23.33286476135254,0.36,1154,18.95075035095215,1
25.181439297145804,93.11805979466762,12.612350463867188,0.14759999999999998,580,27.859249114990234,1
9.732662198500337,76.84031735183665,31.699928283691406,0.34559999999999996,440,26.941499710083008,1
21.805480627896234,71.55903196496958,0.0,0.0036000000000000003,86,16.33037567138672,0
30.322856994275476,68.44529152715448,12.816242218017578,0.0,1925,19.779375076293945,0
24.054143447104217,78.88551175919156,2.0928914546966553,0.010799999999999999,465,19.191749572753906,0
30.071688040835657,80.23702710414939,21.15399742126465,0.08639999999999999,2155,42.509498596191406,1
27.550835690539454,88.64741412018999,41.73267364501953,0.2916,1384,36.235626220703125,1
7.644618152092921,80.81482349489507,14.3630952835083,0.14759999999999998,165,27.460498809814453,1
29.991109159850136,83.13059046582677,5.795099258422852,0.0,4615,11.27750015258789,0
29.08345139677577,81.58342205198772,24.34272003173828,0.09360000000000002,1861,20.06712532043457,1
25.1415540985309,92.38072260946231,9.83011245727539,0.3024,158,27.387001037597656,1
24.75051745535367,93.42204968681366,13.615164756774902,0.23040000000000002,780,28.824249267578125,1
30.37325248171458,94.8789374145987,40.315731048583984,0.1404,3210,32.39925003051758,0
21.41282701720759,93.10647152750248,2.26418137550354,0.2412,137,18.573375701904297,0
31.100079378095685,77.15993792992637,17.71387481689453,0.08639999999999999,1961,20.711999893188477,1
23.948771064276997,76.37894262191287,2.298950672149658,0.018000000000000002,417,18.524625778198242,0
33.330686060092866,75.17726626634618,39.93280029296875,0.32400000000000007,1839,37.430625915527344,1
34.08230645831567,74.05589929717978,9.203468322753906,0.0,1335,43.88800048828125,1
27.063858975018263,88.46577476974103,11.97489070892334,0.0828,1168,18.95075035095215,1
26.218184966548144,93.06496936137616,1.9112874269485474,0.05040000000000001,75,22.728750228881836,0
35.760179745994115,83.26991916639372,4.011782169342041,0.0,5008,11.49524974822998,0
30.404244359016705,79.33179479234214,10.139062881469727,0.11159999999999999,1066,21.964250564575195,1
30.779919810835487,78.20665489898245,34.29928970336914,0.30600000000000005,1688,27.413375854492188,0
21.052512756747248,78.92162403361317,2.86560320854187,0.028800000000000003,325,26.456125259399414,0
27.783679012183235,85.83685509076524,39.35218048095703,0.2412,1782,22.45800018310547,1
19.33610174338008,73.7793978527278,55.2390251159668,0.20879999999999999,642,19.048749923706055,1
17.285517444320448,76.69910218917306,0.0,0.0,422,19.079999923706055,0
27.604195618416156,84.8602067138705,40.40782165527344,0.36,737,24.59462547302246,1
34.10925591683926,73.90659929695912,32.733299255371094,0.07200000000000001,1172,43.83812713623047,1
34.166119274324025,73.19836752695929,10.750429153442383,0.0684,1419,21.457374572753906,1
27.837847423815642,91.88673903472498,17.023881912231445,0.054,4713,16.007375717163086,0
30.738687139294402,79.4953780055803,3.466799736022949,0.0,3117,43.886749267578125,1
33.028043640873,72.23357691181492,3.547314405441284,0.014400000000000001,390,23.563125610351562,0
34.149141115454164,76.82603413881915,24.84661102294922,0.0,4268,13.72700023651123,1
33.632519995557026,75.23170417256382,1.1480450630187988,0.018000000000000002,1750,43.898250579833984,1
28.978079013948552,82.48326447209026,35.680503845214844,0.07200000000000001,3519,21.787750244140625,0
32.528131185260484,75.11986391969094,0.0,0.018000000000000002,364,24.0939998626709,1
25.28654218538779,91.90802910695862,5.682980060577393,0.17279999999999998,1161,27.001375198364258,0
6.879253530023089,81.62034281016504,2.886348009109497,0.14400000000000002,57,27.078874588012695,0
29.35995284122776,80.12599533503221,19.71904182434082,0.32400000000000007,1380,28.910375595092773,1
33.934353931021185,74.6566027276705,27.189844131469727,0.0,2070,43.897247314453125,1
31.955455191634293,90.95671322107604,9.165182113647461,0.0,4903,11.467124938964844,0
27.372160780528084,88.70805040186806,39.62788009643555,0.05040000000000001,3159,22.061124801635742,1
27.167075401163597,88.36525328944805,13.51060962677002,0.09360000000000002,1483,18.95075035095215,1
11.6406838619702,78.85451988188944,3.4928390979766846,0.014400000000000001,138,33.54399871826172,0
14.817486032730475,78.41632168629594,1.375171422958374,0.010799999999999999,179,24.113500595092773,0
10.318273932217853,77.52779803877333,6.407408714294434,0.2664,1168,27.348249435424805,1
27.233371069131618,94.1168067275517,2.149355888366699,0.11520000000000001,89,25.72024917602539,1
12.38529740097687,78.67341952061095,10.788887023925781,0.2736,869,30.4060001373291,0
29.501437498476584,85.63123072223028,1.4558626413345337,0.0,5002,10.61512565612793,0
27.605273596757097,70.36517095237473,2.86560320854187,0.0,124,10.86312484741211,0
18.514682247581188,78.8744624811969,2.1604926586151123,0.018000000000000002,343,33.04612350463867,0
27.05900807248402,93.54224427182885,13.199104309082031,0.36,494,32.55649948120117,1
35.51898209220802,81.11396248450686,4.768948078155518,0.0,6147,12.353500366210938,0
24.90359037976764,93.4869978818555,33.802398681640625,0.21960000000000002,1248,28.824249267578125,1
20.366110048151523,85.84763487417467,1.3975110054016113,0.028800000000000003,20,19.81012535095215,0
23.59088225508378,92.92968307958775,20.874500274658203,0.3096,795,27.1456241607666,1
33.80553551927845,74.64932637386914,21.386157989501953,0.27,2627,43.897247314453125,0
29.277756992730822,80.98703053486078,14.84754753112793,0.23040000000000002,1092,22.530500411987305,1
30.635740207734305,77.543428724717,35.186256408691406,0.252,1639,27.17074966430664,1
17.637207878053243,77.8312489417489,6.2819085121154785,0.010799999999999999,617,16.983999252319336,0
22.746555719539842,79.03669822150889,6.302309989929199,0.108,474,27.017749786376953,0
26.56313803565004,77.4644668112429,2.189392328262329,0.014400000000000001,253,18.656875610351562,0
28.291137316182354,83.94230815655717,2.371145725250244,0.252,1137,20.78762435913086,1
25.83011276380851,94.13001196222825,8.228161811828613,0.19440000000000002,1014,29.425874710083008,1
15.669627911246254,76.71095995092344,3.0321693420410156,0.0,414,19.14987564086914,0
35.71355718274831,82.00275562661471,6.705563545227051,0.0,5634,12.494500160217285,0
24.858854278618484,72.23249893347398,4.313381671905518,0.04680000000000001,203,25.019874572753906,0
25.072832979295757,92.36347495600721,8.603233337402344,0.12240000000000001,130,27.387001037597656,1
31.126220352863562,77.35262655837002,6.753088474273682,0.0324,2279,27.63425064086914,1
35.749669457169915,71.70590651392311,34.168373107910156,0.10080000000000001,1804,37.69725036621094,1
28.066648326680884,83.24997656708626,3.5898005962371826,0.0,1530,16.671749114990234,1
15.593630438209741,73.94352005513643,1.9842681884765625,0.018000000000000002,4,13.773624420166016,1
35.652651406485006,87.5478762124277,7.522224426269531,0.0,5006,10.12512493133545,0
35.71032324772548,79.98343269944245,29.413516998291016,0.0,5657,6.75362491607666,0
27.721156268408517,83.46907566488301,14.138082504272461,0.0828,239,21.55037498474121,1
24.46377521666272,92.4941798298466,11.981339454650879,0.29519999999999996,94,26.33049964904785,1
28.74334923020812,82.47517963453318,29.195430755615234,0.20160000000000003,3072,18.632625579833984,1
31.681648693034663,77.12086121506718,42.04827880859375,0.21960000000000002,1082,27.5935001373291,1
23.539678283888968,93.37839156400545,11.14062213897705,0.1548,1564,26.28587532043457,1
30.875590388594215,83.44158721718895,35.9054069519043,0.0,5975,10.24737548828125,0
9.91457104353454,77.01090742429095,9.563187599182129,0.2808,711,27.158124923706055,1
31.500817826341404,78.17593251626556,44.77595520019531,0.061200000000000004,1823,28.045000076293945,1
26.190427024268853,91.77301231975545,29.198122024536133,0.0,95,26.14287567138672,1
29.752606451916403,76.1417873869053,4.768948078155518,0.014400000000000001,227,15.11574935913086,0
27.766970347898614,84.46970905986375,6.1062703132629395,0.014400000000000001,209,23.421499252319336,1
34.22648606141686,68.073388999529,1.4999274015426636,0.0,3025,22.299375534057617,0
29.722423058369987,82.50671050100577,41.12831115722656,0.010799999999999999,3641,15.140375137329102,1
25.095470524455568,79.2886756587044,0.9559096097946167,0.018000000000000002,222,18.259124755859375,0
26.130868720931726,91.83823000938253,9.322247505187988,0.021599999999999998,105,26.14287567138672,1
32.62811367638299,75.371302367716,13.405076026916504,0.2268,734,24.113750457763672,1
27.26759688145657,88.2889863218263,51.43366241455078,0.1368,631,21.368125915527344,1
28.12405067333612,82.55791447220058,31.737422943115234,0.33480000000000004,1158,19.000123977661133,0
27.34548081658973,69.16565055348993,3.7471024990081787,0.0,53,10.861374855041504,0
12.570440181033904,92.78550347648657,6.8892741203308105,0.36,12,20.427749633789062,0
28.903159519252984,84.48237530536983,25.960912704467773,0.0,5413,23.184999465942383,0
15.636480077262243,74.11572709510214,19.21555519104004,0.2664,341,17.509124755859375,1
21.768290375133684,92.37829715819518,20.74296760559082,0.24480000000000002,231,21.7760009765625,1
24.79336709440617,92.52139878295543,9.088638305664062,0.3096,43,32.113250732421875,0
25.518307528690627,91.96300600234673,3.9616870880126953,0.11880000000000002,1613,22.430999755859375,1
22.36036997889686,91.8236773017798,2.8137753009796143,0.0036000000000000003,21,25.919750213623047,1
24.26084579398012,74.18444821433728,3.8183305263519287,0.057600000000000005,395,14.357375144958496,0
30.30560934082038,79.32856085731932,11.485577583312988,0.0828,947,21.964250564575195,1
27.764814391216724,87.19888072454727,25.973939895629883,0.0,4898,36.74074935913086,1
24.98282178782698,93.50640149199248,31.631744384765625,0.1908,1305,29.5783748626709,1
12.369666715033192,76.78992186439754,7.076623439788818,0.0396,671,25.48900032043457,0
25.735520164390728,90.3851152057908,8.507108688354492,0.20519999999999997,332,23.386625289916992,1
24.24521510803644,94.06910618596496,31.00289535522461,0.1404,1292,26.808000564575195,1
33.43713642126103,75.20259875735834,24.771575927734375,0.036000000000000004,1799,37.430625915527344,1
13.181923394934064,76.11456843379649,4.988916873931885,0.11159999999999999,969,20.74712562561035,1
27.163032982385058,94.00011557214457,1.4379233121871948,0.05040000000000001,93,25.72024917602539,1
24.14172918730587,85.13589967456679,2.834202289581299,0.043199999999999995,452,15.723750114440918,0
26.333259154443855,91.24992332981266,2.188354730606079,0.0684,41,24.30762481689453,1
24.129332436385024,92.69198885540972,16.52867889404297,0.2916,826,26.218250274658203,1
33.142309345013004,81.75967151073198,9.742525100708008,0.0,5127,10.771750450134277,0
26.178569262518476,97.18715853714382,47.3923225402832,0.36,2236,31.575374603271484,0
18.61735968455605,97.41973236420236,15.771677017211914,0.30600000000000005,672,21.41437530517578,0
24.141998681891106,94.10791340623892,29.70720672607422,0.2412,1171,26.808000564575195,1
10.25790714512502,78.75911879871595,0.9714339971542358,0.09720000000000001,84,25.633249282836914,0
32.92860013892097,73.89770597564633,2.2244150638580322,0.028800000000000003,258,25.885875701904297,0
25.621793449421194,96.28866358996747,15.935317039489746,0.0,394,22.85300064086914,1
26.144612944778757,94.24427766636826,16.226058959960938,0.2664,1279,30.072250366210938,1
24.524680992926022,86.19986429707794,0.9559096097946167,0.025200000000000004,354,14.966249465942383,0
6.364788366807839,80.86414100399323,0.9559096097946167,0.2628,49,27.31599998474121,0
30.43038533378458,78.08026193850682,28.076072692871094,0.28440000000000004,1501,26.523876190185547,1
26.66096457009066,74.3469534492345,4.375907897949219,0.054,374,21.949874877929688,0
24.47078207587885,94.02005817145202,17.02031135559082,0.21960000000000002,868,27.150375366210938,0
30.941616561977,86.91240798044154,2.212066173553467,0.0,4725,10.61762523651123,0
33.9607644003743,92.26106701361759,1.4971381425857544,0.0,4607,11.42662525177002,0
34.91315826459782,72.75154550463824,43.72824478149414,0.08639999999999999,1229,18.660749435424805,1
20.560685138691813,82.63202548314044,4.187077045440674,0.0792,280,22.276124954223633,0
32.89087089698795,72.38045146076847,1.1383414268493652,0.028800000000000003,497,20.072500228881836,0
20.211150661640907,96.36654752510063,26.720388412475586,0.2916,506,19.74762535095215,0
33.580777035191744,74.90345976774655,16.75193977355957,0.0828,2222,43.89562225341797,1
27.050114751171233,90.79986737246878,24.325780868530273,0.36,760,22.458250045776367,1
23.94742359135082,93.98017297283712,39.57340621948242,0.28440000000000004,1244,27.474374771118164,0
14.467143071923863,79.11592962956823,5.978678226470947,0.0,94,29.255624771118164,0
26.283133161589987,76.04988973333988,0.9559096097946167,0.0324,286,15.10474967956543,0
23.924247057020537,96.90715366308376,27.378084182739258,0.36,919,22.036874771118164,0
33.126139669898855,75.44810832450821,22.393224716186523,0.07200000000000001,888,32.09375,1
35.00909833694178,96.37058994387917,3.6248788833618164,0.0,4471,13.047124862670898,0
10.322855340166862,76.43203305520433,10.783416748046875,0.2664,42,28.863250732421875,1
30.736261688027277,74.81641301671537,3.62471079826355,0.007200000000000001,201,13.578624725341797,0
31.632061689351264,80.77170436125732,18.338390350341797,0.0,5877,10.744125366210938,0
28.12809309211466,83.38418487053372,51.43299865722656,0.1764,1669,18.865625381469727,1
25.97024994813116,91.85844210327522,12.59033203125,0.1764,285,22.581249237060547,1
35.830248338155435,91.31298506275785,3.0331592559814453,0.0,4939,12.110875129699707,0
31.057768728213656,96.77483182173295,38.06740188598633,0.0,4722,18.0677490234375,0
25.035642726533208,94.01439878516207,29.475297927856445,0.2628,860,29.138750076293945,1
32.284238585622035,72.41386878933771,3.6475071907043457,0.14759999999999998,180,18.928625106811523,0
27.070057350478688,93.6147383152573,2.3491084575653076,0.08639999999999999,199,32.55649948120117,1
26.881141646228354,88.27793704383163,20.531158447265625,0.014400000000000001,1521,24.125,1
33.01187396575885,97.14107496306848,33.488155364990234,0.0,3806,15.755874633789062,1
30.6462504965585,79.5306817962462,36.729286193847656,0.20879999999999999,2074,40.76750183105469,1
30.729254828811147,78.43949822062622,9.579730987548828,0.0,1123,26.933250427246094,1
20.062389650590713,80.21708450484194,0.9559096097946167,0.108,247,25.937625885009766,0
27.99145933740008,84.06519768742473,32.58793258666992,0.17279999999999998,838,23.08049964904785,1
15.30958314537115,76.43957890359093,2.752045154571533,0.0324,455,19.009374618530273,0
29.336237317727004,85.32131194920905,2.391167640686035,0.0,4473,11.687749862670898,0
33.403180103521315,75.68068215156676,30.016935348510742,0.08639999999999999,1677,43.892250061035156,1
22.271436765769028,73.25253593859169,0.9559096097946167,0.010799999999999999,32,17.35325050354004,0
28.306498507540798,85.49971736463519,33.07426071166992,0.0,3523,27.148624420166016,0
35.25110447448358,97.86897983779053,3.0200347900390625,0.0,4512,13.774499893188477,0
25.274414929052178,94.02113614979297,13.76506233215332,0.0,1070,30.164875030517578,1
28.132135510893196,84.4724040057161,12.486533164978027,0.11880000000000002,962,15.284749984741211,1
27.197797783880482,87.08084209621396,18.14856719970703,0.14400000000000002,1716,14.606124877929688,1
25.850863846871672,97.43805799599839,13.277770042419434,0.36,428,21.354249954223633,1
14.29358855903197,79.29999443128432,1.3734873533248901,0.18720000000000003,109,32.26374816894531,0
18.325766543330854,97.57388326695727,13.824355125427246,0.2916,362,19.899499893188477,0
27.730588578891773,91.17635130804327,39.73918914794922,0.0828,2994,21.278749465942383,0
28.213522875634425,84.72761537793446,37.9443473815918,0.32400000000000007,1231,17.004499435424805,1
33.22019328014617,75.79656482321818,38.18754196166992,0.036000000000000004,1065,43.891876220703125,1
20.596797413113418,77.47012619753285,0.9559096097946167,0.021599999999999998,366,23.95862579345703,0
30.978537320154313,77.92260760614386,39.3687858581543,0.108,1576,28.211750030517578,0
26.783584606372973,88.3881603291931,1.4352258443832397,0.18720000000000003,149,24.125,0
30.69449002731572,79.05448486413445,21.061548233032227,0.108,2733,43.844749450683594,1
28.033500492696874,85.21782602847848,27.150310516357422,0.043199999999999995,2070,17.88974952697754,1
24.345736588329416,81.11261501158069,2.8366808891296387,0.05040000000000001,329,17.581501007080078,0
32.561279019244495,76.12373124969452,39.51936721801758,0.18,922,32.44012451171875,1
24.250066010570684,97.3493942774558,2.096100091934204,0.07200000000000001,128,23.6458740234375,0
28.180105547065182,85.11002819438414,28.97016143798828,0.1296,1919,17.88974952697754,1
19.691565101306175,94.20520095150906,17.202037811279297,0.16920000000000002,263,15.274749755859375,0
26.122514388789416,91.7161489622707,16.230552673339844,0.0,72,25.46875,1
29.586597787411115,80.21546753733051,19.44333267211914,0.018000000000000002,1605,28.976125717163086,1
28.4493306377158,82.93062548358176,21.91207504272461,0.054,2484,20.924999237060547,1
35.48260032320118,73.90147889983963,12.448210716247559,0.0,1059,17.667125701904297,1
22.68349398659465,84.63895165939186,3.6444737911224365,0.126,554,15.277125358581543,0
27.364614932141478,69.48931355035819,3.3640239238739014,0.007200000000000001,57,10.205875396728516,0
25.719889478447048,94.62183958028369,47.81672668457031,0.198,1708,29.473875045776367,1
20.39117304457846,73.00190597432234,2.038959503173828,0.057600000000000005,29,19.197750091552734,0
29.410887317837336,68.90046788161784,4.892427921295166,0.0,733,19.95662498474121,0
32.58176060772242,78.32415453814528,30.238262176513672,0.0,5776,13.057999610900879,0
28.368482262145044,82.37304118672878,28.04796028137207,0.1548,2043,19.490375518798828,1
27.011577025482506,92.6421323571411,33.69023513793945,0.29519999999999996,208,27.96150016784668,1
25.662217637206574,94.1071049224832,11.884430885314941,0.0,1382,30.916873931884766,1
28.218373778168672,85.35742422363066,56.14305114746094,0.108,1685,21.696250915527344,1
27.91680933728975,84.25007097289652,22.64957046508789,0.21960000000000002,908,23.421499252319336,1
33.11697685400083,85.03133577549526,15.820404052734375,0.0,5001,9.666250228881836,0
26.8717093357451,94.99212514039776,10.618151664733887,0.3132,283,29.22075080871582,1
29.579860422780218,80.50463522728859,23.825754165649414,0.1368,1391,23.342750549316406,1
30.7672535653294,91.47764625433696,28.212026596069336,0.0,5234,13.975749969482422,0
24.759410776666453,97.56337297813306,12.710545539855957,0.09,286,30.65475082397461,1
24.707398321715935,91.98214011789848,2.1814074516296387,0.014400000000000001,12,24.129125595092773,0
19.069032609411348,72.87039261672724,2.2363831996917725,0.0,1,28.17387580871582,1
30.14822450304264,74.52859279968348,1.461246132850647,0.021599999999999998,194,13.987625122070312,0
26.49360843265919,91.72126935939016,2.189077138900757,0.126,60,19.983125686645508,1
31.490846526687676,86.54805130120268,17.4764461517334,0.0,5441,10.417499542236328,0
25.219168539078826,90.55489679448938,6.089916706085205,0.2412,271,19.38599967956543,1
24.216918176586674,89.72242802069583,5.7169413566589355,0.0,13,23.238500595092773,0
34.6010835348947,83.5968160982848,12.41720199584961,0.0,5334,10.294374465942383,0
30.28351078483104,79.24986843843044,24.892210006713867,0.2772,862,23.86425018310547,1
35.011523788208905,85.01408812204018,1.5084065198898315,0.0,5004,9.996000289916992,0
15.309313650785914,76.214550924919,1.9112874269485474,0.007200000000000001,521,20.333499908447266,0
19.78804416282061,78.21096681234621,12.238391876220703,0.04680000000000001,404,25.910625457763672,0
22.893969257663855,91.53262314972507,1.037631869316101,0.0,9,25.082500457763672,1
29.921579556859285,87.76481935354256,32.94100570678711,0.0,4454,11.28950023651123,0
35.44055916790439,81.68906392940018,2.86560320854187,0.0,5632,30.974374771118164,0
28.028110600992157,87.79015184455473,6.998786449432373,0.0,5282,12.330499649047852,0
23.286353373767263,80.2310982232742,9.527667999267578,0.0684,555,24.07349967956543,0
18.96204325907271,78.98226031529124,21.876924514770508,0.1368,267,29.2658748626709,0
33.31909779292773,75.1931664468751,46.978824615478516,0.0828,1280,37.430625915527344,1
34.180132992756285,74.2717644599537,1.1554419994354248,0.0,1589,43.8853759765625,1
20.86063261205932,92.48905943272713,1.3999305963516235,0.1908,46,19.66550064086914,1
27.102666195292226,88.12189967898007,25.47761344909668,0.2592,1118,23.358999252319336,1
20.217079542516096,79.66542908886413,0.9559096097946167,0.17279999999999998,200,23.02812385559082,0
29.84100067587376,75.34004099582864,2.205812931060791,0.010799999999999999,209,13.460749626159668,0
26.882219624569295,87.91250238625182,5.815219879150391,0.014400000000000001,782,25.038875579833984,1
28.203821070565937,83.98057638766066,1.084664225578308,0.0,831,14.130374908447266,1
27.94483677415428,83.51084732559457,40.95026397705078,0.24480000000000002,795,22.87612533569336,1
28.720711685048308,72.36967167735902,0.9559096097946167,0.0,134,16.15337562561035,0
26.251871789702626,69.18882708782021,1.065818428993225,0.0,41,9.795000076293945,0
21.23280463427004,92.19908325901335,11.541050910949707,0.23760000000000003,64,21.356374740600586,1
8.56952356862238,80.97544226769563,12.312332153320312,0.36,104,27.993249893188477,0
33.87776006812166,74.33320922538748,21.520431518554688,0.08639999999999999,2711,43.88887405395508,1
28.507002478956274,70.09540687255364,3.7770309448242188,0.043199999999999995,87,11.104249954223633,0
6.334604973261423,80.88084966827785,4.061617374420166,0.2592,62,27.31599998474121,0
25.48569868387709,70.87774965349332,12.631745338439941,0.028800000000000003,188,11.168874740600586,0
29.75610988152447,77.81885219082804,1.101059913635254,0.09720000000000001,257,16.6146240234375,0
27.513914932362145,87.80847747635077,30.911697387695312,0.33480000000000004,2201,21.979875564575195,1
25.515073593667797,85.90584570458563,0.0,0.04680000000000001,46,22.254749298095703,0
29.53889724582437,80.99619335075879,32.461891174316406,0.1764,2427,36.924373626708984,1
29.64346114489588,86.20498469419742,18.297014236450195,0.0,5156,10.548125267028809,0
26.85527016604571,79.40267186825918,1.435731053352356,0.021599999999999998,143,21.871999740600586,0
26.166172511597626,91.71372351100356,27.51055145263672,0.1296,153,25.46875,1
26.85715662814236,88.31431881283848,16.15052604675293,0.18,1077,24.125,1
33.01079598741791,74.93957204216815,44.2034797668457,0.23760000000000003,1431,33.30787658691406,1
15.541887477844458,73.92142149914709,12.95064640045166,0.18,10,13.773624420166016,1
28.045897243617723,83.6695796362985,14.392969131469727,0.2628,778,15.446000099182129,1
28.220260240265322,84.17757692946807,4.768948078155518,0.2484,1103,14.384749412536621,1
30.90388732004398,77.09687619698119,19.97627830505371,0.0324,1445,24.901750564575195,1
30.135019268366083,78.3896417223576,2.4072251319885254,0.025200000000000004,372,24.33387565612793,1
27.866413849850645,83.1036410073032,34.81333541870117,0.32400000000000007,1240,24.75149917602539,1
35.556980828726275,82.60211158417926,19.985504150390625,0.0,5389,12.044750213623047,0
29.18316439331304,81.5998612216871,22.093225479125977,0.05040000000000001,1637,20.06712532043457,1
33.027235157117296,74.94657890138429,30.342185974121094,0.1836,1753,33.30787658691406,1
24.66993857436815,75.8801081446413,1.9112874269485474,0.0,356,19.36287498474121,0
31.70778966780254,76.93275399457255,2.246300458908081,0.0,767,22.846500396728516,1
26.97869868608373,81.71224046373047,1.4366058111190796,0.0324,101,21.114500045776367,0
24.053604457933748,92.50415112950033,27.99129867553711,0.21960000000000002,691,26.218250274658203,0
25.852750308968325,80.38902205022241,1.428847312927246,0.021599999999999998,112,18.152624130249023,0
23.76066384378237,85.89641339410237,7.348767280578613,0.1296,247,18.068750381469727,0
35.28559978139377,73.16414171463434,41.35569381713867,0.2592,2491,21.78274917602539,1
33.665937324126276,85.45174732846321,8.063775062561035,0.0,5104,9.398750305175781,0
27.125034245866804,93.77050618552363,30.28433609008789,0.1908,157,20.94824981689453,1
31.765461509043014,68.18307329571999,3.5017614364624023,0.0,2112,19.56624984741211,1
28.23993334498754,83.22653053817073,10.020014762878418,0.198,902,16.671749114990234,1
9.698975375345855,76.81687132292113,4.865661144256592,0.20160000000000003,52,26.941499710083008,1
6.990015804555026,81.05682963243686,3.4506852626800537,0.0,676,29.414125442504883,1
31.957880642901415,77.11035092624297,9.165213584899902,0.018000000000000002,1230,27.557498931884766,1
27.794728290177904,84.85670328426244,20.99492073059082,0.3096,548,23.264249801635742,1
24.866939116175562,92.35754607513202,2.106428861618042,0.0,20,31.087499618530273,1
7.423632592199519,80.61027710470104,8.776212692260742,0.36,442,33.84674835205078,1
34.225677577661145,73.67294749155963,31.540157318115234,0.108,1263,28.457250595092773,1
27.478072152525773,88.52695004058957,24.419137954711914,0.2628,748,22.061124801635742,1
34.14159526706756,77.48710435640271,10.063838005065918,0.0,3190,18.047000885009766,1
26.184498143393665,91.78972098404007,6.095820426940918,0.0,61,26.14287567138672,1
25.031869802339905,92.45833705001024,21.682598114013672,0.126,87,27.387001037597656,1
25.57463189700492,89.98976664924979,3.7049520015716553,0.2592,46,21.92850112915039,0
35.081592380370225,72.97576499955447,49.21772384643555,0.043199999999999995,1161,26.805875778198242,1
22.47167124259927,83.06941519497823,0.9559096097946167,0.0648,302,15.737500190734863,0
28.231848507430463,82.35282909283609,25.349197387695312,0.2808,1580,16.20537567138672,1
19.301875931055125,75.44298792738874,1.3925540447235107,0.014400000000000001,472,25.361000061035156,0
30.41286818574425,78.0837653681149,25.19325828552246,0.2124,1115,26.523876190185547,1
33.235823966089846,75.24383142889944,37.8400993347168,0.025200000000000004,733,33.29574966430664,1
30.14957197596882,92.81299192418062,36.08195495605469,0.0,5257,14.955249786376953,0
27.274334246087466,92.90650654525747,16.352806091308594,0.36,646,21.67562484741211,1
25.834424677172287,85.71962494618765,2.855675458908081,0.010799999999999999,48,23.086124420166016,0
34.693250683045356,86.23193415272101,29.923246383666992,0.0,5364,9.320499420166016,0
14.782182242064579,74.22783684256027,21.44169044494629,0.34559999999999996,205,17.36924934387207,1
30.459490748990053,89.1818218827127,2.4139404296875,0.0,4951,10.597749710083008,0
30.40397486443147,79.32748287897837,30.536479949951172,0.0792,1091,21.964250564575195,1
31.012493637894032,78.88443378085063,31.82102394104004,0.16200000000000003,3011,17.38912582397461,1
30.432541290466467,78.07675850889876,24.745101928710938,0.3024,1427,26.523876190185547,1
26.964415473066232,92.78253903604897,12.929787635803223,0.2592,172,24.6252498626709,1
19.339874667573383,73.77454695019355,46.5629768371582,0.18720000000000003,628,19.048749923706055,1
22.88184200132824,92.04547134542891,4.768948078155518,0.3096,50,21.399625778198242,0
30.65945573123506,79.56059569520738,50.93874740600586,0.108,3305,40.76750183105469,1
27.985260961939655,94.21274679989567,23.644811630249023,0.17279999999999998,314,27.827125549316406,1
26.95983406511722,86.55990906295305,44.52529525756836,0.3096,1319,21.339000701904297,1
18.76234777141294,73.37461698570354,23.6925048828125,0.09720000000000001,507,20.07525062561035,1
23.614597778584535,72.23222943888874,0.0,0.0324,69,18.402999877929688,0
22.62393568325753,91.67437730155913,17.456340789794922,0.2628,32,24.80987548828125,1
30.646789485728974,84.94455851904932,4.435934066772461,0.0,4763,9.845624923706055,0
31.084987681322477,77.16640579997204,38.82286071777344,0.18720000000000003,1810,20.711999893188477,1
35.302847434848864,85.42722332120674,3.637050151824951,0.0,5036,10.164250373840332,0
33.93381494185071,74.99859135633481,0.0,0.0,1590,42.79912567138672,1
33.7683452665159,85.74199299676222,3.6713156700134277,0.0,4741,9.52762508392334,0
27.883392008720502,96.9262877786355,46.482852935791016,0.23760000000000003,977,30.181875228881836,1
33.14635176379154,75.74536085202337,35.69199752807617,0.234,1252,43.89250183105469,1
35.47801891525217,74.50487727618273,15.957730293273926,0.0,1210,26.298500061035156,1
30.123700495786178,87.71792729571152,35.19060134887695,0.0,5203,10.708749771118164,0
29.60950482715616,79.66273414301178,23.65676498413086,0.09720000000000001,1488,27.20599937438965,1
31.708328656973013,76.9316760162316,4.4267120361328125,0.0,766,22.846500396728516,1
33.95133208989105,74.98457763790255,1.152327060699463,0.0,1597,42.79912567138672,1
31.824480823209665,77.47012619753285,40.90104293823242,0.0,3672,43.79125213623047,1
34.67303858915267,75.48314262058888,0.9559096097946167,0.0,3368,19.024999618530273,0
21.96771636820822,92.56128398157034,21.34864044189453,0.1836,728,21.776874542236328,0
26.596555364219288,74.16369713127412,1.9112874269485474,0.007200000000000001,333,21.924875259399414,0
33.398868190157536,90.08947964578707,0.0,0.0,4933,10.490124702453613,0
27.256008614291428,90.52579137928392,40.654998779296875,0.36,1664,21.499500274658203,1
27.189712946323407,97.2283912086849,22.394575119018555,0.36,849,29.19300079345703,0
28.916634248514775,81.65376013873428,21.10611915588379,0.054,857,20.214500427246094,0
16.822525746885248,77.71240182965988,4.8464155197143555,0.010799999999999999,443,20.846874237060547,0
15.34919884940082,77.87948847250611,9.551055908203125,0.018000000000000002,488,21.725250244140625,0
30.135558257536555,95.39663651283678,20.182601928710938,0.18,4095,40.46662521362305,0
34.68408786714734,88.78889877743882,7.503149509429932,0.0,4878,9.762374877929688,0
27.802543633149746,87.80578253049842,17.0296573638916,0.0,5677,42.93724822998047,0
27.51364543777691,87.64085184433407,37.34785461425781,0.36,2431,24.105249404907227,1
34.42160014112761,80.66902692428246,11.816808700561523,0.0,5609,13.363250732421875,0
29.577434971513096,73.00028900681093,0.9559096097946167,0.018000000000000002,152,16.752124786376953,0
33.38835790133334,83.69814606233349,12.53500747680664,0.0,4896,9.706375122070312,0
32.93884093315993,95.17969337172191,37.863643646240234,0.0,4615,15.115625381469727,0
25.273336950711233,93.69693416375424,21.34531593322754,0.36,604,29.660249710083008,0
30.61795356510874,78.32334605438957,48.457977294921875,0.061200000000000004,893,26.933250427246094,1
13.59371112117445,76.71931428306576,1.9663290977478027,0.036000000000000004,742,22.149999618530273,0
19.986931166724673,97.84661178721595,29.785118103027344,0.36,720,27.045625686645508,0
35.76476115394312,73.60746030734732,24.889467239379883,0.0,3979,20.5310001373291,0
27.46405843409351,94.27715600576703,3.5826292037963867,0.0,105,25.732376098632812,0
25.155567816963163,93.84731214231584,46.78105163574219,0.36,1381,30.600000381469727,1
26.198511861825928,94.81587568165351,26.513755798339844,0.36,1871,31.743499755859375,1
34.55607793916031,91.16476304087813,2.3203225135803223,0.0,4909,7.26324987411499,0
32.75720158271096,77.41380182921856,9.63964557647705,0.0,4890,13.095999717712402,1
34.38656584504695,76.34148287456507,25.260662078857422,0.0,3266,18.547374725341797,1
28.66735175717161,77.79648414025347,1.9112874269485474,0.025200000000000004,206,18.389625549316406,0
22.167142361282753,81.76209696199909,3.0938849449157715,0.021599999999999998,291,12.860875129699707,0
27.631414571524978,85.0811922737639,8.247448921203613,0.036000000000000004,1785,21.087499618530273,1
31.598644360782018,78.43842024228528,53.54574203491211,0.0,2295,28.33712387084961,1
21.300717269749473,95.2171531190697,2.802617073059082,0.025200000000000004,122,21.283750534057617,0
16.655978093209487,73.51771861046377,5.327730178833008,0.2412,98,17.772249221801758,1
34.43992577292365,92.52166827754067,3.0023317337036133,0.0,4735,12.128000259399414,0
21.464030988402403,83.94608108075047,5.1225080490112305,0.04680000000000001,155,21.81599998474121,1
27.08164561764383,88.43963379497315,23.291107177734375,0.36,249,18.95075035095215,1
6.931535479558845,81.17513775535541,15.298956871032715,0.3276,662,29.414125442504883,1
23.729941461065483,92.71489589515477,24.004169464111328,0.09360000000000002,980,20.777124404907227,1
33.32152324419485,75.19828684399458,37.51424789428711,0.036000000000000004,1199,37.430625915527344,1
23.74179922281586,92.71408741139906,16.65648078918457,0.0324,934,20.777124404907227,1
31.225394360230357,90.9451249539109,2.430246353149414,0.0,4994,10.851875305175781,0
22.800454636587013,97.31705492722749,34.80059051513672,0.2916,866,26.051876068115234,0
21.56374398493967,71.97647907749992,2.8053200244903564,0.061200000000000004,124,16.58049964904785,0
22.64603423924687,88.34019029302111,0.9559096097946167,0.0,10,28.52574920654297,1
25.3054068063543,69.13708412745493,1.9112874269485474,0.018000000000000002,13,11.05987548828125,0
22.908252470681358,92.47208127385727,17.713268280029297,0.33840000000000003,178,21.241498947143555,1
30.898766922924498,78.33978522408896,61.696773529052734,0.17279999999999998,1821,26.783248901367188,1
27.028555184352367,89.57231953671945,45.01874923706055,0.2808,2088,22.756376266479492,1
20.425937846073882,79.16740309534828,0.0,0.018000000000000002,238,21.79050064086914,0
34.56766620632545,73.15417041498061,26.998197555541992,0.054,1631,22.486499786376953,1
19.133980804453188,97.48414157007372,5.7169413566589355,0.23040000000000002,280,21.74012565612793,0
9.94313746956954,76.37382222479339,3.061736583709717,0.0,13,28.644874572753906,1
34.798084076702104,71.38224351705485,16.059619903564453,0.1296,1094,21.222000122070312,1
27.28241908364454,74.40920669842399,5.362569332122803,0.018000000000000002,350,11.75837516784668,0
29.138967281334356,81.77287674540852,25.524826049804688,0.0396,1516,23.563875198364258,1
30.031263853050277,85.72366736496619,25.627357482910156,0.0,5932,5.904874801635742,0
30.015902661691833,95.46104571870815,57.808815002441406,0.0,4532,40.46662521362305,0
13.06577122869741,79.11997204834677,5.665155410766602,0.2988,389,31.969749450683594,0
11.343161839869815,76.82845959008627,55.5550422668457,0.1548,1220,29.438125610351562,1
25.143171066042314,96.207006730641,5.987026691436768,0.36,243,20.716625213623047,0
33.338770897649944,75.19208846853415,18.438608169555664,0.043199999999999995,1235,37.430625915527344,1
33.907943461668076,73.93381825006794,32.39415740966797,0.34199999999999997,2243,31.05412483215332,1
25.380595795635102,76.02563522066866,2.849712610244751,0.0036000000000000003,234,20.274625778198242,0
23.357230449684295,92.7879289277537,9.089387893676758,0.18,1367,27.392000198364258,1
27.322034787674212,88.60860689991603,33.423824310302734,0.20879999999999999,1509,22.061124801635742,1
28.41160139578278,84.79418054048772,35.100990295410156,0.0,4257,36.63087463378906,1
29.725118004222345,74.246970958112,1.1007198095321655,0.007200000000000001,182,16.262248992919922,0
30.12289201203047,71.70671499767882,2.4069762229919434,0.018000000000000002,130,11.609874725341797,0
28.64067179323326,71.227014635959,3.400805711746216,0.0,100,15.86312484741211,0
6.519747753318456,80.15402277189673,4.272995471954346,0.2556,52,29.313751220703125,1
30.632506272711474,78.99519605538256,20.490541458129883,0.061200000000000004,1891,33.0317497253418,1
32.331939127208784,82.97697855224234,5.099579334259033,0.0,4673,10.755125045776367,0
28.942775223282652,82.33531194479576,62.68080139160156,0.061200000000000004,2953,21.787750244140625,1
18.175658059354483,94.74688506783313,18.344051361083984,0.3024,471,17.179750442504883,0
29.546712588796208,92.69576177960303,8.154104232788086,0.0,5133,10.36050033569336,0
14.967864011292084,76.41316843423782,2.749751091003418,0.018000000000000002,630,17.882625579833984,0
17.272042715058657,82.38139551887109,2.1572248935699463,0.021599999999999998,29,17.7447509765625,0
6.976271580707997,80.77466880169492,25.54555320739746,0.061200000000000004,1948,29.14525032043457,1
22.236671964273604,69.38690560796857,0.9559096097946167,0.018000000000000002,26,13.365249633789062,0
30.87532089400898,77.00012764088152,33.83998107910156,0.1296,1178,24.901750564575195,1
25.229678827903022,74.99832186174957,1.0566915273666382,0.11880000000000002,359,13.85949993133545,0
31.587056093616876,78.31499172224726,31.86937713623047,0.1836,2796,28.33712387084961,1
20.156173766252792,95.49608001478882,3.5993332862854004,0.0648,138,17.89437484741211,0
27.261398505996144,86.7722707961189,21.0178279876709,0.057600000000000005,2155,20.00237464904785,1
28.029997063088807,84.29453757946044,21.845529556274414,0.36,697,15.284749984741211,1
23.697871605422417,80.58521410827412,0.9559096097946167,0.0396,443,26.35300064086914,0
32.8318515828213,75.73026915525016,17.139039993286133,0.061200000000000004,3270,43.89887619018555,1
12.804091986433392,74.86788648249542,6.419078826904297,0.043199999999999995,41,29.38312530517578,1
27.993884788667202,84.09403360804497,9.994071006774902,0.1836,461,23.08049964904785,1
16.714727912790906,80.50463522728859,5.0683369636535645,0.34199999999999997,310,18.47487449645996,0
6.806489992009408,80.97786771896276,27.51820182800293,0.2124,1326,29.14525032043457,1
24.59582756342829,72.71678070314282,7.865012168884277,0.043199999999999995,1176,25.371999740600586,1
31.20248732048531,97.22946918702584,36.29451370239258,0.22319999999999998,3593,19.46324920654297,1
26.1028412840672,86.17210635479866,2.8592753410339355,0.057600000000000005,46,21.41349983215332,0
35.295032091877026,78.0560074258356,10.463128089904785,0.0,5266,11.774374961853027,0
29.565846704347955,80.3655760213069,15.079682350158691,0.10080000000000001,556,29.013750076293945,1
35.44433209209769,73.26062077614877,32.49209213256836,0.1332,2056,26.762374877929688,0
25.538519622583316,82.32776609640916,5.614031791687012,0.021599999999999998,87,23.19099998474121,0
24.6041818955706,69.17238791812083,1.4208041429519653,0.021599999999999998,5,13.45324993133545,0
33.44953317218188,86.2874500372796,5.390519142150879,0.0,5094,9.779624938964844,0
15.027422314629208,74.16234965834795,15.674654006958008,0.2556,198,16.29224967956543,1
32.143831906714155,94.54934553685524,11.08914852142334,0.0,4912,18.30900001525879,0
27.058738577898783,93.54143578807314,10.8659029006958,0.36,504,32.55649948120117,1
33.121827756535076,75.40849262047854,36.53706359863281,0.0648,1110,32.09375,1
21.76343947259944,70.04339441760311,0.0,0.010799999999999999,87,16.347373962402344,0
26.10607521909003,91.87164733795179,5.392232894897461,0.36,246,26.14287567138672,1
33.42096674614688,75.20448521945501,31.796510696411133,0.028800000000000003,1629,37.430625915527344,1
24.704164386693105,94.60135799180577,15.714962005615234,0.36,248,25.246749877929688,0
23.229490016282497,82.41939425538935,4.880058288574219,0.126,670,18.12874984741211,0
27.0536181807793,88.42562007654088,29.314237594604492,0.28800000000000003,242,18.95075035095215,1
32.67419725045832,73.2352882851366,2.86560320854187,0.025200000000000004,207,23.03474998474121,0
28.560901396003445,70.14364640331085,1.4483674764633179,0.0396,83,11.104249954223633,0
25.52127196912822,90.23204228137683,15.511290550231934,0.36,583,23.07149887084961,1
27.29751078041775,73.35359640805514,1.9112874269485474,0.021599999999999998,310,12.419124603271484,0
28.255564030931218,68.21891607555636,1.446016550064087,0.0,56,11.261249542236328,0
7.021007681857149,80.59141248373453,15.728425979614258,0.36,1008,28.407625198364258,1
24.324177021510547,93.15012965031067,29.09039306640625,0.36,579,29.093250274658203,1
27.586139481205354,80.13057674298122,2.358248472213745,0.021599999999999998,142,21.3075008392334,1
27.479958614622426,77.30762096263562,3.966571807861328,0.0,178,21.58362579345703,0
18.283455893448824,73.1503974907873,7.667865753173828,0.1332,44,20.748125076293945,0
34.80320447382159,74.21355362954276,52.90517044067383,0.14400000000000002,2138,28.53962516784668,1
22.99772467297966,84.29238162277855,5.516418933868408,0.0396,732,17.71150016784668,0
34.78487884202555,73.52068305090137,10.734172821044922,0.010799999999999999,2052,23.60325050354004,1
28.585155908674672,71.44395777707386,1.9112874269485474,0.0,109,15.747374534606934,0
33.3339199951157,75.76260850547845,3.6641387939453125,0.007200000000000001,1608,43.88850021362305,1
30.66700157962166,78.31202728180966,21.64482307434082,0.057600000000000005,1668,26.933250427246094,0
27.00618713377779,80.01146013630698,3.3541259765625,0.0324,126,22.006250381469727,0
34.161807360960246,77.55286103520025,18.485557556152344,0.0,3653,19.78537368774414,1
33.24067486862409,75.23736355885377,15.078840255737305,0.018000000000000002,700,33.29574966430664,1
35.32629346376439,84.41311519696421,2.2413387298583984,0.0,4811,10.623125076293945,0
24.951829910524857,94.2033144894124,4.768948078155518,0.021599999999999998,917,28.209625244140625,1
20.965735500301303,76.59211283883442,2.258568048477173,0.018000000000000002,256,20.586000442504883,0
29.59144868994536,82.17011176404618,45.723236083984375,0.04680000000000001,2745,25.92150115966797,0
34.11680176522586,69.50871716049518,2.9954938888549805,0.0,2703,43.63825225830078,0
25.178744351293446,92.01286250061537,0.0,0.0,12,24.667499542236328,1
34.079611512463316,74.0356872032871,22.11754035949707,0.036000000000000004,1311,43.88800048828125,1
17.38226600042012,75.15435922660113,4.146878719329834,0.010799999999999999,503,19.523250579833984,0
32.59011493986473,70.06522347900722,29.587045669555664,0.05040000000000001,1279,23.25925064086914,0
34.560928841694555,73.8629411741509,10.462016105651855,0.07200000000000001,1334,43.850250244140625,1
22.80449705536555,91.91261051490763,1.4101873636245728,0.2124,33,26.005125045776367,1
27.087574498519018,88.45715094301347,24.139747619628906,0.1332,263,18.95075035095215,1
26.16186059823385,91.76977838473262,3.056487798690796,0.0,55,26.14287567138672,1
35.80249039587614,74.98323016497636,12.291647911071777,0.0,3702,36.06399917602539,1
22.41238243384738,71.93794135181119,3.2428245544433594,0.0036000000000000003,22,16.75287437438965,0
25.00303388171967,73.81012023544469,4.211811065673828,0.036000000000000004,562,18.178874969482422,0
32.247317827444725,78.03687331028385,3.5188052654266357,0.0,3659,14.744250297546387,1
26.083707168515453,94.56389824445799,17.618471145629883,0.2592,1835,31.596250534057617,1
20.854973225769367,77.7274935264331,1.0229134559631348,0.0,342,25.4635009765625,1
23.6428947100343,81.75994100531722,14.461161613464355,0.3096,542,22.016124725341797,0
35.75209490843704,93.4072274846257,2.540879964828491,0.0,4989,13.838250160217285,0
21.780687126054534,86.49765581376357,5.601746082305908,0.36,857,23.071624755859375,0
33.31505537414919,76.49913720692805,54.96501159667969,0.014400000000000001,3793,21.540874481201172,0
17.025994158738317,77.08124551103751,0.0,0.014400000000000001,427,21.438249588012695,0
33.365989850758766,70.76078900350096,0.0,0.054,936,18.180999755859375,1
34.581679924757715,70.6745507362255,2.3210361003875732,0.0648,620,19.303125381469727,0
30.026143455930796,78.62787493570609,29.210697174072266,0.126,493,25.58625030517578,1
30.981501760591907,91.34694138049757,3.4749040603637695,0.0,5038,13.975749969482422,0
30.90577378214063,78.09050273274579,19.192733764648438,0.021599999999999998,1553,27.413375854492188,1
30.736261688027277,78.4400372097967,35.17888641357422,0.07200000000000001,1691,26.933250427246094,1
21.358389110989947,78.97094154271133,3.5226194858551025,0.018000000000000002,308,24.06825065612793,0
34.89402414904607,72.94531211142282,24.377914428710938,0.21960000000000002,1538,18.660749435424805,0
18.76315625516865,73.34712853800949,55.058624267578125,0.07200000000000001,347,20.07525062561035,1
17.935538383909336,77.90374298517735,2.1589343547821045,0.010799999999999999,565,28.365875244140625,0
28.382495980577307,73.19944550530023,1.0864861011505127,0.0,198,13.885250091552734,0
33.21210844258909,97.8237047474709,19.886568069458008,0.0,4649,14.578999519348145,0
30.95293533455691,71.31217492489353,0.9559096097946167,0.043199999999999995,146,14.260000228881836,0
29.566924682688896,91.30543921437125,40.968441009521484,0.0,4740,12.63337516784668,0
17.729914015374376,94.91558867819077,10.94652271270752,0.20879999999999999,239,22.17537498474121,0
30.96964399884153,87.45786502095892,0.0,0.0,4691,10.26675033569336,0
28.561709879759153,93.00810600389138,34.08757019042969,0.0,4787,23.427623748779297,0
34.26879671129888,75.14950832406689,8.081954002380371,0.0,2211,29.205875396728516,1
21.48936347941457,83.40897837237542,6.661805152893066,0.20879999999999999,249,22.13887596130371,0
24.8281318959016,78.23171789540937,2.3122243881225586,0.021599999999999998,352,12.965749740600586,0
34.15857342593742,74.47253792595441,1.4992105960845947,0.0396,1652,43.8853759765625,1
28.433430457186883,83.12008017700258,28.631553649902344,0.18,2180,18.236499786376953,1
15.886571052361118,75.39474839663151,1.3788254261016846,0.007200000000000001,559,20.5677490234375,0
35.5413501427826,74.64636193343155,36.250267028808594,0.0,1813,29.367374420166016,0
24.25949832105394,75.23412962383095,2.1796092987060547,0.010799999999999999,434,18.270000457763672,0
22.13345553812827,96.46679951080837,16.10617446899414,0.28440000000000004,1277,28.511375427246094,1
29.0295524797286,95.02877640398984,25.205585479736328,0.36,1621,22.970375061035156,0
29.766889664933903,78.9429141058468,3.8116648197174072,0.22319999999999998,1822,26.43000030517578,0
22.994760232542067,86.27774823221111,0.0,0.021599999999999998,247,17.288249969482422,0
21.7984737686801,87.79230780123662,2.0583553314208984,0.0396,2,20.403499603271484,0
34.04026530301888,75.31551698857217,40.02981948852539,0.14759999999999998,2537,26.737749099731445,1
20.155904271667556,74.40543377423069,3.5993287563323975,0.010799999999999999,604,21.677875518798828,0
27.21423695357987,70.884217523539,3.3598484992980957,0.0,180,15.48175048828125,0
34.14833263169846,77.59705814717894,26.664936065673828,0.0,3565,19.78537368774414,1
17.93203495430127,73.80311337622855,39.520084381103516,0.09720000000000001,1176,17.774124145507812,0
27.040412946102744,89.90622332782668,16.925193786621094,0.21960000000000002,1366,23.745500564575195,1
33.63036403887514,74.48385669853432,53.61684036254883,0.0,2810,46.7547492980957,1
32.61868136589973,75.3502817900676,8.833224296569824,0.10439999999999999,763,24.113750457763672,1
34.802934979236355,73.54305110147595,33.4578857421875,0.0684,3248,23.60325050354004,0
28.194927749253154,95.73296575521113,8.663494110107422,0.0648,216,23.58824920654297,0
33.20132865917966,91.0262428240669,5.828479290008545,0.0,5420,17.35099983215332,0
28.528562045775143,69.10178033678903,1.4481165409088135,0.0,88,17.143749237060547,0
7.020468692686678,80.5911429891493,11.122509002685547,0.28800000000000003,999,28.407625198364258,1
17.839598311565368,76.08465453483531,1.9112874269485474,0.014400000000000001,521,21.381250381469727,0
28.661961865466893,82.07228522960557,29.409042358398438,0.108,925,17.65049934387207,0
22.272245249524737,95.4524218919806,4.910146236419678,0.025200000000000004,155,22.801374435424805,0
34.57251710885969,80.12356988376509,4.464736461639404,0.0,5084,12.734375,0
22.535541459300166,76.73386699066849,2.8156895637512207,0.014400000000000001,288,22.46700096130371,0
29.97952089268499,69.04949838725328,14.899828910827637,0.0,1098,19.144500732421875,0
22.350398679243135,91.83257062309258,6.49260950088501,0.2268,38,25.919750213623047,1
29.280182443997948,69.72646878536575,4.3755879402160645,0.0,766,18.025625228881836,0
22.170915285476053,75.70224171838564,0.0,0.0396,171,18.61199951171875,0
24.981743809486037,76.39699875912366,2.182533025741577,0.0324,260,19.570249557495117,0
28.212444897293484,83.86199877015689,38.68148422241211,0.36,1406,14.130374908447266,0
9.0416780819556,78.14979154149768,3.0241458415985107,0.007200000000000001,23,26.32437515258789,0
31.06666204952644,69.73239766624094,21.59683609008789,0.0,2117,19.690250396728516,0
28.066378832095648,80.2340626637118,1.9112874269485474,0.061200000000000004,156,24.336376190185547,0
29.95311042333188,78.15140850900909,5.250048637390137,0.18,308,18.789125442504883,1
28.636359879869485,77.39574569200775,5.0171284675598145,0.0,205,28.31487464904785,1
24.745936047404662,69.00071986732559,2.86560320854187,0.014400000000000001,12,13.45324993133545,0
26.140570526000218,91.76438849302791,3.963174343109131,0.0324,60,26.14287567138672,1
33.775082631146795,74.09335904452756,8.335165977478027,0.021599999999999998,1035,29.457874298095703,1
29.03979327396756,81.71897782836136,30.809938430786133,0.3168,2726,20.06712532043457,1
23.35534398758764,92.89599625643326,3.8183305263519287,0.36,986,27.392000198364258,0
25.083073773534718,94.23754030173737,16.514066696166992,0.1836,1656,29.138750076293945,1
22.00005571843652,92.3332915624608,11.152804374694824,0.20160000000000003,219,22.611125946044922,1
27.86668334443588,83.48335887790051,12.014799118041992,0.10439999999999999,1425,24.520750045776367,1
35.10180447426291,71.14481878746206,12.11126708984375,0.10439999999999999,2880,20.321874618530273,0
21.060867088889562,94.37067062684388,5.186379909515381,0.32400000000000007,349,17.348499298095703,0
33.855931006717555,80.8053911844118,3.57879376411438,0.0,4897,12.04699993133545,0
34.64258570102102,82.36953775712071,5.996894836425781,0.0,5442,10.839250564575195,0
30.012129737498533,78.19695309391395,3.070211172103882,0.2628,348,19.36199951171875,1
32.44620483134879,79.10730580284067,39.785526275634766,0.0,5848,13.350000381469727,0
27.739481900204556,83.57552602605118,37.73890686035156,0.28800000000000003,1042,22.60387420654297,1
35.37803642412967,68.9099001921011,11.430533409118652,0.0,3059,20.347875595092773,0
28.600786594618352,76.80043215322175,1.44867742061615,0.014400000000000001,212,21.288375854492188,0
26.04813388326432,94.46202929123884,30.415332794189453,0.30600000000000005,865,30.549875259399414,1
25.49917341313888,94.11923217881882,11.901674270629883,0.28440000000000004,1944,30.164875030517578,1
33.330686060092866,71.27228972627861,4.567121982574463,0.0,550,20.224000930786133,1
18.312291814069063,80.96816591389427,3.50014328956604,0.20160000000000003,145,20.82637596130371,0
33.01268244951456,71.52884857142315,23.884273529052734,0.036000000000000004,390,22.523874282836914,0
24.797948502355183,92.99732622048195,0.0,0.036000000000000004,27,33.76937484741211,1
25.305676300939535,93.12641412680992,18.570541381835938,0.05040000000000001,309,28.093374252319336,1
28.612105367198257,81.64648378493291,24.66463279724121,0.23040000000000002,1013,20.595375061035156,1
27.374586231795206,88.76491375935282,6.705563545227051,0.036000000000000004,3747,28.606624603271484,1
24.54192864638112,95.72784535809164,8.233954429626465,0.34559999999999996,767,27.160999298095703,0
25.98615012866007,85.1127231402365,1.4297409057617188,0.010799999999999999,50,23.668498992919922,0
26.169945435790925,91.79861430535286,1.0650686025619507,0.29519999999999996,144,26.14287567138672,1
22.27305373328044,82.0086845074899,4.215015411376953,0.028800000000000003,310,17.37125015258789,0
31.158020713921392,77.71536627009748,28.320951461791992,0.0324,1766,28.737998962402344,1
21.189954995217537,92.15704210371655,1.9112874269485474,0.025200000000000004,16,21.356374740600586,1
29.438375765531394,83.859842813475,11.7670259475708,0.0,5745,10.576749801635742,0
8.621805518158137,77.45611247910058,11.783310890197754,0.198,168,28.30237579345703,0
20.443454994114212,83.1111868556898,6.73807954788208,0.33480000000000004,291,24.75349998474121,0
33.95483551949911,74.79431446072603,1.152374505996704,0.025200000000000004,1615,42.79912567138672,1
32.55508064378407,76.12480922803545,2.2219841480255127,0.007200000000000001,931,32.44012451171875,1
27.817365835337718,83.46422476234876,17.829160690307617,0.17279999999999998,1042,24.520750045776367,1
21.063023045571448,92.19557982940528,10.180462837219238,0.2412,208,21.356374740600586,1
26.929381176985572,70.04016048258029,1.4362555742263794,0.0,74,10.939125061035156,0
29.69412612692022,82.67945653014195,19.578447341918945,0.0,5040,15.140375137329102,0
19.292174125986634,73.06496770726754,1.3925104141235352,0.0,21,13.523374557495117,1
24.380231895239604,73.31020777983217,8.456330299377441,0.043199999999999995,425,15.109624862670898,0
25.825261861274267,72.46992366306677,2.1861114501953125,0.014400000000000001,131,23.166500091552734,0
21.443010410754006,92.00747260891065,1.4028769731521606,0.021599999999999998,1,18.750125885009766,1
34.860606820476825,90.17356195638065,1.9112874269485474,0.0,4905,10.534500122070312,0
32.01312703287476,68.31350867497416,5.825586795806885,0.0,2228,20.216999053955078,0
17.485482426565454,79.9853191615391,2.2198007106781006,0.018000000000000002,176,22.71762466430664,0
35.114740214354235,73.0067568768566,22.45905113220215,0.014400000000000001,832,23.253124237060547,1
25.809900669915823,78.50660237234995,2.85534930229187,0.0036000000000000003,191,14.510250091552734,0
10.475658769995592,79.00085544167251,2.1439719200134277,0.08639999999999999,91,27.5935001373291,0
7.520650642884427,80.70136627451076,18.624597549438477,0.36,636,27.818500518798828,1
32.952315662421725,75.15328124826019,24.82549476623535,0.054,943,34.946998596191406,1
17.931495965130797,83.03195544763045,0.9559096097946167,0.021599999999999998,66,16.318124771118164,0
23.898914566008365,94.14348669149005,14.07855224609375,0.29519999999999996,258,21.330875396728516,1
7.159797393253616,80.56203757394383,3.0416624546051025,0.0792,480,28.407625198364258,1
27.117488397480198,88.10680798220686,20.5023250579834,0.252,2038,23.358999252319336,1
26.18153370295607,91.77193434141451,0.0,0.0,57,26.14287567138672,1
12.677160036787305,75.25649767440552,8.2889404296875,0.36,97,25.315000534057617,1
27.27217828940558,82.45793198107808,1.4387099742889404,0.010799999999999999,98,19.826250076293945,0
34.53667432902333,73.57485146253377,35.25617218017578,0.061200000000000004,1762,39.781497955322266,0
15.78308513163055,73.66567113775827,1.3784587383270264,0.0648,0,12.922249794006348,0
29.265360241809972,93.75406701582423,6.160696983337402,0.0,4651,25.617124557495117,0
33.44306530213622,75.19154947936369,39.714054107666016,0.0828,1676,37.430625915527344,1
25.702911319577186,86.92965563389664,0.9559096097946167,0.007200000000000001,38,20.277000427246094,0
34.07745555578143,74.58087474921923,2.496938705444336,0.018000000000000002,1605,23.469125747680664,1
24.39208965698998,68.11435217648486,0.0,0.018000000000000002,5,13.39699935913086,0
33.23932739569791,75.2405974938766,6.825573921203613,0.0036000000000000003,740,33.29574966430664,1
27.42956312718332,91.3787417415554,24.345260620117188,0.36,2771,20.373750686645508,0
26.80137124899854,70.69152889509535,1.9112874269485474,0.0,199,16.05437469482422,0
24.533574314238805,81.63732096903489,2.3077056407928467,0.021599999999999998,344,17.777999877929688,0
29.852049953868434,80.5528747580458,2.4014601707458496,0.0396,903,32.236751556396484,1
22.404567090875542,76.74006536612892,2.172663927078247,0.09360000000000002,284,22.00149917602539,0
14.896178451619345,97.88407153456373,9.271934509277344,0.2988,86,21.71525001525879,0
31.65577721285202,95.57665889577433,11.090352058410645,0.0,4714,25.974624633789062,0
31.018692013354457,78.41281825668787,54.560367584228516,0.17279999999999998,3255,35.38337707519531,1
26.836675039664435,88.08390094246181,22.94733428955078,0.36,1735,25.722999572753906,1
33.43524995916438,75.19074099560797,41.94533920288086,0.126,1751,37.430625915527344,1
33.1204802836089,75.314169515646,37.68208312988281,0.2412,1520,32.09375,1
30.04473858231207,83.26129533966616,1.1042532920837402,0.0,4585,11.193624496459961,0
26.154853739017717,91.7350135832372,0.0,0.0,56,25.46875,1
26.87602124910887,75.81003955247998,2.86560320854187,0.010799999999999999,434,18.883501052856445,1
33.13799743164923,75.51063106828293,35.682987213134766,0.0756,1194,43.89250183105469,1
34.598119094457104,96.54468344594153,3.6081480979919434,0.0,4725,13.579750061035156,0
24.963687672275235,87.42902910033868,7.674121379852295,0.10439999999999999,164,13.421250343322754,0
33.797989670891845,74.25613377401002,11.815923690795898,0.0828,1392,43.88887405395508,1
23.5714786449468,68.55335885583406,0.9559096097946167,0.010799999999999999,33,17.972000122070312,0
34.097667649674115,74.40166085003739,15.126140594482422,0.09,2008,43.8853759765625,1
22.41561636887021,70.60124820904134,3.099379539489746,0.007200000000000001,64,16.286874771118164,0
26.967649408089063,86.54239191491271,12.70878791809082,0.2736,757,21.339000701904297,0
28.298952659154192,84.03663126138973,48.465816497802734,0.36,1762,21.13075065612793,1
33.310204471614945,73.89797547023157,21.939741134643555,0.0648,1073,30.768125534057617,0
29.47691349122012,80.3491368516075,43.77088165283203,0.054,1239,28.014373779296875,1
26.483098143834994,93.4336379539788,8.795449256896973,0.36,479,25.379499435424805,0
28.27901005984674,83.00635346203305,37.330955505371094,0.08639999999999999,1917,18.236499786376953,1
21.533291096808018,94.4331933706186,3.0437092781066895,0.018000000000000002,167,18.273374557495117,1
14.953311303689347,77.04243829076354,3.9437029361724854,0.010799999999999999,431,19.834999084472656,0
28.08901637725546,84.41257620779375,43.22267150878906,0.108,936,15.284749984741211,1
27.79068587139937,84.47833288659129,30.013290405273438,0.3024,872,23.421499252319336,1
27.775863669211397,85.87000292474926,59.89165496826172,0.1764,1545,22.45800018310547,1
17.245362751120307,95.49042062849885,2.1571578979492188,0.0756,9,20.02549934387207,0
34.865188228425836,95.7890206289402,3.690239906311035,0.0,4566,14.234749794006348,0
25.705067276259076,94.04000077075948,16.768861770629883,0.3096,1036,30.916873931884766,1
23.014972326434755,77.83313540384555,3.047408103942871,0.054,421,26.693374633789062,0
34.70807288523333,88.10087910133167,6.683176517486572,0.0,4962,9.769874572753906,0
24.83513875511773,93.89905510268113,37.06997299194336,0.27,909,28.61775016784668,1
30.754048330652846,79.49968991894409,10.469765663146973,0.014400000000000001,3141,14.000249862670898,1
28.795631179743875,82.23128703489472,23.632381439208984,0.3168,2231,22.24625015258789,1
27.386443993545583,85.63635111934977,39.6075439453125,0.2556,804,22.068374633789062,0
17.38496094627248,76.69883269458782,1.3844528198242188,0.007200000000000001,516,19.079999923706055,0
33.89958912952576,70.10483918303689,2.4924886226654053,0.0,1742,19.47337532043457,1
35.12282505191131,72.31954568450516,24.474592208862305,0.0684,2120,24.951875686645508,0
24.360019801346915,85.61802548755374,3.549405813217163,0.054,361,16.150249481201172,1
34.66522324618083,73.96103720317676,49.49876022338867,0.3168,1856,43.850250244140625,1
31.203834793411488,89.947725493953,11.386737823486328,0.0,4910,11.225874900817871,0
26.158896157796256,91.8177484209046,6.987990379333496,0.018000000000000002,61,26.14287567138672,1
25.88670662670804,86.2664294596312,3.0556228160858154,0.0,38,21.408124923706055,0
23.641277742522885,82.34474425527902,22.326614379882812,0.36,743,21.9216251373291,0
29.58632829282588,80.21870147235335,2.86560320854187,0.05040000000000001,1666,28.976125717163086,1
13.380271409667653,77.18742637762044,14.818848609924316,0.23760000000000003,911,21.947500228881836,0
27.47888063628148,97.81076900737958,30.156469345092773,0.36,569,32.80787658691406,0
26.85446168229,88.33722585258352,39.29812240600586,0.10080000000000001,784,24.125,1
20.81320156505781,75.88253359590841,2.2566869258880615,0.021599999999999998,326,17.12387466430664,0
29.824561506174376,94.4129812767259,24.271276473999023,0.0,4678,21.007749557495117,1
16.32800318297745,75.24625688016656,1.9112874269485474,0.0,532,21.427499771118164,0
27.1032051844627,93.68831033702669,0.9559096097946167,0.0,145,32.55649948120117,1
26.732919624348632,77.31247186516987,3.5742549896240234,0.036000000000000004,335,18.656875610351562,0
34.01223786615435,77.99887457376559,17.221420288085938,0.0,4900,15.550000190734863,1
18.70332845724629,83.68305436556028,16.966474533081055,0.3492,578,19.3125,0
34.69136422094871,85.693753466005,3.6119139194488525,0.0,5395,9.880374908447266,0
33.727651584145285,88.17013920973729,7.040215492248535,0.0,5183,9.90362548828125,0
33.5406223419916,74.37228594024668,29.495447158813477,0.09360000000000002,1507,46.7547492980957,1
30.710659702429872,68.58192528186906,5.061300277709961,0.0,1517,23.710500717163086,0
20.750409326697856,83.3599303578625,2.7971019744873047,0.057600000000000005,189,17.62412452697754,0
33.820627216051655,76.55815652109472,43.72182846069336,0.0,5252,12.189000129699707,0
21.63650752295335,92.24408885474773,10.304950714111328,0.234,272,19.62012481689453,0
23.29955860844382,82.55845346137106,1.0407683849334717,0.018000000000000002,565,18.511499404907227,0
27.066284426285385,74.92609731290636,2.146146774291992,0.0036000000000000003,388,12.248374938964844,0
25.44769994735883,94.04889409207226,24.79783058166504,0.36,1325,30.164875030517578,1
27.64542828995724,84.12502548534708,1.9112874269485474,0.0324,190,22.4997501373291,1
23.72697702062789,92.72648416231992,25.016157150268555,0.09360000000000002,864,20.777124404907227,1
16.107826106839756,73.71660561436784,4.87069845199585,0.12240000000000001,20,15.71412467956543,1
29.954996885428532,78.16757818412324,17.504941940307617,0.0,313,18.789125442504883,1
32.237346527791,81.01721392840719,27.262866973876953,0.0,5127,10.717124938964844,0
24.009946335125537,82.49323577174397,3.136517286300659,0.018000000000000002,308,15.600874900817871,0
15.85126726169522,73.81604911631987,9.837904930114746,0.05040000000000001,41,15.024999618530273,1
33.6435692735517,97.39493886236066,21.84330177307129,0.0,4846,15.798250198364258,0
33.14392631252442,75.5456653643636,4.938863277435303,0.0036000000000000003,1124,43.89250183105469,1
27.95319110629659,75.41576897427991,5.003674507141113,0.014400000000000001,375,12.147125244140625,0
7.422824108443812,80.6310281877642,7.838036060333252,0.11520000000000001,378,33.84674835205078,1
24.73380879106905,93.91603326155098,15.428448677062988,0.1332,879,21.11487579345703,1
33.183811511139325,75.80815309038331,34.13922119140625,0.05040000000000001,1108,43.891876220703125,1
21.274576294981596,74.19388052482054,2.0509471893310547,0.007200000000000001,318,17.649499893188477,0
28.29733569164278,83.80001501555265,24.726476669311523,0.1368,1501,20.78762435913086,1
29.043296703575628,69.64319495852787,2.86560320854187,0.007200000000000001,748,17.989124298095703,0
28.266343814340654,90.79690293203119,39.031532287597656,0.0,5010,17.450624465942383,0
31.709945624484426,76.93302348915779,1.9112874269485474,0.0,771,22.846500396728516,1
34.19630266787044,92.94531376553142,4.490635395050049,0.0,4524,11.987625122070312,0
31.129993277056865,77.08986933776505,26.690698623657227,0.16200000000000003,1685,20.711999893188477,1
34.089313317531804,74.02409893612194,7.861945629119873,0.0,1353,43.88800048828125,1
27.60177016714903,85.22510238227986,32.69353103637695,0.12240000000000001,1836,21.087499618530273,1
32.72647919999408,68.09764351220024,0.0,0.0,1994,21.698625564575195,0
9.8676789857035,76.77051825426057,11.434112548828125,0.36,125,25.985750198364258,1
26.53268514751839,82.05854100575854,0.0,0.014400000000000001,95,20.95137596130371,0
29.627291469781728,71.46443936555178,3.2957143783569336,0.021599999999999998,114,12.296875,0
26.420575400060272,94.97299102484601,25.87575912475586,0.1908,690,32.600624084472656,1
25.09520102987033,92.35673759137632,24.577146530151367,0.36,238,27.387001037597656,1
19.34391708635192,83.70865635115769,6.464019775390625,0.34559999999999996,243,20.142375946044922,0
20.870064922542575,92.52759715841586,3.8183305263519287,0.1404,5,18.909000396728516,1
21.072994345225176,83.61675869759226,3.0426292419433594,0.018000000000000002,154,21.77837562561035,0
27.556764571414643,85.11730454818552,34.31951141357422,0.20879999999999999,1596,21.087499618530273,1
31.552291292121453,93.32530113071398,29.70890235900879,0.0,4769,18.058250427246094,0
32.10529418102543,69.77012690817396,16.275474548339844,0.0,988,20.00200080871582,0
13.028850470520096,78.12499803965598,0.9811632633209229,0.043199999999999995,848,26.062999725341797,0
30.67616439551968,79.04181861862835,27.611074447631836,0.20519999999999997,2483,43.844749450683594,1
31.70778966780254,76.93140652164637,14.3972806930542,0.0,770,22.846500396728516,1
35.01475772323173,75.62139334281487,35.30778884887695,0.0,4115,18.179126739501953,1
30.478085875371328,94.83662676471667,39.61695861816406,0.025200000000000004,4546,32.39925003051758,0
27.08676601476331,93.60853993979687,11.977134704589844,0.0,316,32.55649948120117,1
26.854731176875237,88.33722585258352,26.606693267822266,0.10080000000000001,805,24.125,1
18.793878637885538,76.0056926213612,1.9112874269485474,0.010799999999999999,737,22.772375106811523,0
6.656381508033036,81.37375526467423,1.356327772140503,0.36,126,26.436750411987305,0
22.138845429832987,95.94101557501321,0.9559096097946167,0.028800000000000003,84,21.701749801635742,0
33.30050266654645,75.18157817970996,32.33757400512695,0.2268,1126,37.430625915527344,1
27.68315753189026,68.56952853094822,3.8183305263519287,0.0,60,15.163000106811523,0
21.214479002474,70.68317456295304,8.363884925842285,0.09720000000000001,235,17.77975082397461,0
27.107247603241234,93.65165907343462,14.443258285522461,0.2268,317,32.55649948120117,1
22.760838932557345,75.89034893888025,2.8181815147399902,0.0,545,20.576250076293945,0
35.30042198358174,74.4490918970389,32.1524543762207,0.0,4172,28.52199935913086,1
26.179108251688945,79.35497132667243,4.885383605957031,0.010799999999999999,138,17.18400001525879,0
22.040210411636664,76.49159135854146,2.8103280067443848,0.018000000000000002,299,19.97800064086914,0
23.69194272454723,69.28261120348229,7.268658638000488,0.007200000000000001,4,12.535374641418457,0
10.083813643062658,77.06965724387237,18.80483627319336,0.1548,1475,29.71037483215332,1
32.776874687433185,76.19326085268536,26.22565269470215,0.0396,1644,43.89474868774414,0
18.773397049407613,82.85543649430096,6.459200859069824,0.028800000000000003,902,18.510250091552734,1
19.215368169194416,97.92422622776388,36.181217193603516,0.33480000000000004,313,23.63887596130371,0
34.941185701462345,91.55849462990771,4.654616355895996,0.0,4887,11.016499519348145,0
27.792841828081254,84.43359678544213,43.39950942993164,0.32400000000000007,428,23.421499252319336,1
22.06823784850119,91.99750130925692,9.143550872802734,0.2664,37,24.95687484741211,0
27.755651575318705,81.92702764816345,4.7146172523498535,0.2412,132,20.08537483215332,0
31.552291292121453,87.71038144732492,5.265514373779297,0.0,4738,10.709124565124512,0
26.10984814328333,91.80319571330188,2.1283066272735596,0.0,58,26.14287567138672,1
35.49472757953679,83.44994154933127,3.6450979709625244,0.0,4882,11.20324993133545,0
27.161416014873645,93.75245004831282,3.3583896160125732,0.07200000000000001,152,20.94824981689453,1
28.69403172110996,80.5949159133426,0.0,0.018000000000000002,179,23.80412483215332,1
28.02972756850357,85.09331953009952,29.52248191833496,0.11520000000000001,1576,17.88974952697754,1
27.20507413768185,86.65692711363796,34.10709762573242,0.1512,1733,13.030500411987305,1
29.928047426904946,92.37506322317236,14.081498146057129,0.0,4563,14.605999946594238,0
30.458143276063876,68.41187419858524,2.413912296295166,0.0,1647,19.779375076293945,1
29.012843815443976,86.59063144566994,3.7906579971313477,0.0,5191,11.017999649047852,0
7.467829704178199,80.62402132854807,2.1513075828552246,0.0,353,33.84674835205078,1
6.6396728437484125,80.64180797117365,46.52021789550781,0.1656,937,29.983375549316406,1
27.08164561764383,80.5159539998685,1.0735970735549927,0.04680000000000001,133,21.514249801635742,0
30.61445013550067,79.81014768113579,51.16627883911133,0.0,2698,23.486125946044922,1
29.131960422118226,81.81168396568249,36.36745071411133,0.0684,1754,23.563875198364258,1
32.7326775754545,74.85548973157456,2.9675211906433105,0.0,335,29.56362533569336,1
28.008437496269938,82.82094118739077,41.860565185546875,0.2628,816,17.711624145507812,1
17.694071235538008,97.41434247249764,25.31414222717285,0.27,535,21.617374420166016,0
24.613883700639093,77.3518180746143,1.420864462852478,0.025200000000000004,489,17.91637420654297,0
7.4239020867847545,80.61027710470104,17.574764251708984,0.36,437,33.84674835205078,1
20.006873766032125,95.09264662069073,5.180898666381836,0.036000000000000004,123,18.37262535095215,0
25.69159254699728,86.21037458590214,2.185532331466675,0.0684,42,22.470748901367188,0
25.134008250144294,68.77407492114223,0.9559096097946167,0.0,15,9.760375022888184,0
27.3670403834086,87.87665960641544,43.280479431152344,0.3276,1097,20.447500228881836,0
24.795792545673294,93.72388362227782,33.4482421875,0.21960000000000002,1012,29.5783748626709,1
10.215327000657755,77.32971951862497,15.421243667602539,0.09,1624,28.544876098632812,0
27.604734607586625,88.64633614184905,12.931674003601074,0.1296,1609,36.235626220703125,1
27.81790482450819,84.44437656885158,7.055445671081543,0.2268,306,23.421499252319336,1
31.95626367539,77.1135848612658,15.699037551879883,0.0,1204,27.557498931884766,1
20.69462394755403,81.29425436202965,2.0430068969726562,0.014400000000000001,333,19.90712547302246,0
27.51364543777691,89.79034065617526,27.70838737487793,0.34199999999999997,2128,17.776750564575195,1
19.204588385784984,84.19159064790034,20.876201629638672,0.216,1214,23.169124603271484,1
30.700688402776144,77.8643967757329,19.562955856323242,0.17279999999999998,2070,26.84950065612793,1
27.41581890333629,87.69097783718794,38.89951705932617,0.19440000000000002,891,20.892250061035156,1
17.9495521023416,96.14098055725822,9.074196815490723,0.3204,179,26.300500869750977,0
6.969803710662337,81.03904298981129,8.537910461425781,0.14759999999999998,774,29.414125442504883,1
34.86222378798824,86.40441068727196,3.6901872158050537,0.0,4942,9.118124961853027,0
35.7547898542894,87.2344540097984,16.453580856323242,0.0,5196,10.10575008392334,0
29.135194357141057,86.26050057875601,27.03101348876953,0.0,5224,11.478750228881836,0
24.98416926075316,72.24273972771294,6.302604675292969,0.0324,155,25.019874572753906,0
31.140234071295826,77.46419731665766,29.160118103027344,0.057600000000000005,2290,27.63425064086914,0
21.785807523174014,82.45739299190761,2.807636022567749,0.021599999999999998,247,14.278875350952148,0
19.022140551580307,95.99868741625369,8.769360542297363,0.33480000000000004,369,23.038000106811523,0
22.604262578535312,88.06773126734767,0.0,0.14400000000000002,5,24.367250442504883,0
16.514493435960663,80.65258775458308,6.605278491973877,0.126,162,18.47487449645996,1
26.98732251281128,69.95068828028198,4.302797794342041,0.0,87,10.767000198364258,0
11.374153717171938,77.8988920826431,31.776748657226562,0.036000000000000004,416,30.862751007080078,1
28.37710608887259,83.49872006925895,48.46435546875,0.1368,1246,19.269248962402344,1
25.15987973032694,93.68588488575956,36.117515563964844,0.20879999999999999,1026,29.18262481689453,1
25.623679911517847,94.11357279252887,35.20854568481445,0.036000000000000004,1604,30.916873931884766,1
33.248220717010696,75.21337854076779,30.488325119018555,0.0324,717,33.29574966430664,1
25.424253918443313,88.27470310880881,1.0583908557891846,0.05040000000000001,28,13.25737476348877,1
15.373992351242519,73.89096861101544,3.944194793701172,0.16200000000000003,59,15.611624717712402,1
29.169420169466008,81.57129479565211,22.137434005737305,0.061200000000000004,1889,20.06712532043457,1
17.51108441216286,95.07243452679805,1.3849540948867798,0.0036000000000000003,5,19.784374237060547,0
25.90718821518597,91.88188813219074,7.371793270111084,0.2808,580,22.581249237060547,1
22.200829184437232,92.21686990163892,11.814127922058105,0.2268,52,20.050249099731445,1
27.716574860459506,85.42803180496246,12.950209617614746,0.126,1533,20.353124618530273,1
32.47126782777572,76.33285904783753,49.40628433227539,0.09360000000000002,1505,43.88750076293945,0
28.107611503636736,94.18310239551973,23.76712989807129,0.36,822,24.198375701904297,1
13.411802276140248,78.83942818511623,0.982704758644104,0.057600000000000005,613,29.39987564086914,0
35.75074743551086,68.84791643749686,6.168461799621582,0.0,1235,19.362375259399414,1
28.287094897403815,84.20156194755407,13.591626167297363,0.2124,1594,21.13075065612793,1
35.36159725443028,89.3111792836259,2.2416059970855713,0.0,4796,10.800374984741211,0
33.33904039223518,75.19181897394891,28.887371063232422,0.043199999999999995,1231,37.430625915527344,1
33.14581277462107,75.79629532863294,36.87755584716797,0.010799999999999999,938,43.891876220703125,1
17.86169686755471,97.20413669601366,10.673602104187012,0.36,955,23.894874572753906,0
27.31448893928761,89.54510058361063,42.455745697021484,0.043199999999999995,2151,19.558250427246094,1
33.52391367770698,92.64240185172633,5.829301357269287,0.0,4810,11.382499694824219,0
35.29584057563273,73.20995579412443,28.099103927612305,0.0,779,21.78274917602539,1
28.734186414310102,84.82948433115361,31.66626739501953,0.0,4907,20.920625686645508,0
30.19430807711797,79.19381356470139,7.91082763671875,0.061200000000000004,1695,26.644500732421875,1
29.457779375668377,81.46538342365442,20.05926513671875,0.057600000000000005,1547,22.235750198364258,1
22.201907162778177,93.42770907310361,41.397674560546875,0.28440000000000004,1367,29.56712532043457,0
34.40031006889398,74.27984929751078,2.2345221042633057,0.0,1609,24.36487579345703,1
20.65123531933106,97.2607305589132,34.06124496459961,0.32400000000000007,1355,29.51074981689453,0
29.308209880862474,80.57928522739893,19.548051834106445,0.29519999999999996,1668,23.583749771118164,1
34.05293154852496,76.91604533028793,26.609243392944336,0.0,4877,13.72700023651123,0
30.56971403435152,71.51348738006472,2.9278037548065186,0.007200000000000001,132,15.29312515258789,0
25.4940530160194,82.57246717980331,2.3227145671844482,0.0,86,23.91837501525879,1
35.26457920374537,71.99749965514832,11.54955005645752,0.17279999999999998,1470,22.415250778198242,1
28.841984248404444,71.82178918557453,2.8992767333984375,0.0,113,16.99337387084961,0
23.35211005256481,83.83073739826953,4.34596586227417,0.057600000000000005,1092,24.93662452697754,0
26.146499406875407,87.44762422671995,1.4308241605758667,0.0396,50,21.241125106811523,0
12.546185668362678,92.81487838627727,11.512422561645508,0.36,76,20.427749633789062,0
28.577071071117597,77.99725760625418,2.1991069316864014,0.010799999999999999,208,18.389625549316406,0
16.019431882882394,74.0936285391128,11.476619720458984,0.09720000000000001,998,16.04462432861328,0
27.510680997339314,86.02011140872563,27.67424964904785,0.09,1681,18.22137451171875,1
25.155298322377927,93.02804860319884,24.11783218383789,0.2988,573,27.859249114990234,1
30.5605512184535,79.45360634486875,36.349605560302734,0.2988,2905,43.886749267578125,0
24.901703917670986,91.8770372296565,7.741871356964111,0.0,28,23.993125915527344,1
26.884914570421653,88.2776675492464,26.81073760986328,0.11880000000000002,1505,24.125,1
29.90702684925655,69.17831679899602,0.9559096097946167,0.018000000000000002,1154,19.144500732421875,0
29.597377570820548,84.16059877059821,3.60916805267334,0.0,4552,11.791625022888184,0
35.83833317571251,90.21398614416603,1.9112874269485474,0.0,5019,11.409000396728516,0
27.104013668218407,93.61150438023446,16.75875473022461,0.198,293,32.55649948120117,1
32.69872125771479,75.05814965967193,10.20068359375,0.12240000000000001,464,24.0939998626709,1
12.936683322369433,77.6178092302421,1.3694429397583008,0.010799999999999999,896,21.535999298095703,1
20.84634939904182,82.8309124870445,31.638286590576172,0.21960000000000002,833,22.50237464904785,0
23.224369619163017,70.61984333542262,0.9559096097946167,0.014400000000000001,17,14.022624969482422,0
30.056057354891976,70.63682149429248,3.0703866481781006,0.0,128,14.134249687194824,1
33.08086457957923,75.29665236760566,20.391563415527344,0.043199999999999995,1736,32.09375,1
27.134466556350056,88.45742043759871,26.623090744018555,0.2988,626,18.95075035095215,1
28.428310060067403,94.04296521119707,28.094804763793945,0.2592,1435,28.22800064086914,0
33.10673605976187,75.48017818015128,41.334808349609375,0.1332,2144,32.09375,0
21.58045264922429,85.41213162443354,6.661805152893066,0.33480000000000004,650,20.796751022338867,0
33.96211187330048,83.92128757890877,6.158070087432861,0.0,5292,9.87862491607666,0
13.145272131341986,74.83042673514764,1.3700352907180786,0.1332,21,28.793874740600586,0
29.35591042244922,81.3096155533881,10.87741470336914,0.07200000000000001,1288,22.235750198364258,1
25.617212041472186,96.30052135171785,18.480607986450195,0.05040000000000001,348,22.85300064086914,1
20.081793260727693,94.56228127694656,4.1748528480529785,0.0792,106,20.52025032043457,0
30.71146818618558,69.32519134794956,1.4660917520523071,0.0,1532,21.613374710083008,0
22.201907162778177,92.22172080417316,12.555501937866211,0.1332,40,20.050249099731445,1
26.79732883022,88.13887783784993,30.9231014251709,0.27,543,25.722999572753906,1
19.186801743159414,73.01996211153315,12.934622764587402,0.0,37,20.756250381469727,1
27.430641105524263,88.15504751296409,30.950580596923828,0.36,3411,28.42224884033203,0
28.049939662396262,84.94994841075405,29.248865127563477,0.11159999999999999,1122,17.9581241607666,1
30.163046705230613,74.10898973047125,1.461371660232544,0.010799999999999999,186,15.548624992370605,0
32.5973912936661,85.7215114082843,2.222256898880005,0.0,5163,10.050250053405762,0
25.31780355727515,94.0461991462199,21.187475204467773,0.2736,998,30.164875030517578,1
23.096090196590747,72.5017240241246,4.149928092956543,0.0324,55,22.61662483215332,0
24.19886203937587,94.1017150307785,20.0166015625,0.3312,1379,26.808000564575195,1
20.436448134898082,78.72704894307289,1.397850513458252,0.0036000000000000003,248,23.11199951171875,0
25.514534604497324,90.20239787700088,3.5610649585723877,0.057600000000000005,314,23.07149887084961,1
27.56862233316502,85.33990707559033,3.7527079582214355,0.025200000000000004,1525,20.353124618530273,1
30.71982251832789,77.16937024040963,13.535923957824707,0.1404,1130,23.188875198364258,1
32.95554959744456,74.96490453318033,4.9019012451171875,0.11520000000000001,761,23.763874053955078,1
30.009973780816644,79.67540038851786,34.324256896972656,0.36,1926,23.960250854492188,0
23.420292182629485,94.93930420169153,7.820199012756348,0.33480000000000004,470,22.772125244140625,0
32.371285336653216,77.24671518637233,11.778709411621094,0.0,3975,21.578248977661133,1
29.13088244377728,81.66319244921753,20.82883071899414,0.036000000000000004,1524,20.06712532043457,1
32.65506313490658,92.84937369318746,6.1455078125,0.0,5198,12.62874984741211,0
34.26017288457134,75.4464913569968,27.8841495513916,0.0,3384,22.547250747680664,1
33.96399833539713,74.95978413606085,3.987487316131592,0.0,1587,42.79912567138672,1
27.319070347236618,71.15047817375202,3.36275577545166,0.0,153,12.490750312805176,0
27.141742910151425,93.66486430811116,9.70457649230957,0.36,987,32.55649948120117,1
34.39330320967785,73.45384839376288,38.767669677734375,0.036000000000000004,978,23.762248992919922,1
18.765851201021007,97.80591810484533,32.35444259643555,0.32400000000000007,528,22.285749435424805,0
15.451606791790446,79.4147991245948,2.1529345512390137,0.010799999999999999,132,29.32724952697754,0
31.72422883750193,76.93733540252155,23.130830764770508,0.17279999999999998,774,22.846500396728516,1
32.16997288148203,77.17880255089288,9.62625789642334,0.057600000000000005,1621,43.633872985839844,1
25.435033701852745,74.6528298034772,2.850419759750366,0.036000000000000004,438,13.696000099182129,0
17.430236036592103,73.5096337729067,4.147446155548096,0.09,106,20.294876098632812,1
27.350062224538743,87.66672332451671,28.894121170043945,0.234,1695,20.892250061035156,1
25.828495796297098,91.87676773507125,13.074721336364746,0.3276,607,22.581249237060547,1
28.881060963263643,87.80470455215747,8.483293533325195,0.0,4787,11.745499610900879,0
33.46462486895509,85.66599552372571,4.468042373657227,0.0,5683,9.581125259399414,0
24.538425216773053,97.46123453032868,23.00533676147461,0.3024,385,23.046125411987305,0
34.74149021380258,71.86302185711561,2.513914108276367,0.021599999999999998,822,18.727375030517578,1
14.761161664416182,76.58537547420353,1.374987006187439,0.007200000000000001,576,20.85587501525879,0
21.838628461880244,97.10577117240258,2.2696681022644043,0.36,681,25.679624557495117,0
29.987875224827306,93.03613344075592,8.112741470336914,0.10439999999999999,3803,15.278124809265137,0
30.22961186778387,72.12766553981723,2.9219729900360107,0.014400000000000001,139,11.489624977111816,0
30.151188943480236,87.46756682602741,40.3870964050293,0.0,5343,10.356249809265137,0
30.652448872018926,80.97301681642851,18.540449142456055,0.0,4777,13.851374626159668,0
30.379989846345477,78.48612078387202,40.57648468017578,0.2268,904,26.718374252319336,1
25.070407528028632,80.11413757328184,2.8457248210906982,0.010799999999999999,179,16.483375549316406,0
30.733297247589682,78.4400372097967,36.66910171508789,0.16200000000000003,1455,26.933250427246094,1
27.340090924885015,87.19645527328014,6.57245397567749,0.1656,474,16.873001098632812,1
21.558893082405422,94.73960871403176,0.0,0.08639999999999999,305,14.002124786376953,0
25.837658612195117,94.52347405667261,1.4287465810775757,0.20519999999999997,798,29.673999786376953,1
31.55956764592282,77.16802276748345,13.639083862304688,0.0396,1857,27.5935001373291,1
33.91521981546944,93.4508856074339,1.1518386602401733,0.0,4519,12.125499725341797,0
13.6061078720953,76.69829370541736,13.463059425354004,0.1764,836,22.149999618530273,0
35.85342487248572,71.77678358984015,16.07718849182129,0.0,1732,28.333250045776367,1
33.93731837145878,87.01778036326877,3.5819597244262695,0.0,4913,9.509624481201172,0
29.44699959225894,81.48667349588806,27.604721069335938,0.2412,1947,22.235750198364258,1
34.92851945595626,94.8961850680538,15.929045677185059,0.0,4332,13.826125144958496,0
15.715711485321584,73.8049998383252,4.836118698120117,0.18,20,13.773624420166016,1
17.69838314890178,74.60378178896428,5.526702880859375,0.010799999999999999,718,20.41699981689453,0
27.6661793730204,86.03331664340219,20.25434684753418,0.2736,1821,18.22137451171875,1
30.69341204897478,77.42646807472464,11.020491600036621,0.0396,1653,23.50950050354004,1
24.55809832149527,88.18253596065814,2.3080790042877197,0.028800000000000003,23,21.272499084472656,1
30.79797594804629,71.29681373353509,0.9559096097946167,0.025200000000000004,142,14.260000228881836,0
23.092586766982684,70.40047474304063,2.2866413593292236,0.010799999999999999,3,13.89175033569336,0
27.982027026916825,85.97564480216171,37.10182571411133,0.18720000000000003,2047,22.45800018310547,1
31.710215119069662,76.6791595898656,17.514707565307617,0.14400000000000002,1170,22.137874603271484,0
33.36437288324735,75.19990381150599,37.78330993652344,0.20519999999999997,1879,37.430625915527344,1
12.896798123754527,74.85980164493834,5.86387300491333,0.0,66,29.38312530517578,1
17.078276108274075,80.26289858433202,0.9999966621398926,0.025200000000000004,108,23.43637466430664,0
22.886153914692017,87.20480960542245,1.4106451272964478,0.057600000000000005,58,16.880374908447266,0
27.18620951671534,87.13042909989736,31.122995376586914,0.1584,1750,14.606124877929688,1
27.11614092455402,93.79556918195055,15.731528282165527,0.36,158,20.94824981689453,1
22.90744398692565,89.32654047498436,3.5358312129974365,0.0,1,25.50724983215332,0
24.387238754455737,89.60546737070347,2.305488109588623,0.054,11,23.45087432861328,0
19.584306256382305,74.26826103034564,1.3938367366790771,0.018000000000000002,560,20.783124923706055,0
26.94824579795208,94.8894477034229,2.8709754943847656,0.1764,121,29.22075080871582,0
27.7766721529671,85.88886754571577,26.600406646728516,0.061200000000000004,875,22.45800018310547,1
28.00789850709947,86.19177945952087,21.802221298217773,0.23760000000000003,2679,17.355375289916992,1
33.235554471504614,75.24490940724039,35.88530731201172,0.025200000000000004,734,33.29574966430664,1
28.29248478910853,83.87089209146967,27.200151443481445,0.22319999999999998,1241,20.78762435913086,1
33.148777215058665,75.55267222357973,30.329317092895508,0.0792,1048,43.89250183105469,1
28.312966377586456,84.98956411478372,15.301746368408203,0.1296,3833,36.63087463378906,1
15.320901917951055,78.39557060323278,1.3768552541732788,0.010799999999999999,198,22.067750930786133,0
19.748697953376176,94.94631106090766,9.343838691711426,0.18,333,19.19824981689453,0
28.034039481867346,68.31350867497416,2.886837959289551,0.0036000000000000003,53,10.477624893188477,0
30.10968677735391,74.14213756445525,4.408073425292969,0.043199999999999995,187,15.548624992370605,0
19.170632068045265,73.02238756280028,20.160118103027344,0.0,32,20.756250381469727,1
32.995973785229936,75.19936482233553,27.398643493652344,0.018000000000000002,833,34.946998596191406,1
27.96801330848456,76.45467060036414,0.0,0.010799999999999999,289,16.09375,0
27.052270707853122,90.49965040451603,23.062767028808594,0.36,1548,22.848249435424805,1
28.233195980356644,83.95335743455185,18.686038970947266,0.3528,1081,14.130374908447266,1
29.644539123236825,76.21589839784517,3.2962775230407715,0.021599999999999998,228,15.368499755859375,0
27.896866737982297,92.79843921657789,56.773014068603516,0.0,4495,43.88362503051758,0
31.712640570336784,78.09185020567197,15.59535026550293,0.0,4963,28.045000076293945,0
34.068292739883404,74.63369568792545,19.469202041625977,0.025200000000000004,1664,23.469125747680664,1
28.701308074911328,82.65142909327743,30.222885131835938,0.09,2054,20.585250854492188,1
17.369060765743566,75.88630652010171,1.384389877319336,0.028800000000000003,422,21.627750396728516,0
31.94009400027585,97.1712583566149,40.28819274902344,0.0684,4420,16.073875427246094,0
29.380164935120447,79.46330814993725,3.8183305263519287,0.0,1943,28.60712432861328,1
27.43549200805851,68.74523900052199,0.9559096097946167,0.07200000000000001,54,9.493000030517578,0
34.1027880467936,94.32297008525713,16.173248291015625,0.0,4779,12.677624702453613,0
20.93932503094819,96.90957911435088,1.400322437286377,0.010799999999999999,937,18.012374877929688,0
19.109456797196724,72.89303016188707,2.86560320854187,0.0,17,28.17387580871582,1
30.653796344945107,78.33655128906612,29.269678115844727,0.09720000000000001,1008,26.933250427246094,1
30.43119381754029,87.99712368601587,15.02042293548584,0.0,5501,10.357999801635742,0
18.29019325807972,94.35719589758209,1.0067623853683472,0.0324,-3,22.81012535095215,0
25.929286771175306,87.74460725964987,2.329780101776123,0.021599999999999998,39,21.119125366210938,0
22.34743423880554,91.81235852919988,1.4076659679412842,0.0,36,25.919750213623047,1
26.196355905144042,91.76519697678361,12.056827545166016,0.007200000000000001,79,26.14287567138672,1
30.239313672852358,77.95575544012786,10.016657829284668,0.2808,747,21.530250549316406,1
14.291432602350083,75.18696807141467,2.956958293914795,0.1404,680,13.307250022888184,0
27.31718388513997,86.50008126503069,18.967470169067383,0.21960000000000002,1717,16.331748962402344,1
25.491627564752278,91.26986592912012,11.50858211517334,0.11520000000000001,1491,20.0314998626709,1
15.029578271311095,74.02517691446289,2.197380304336548,0.2772,19,16.29224967956543,1
29.479877931657715,80.9398689824445,24.515274047851562,0.1512,1638,22.530500411987305,1
26.877907711205523,73.35467438639608,2.1425621509552,0.036000000000000004,317,22.4997501373291,0
10.060367614147138,76.63496247788693,2.91027569770813,0.09360000000000002,21,34.6870002746582,1
29.61300825676423,79.49403053265412,15.060917854309082,0.10080000000000001,1702,25.810375213623047,1
31.097653926828563,93.50559300823677,21.09342384338379,0.0,5121,19.13312530517578,0
33.000016204008475,74.92771428041777,32.018550872802734,0.23760000000000003,968,33.30787658691406,1
31.012763132479268,93.15956196079394,42.48484802246094,0.0,5303,16.3802490234375,0
12.845055163389242,75.6599310685036,21.666038513183594,0.34199999999999997,434,27.444875717163086,1
29.877921434051075,73.66459315941732,2.4019837379455566,0.007200000000000001,170,17.132875442504883,0
32.45267270139445,84.4602767493805,6.661805152893066,0.0,5042,10.436249732971191,0
10.96290498010202,77.59463269591181,0.0,0.007200000000000001,269,28.901248931884766,1
29.669871614248994,91.1547917412244,0.0,0.0,3653,13.715624809265137,1
30.746771976851477,78.45162547696184,19.762216567993164,0.036000000000000004,1174,26.933250427246094,1
25.723931897225583,89.90325888738909,12.86007022857666,0.10439999999999999,33,21.92850112915039,1
26.885992548762598,88.17040870432253,2.190873622894287,0.2916,1456,25.722999572753906,1
24.973928466514195,94.57117459825935,25.828876495361328,0.36,1006,26.670625686645508,0
35.7984479770976,76.02078431813442,27.004566192626953,0.0,4743,48.87699890136719,0
28.098987676909186,83.8733175427368,21.663402557373047,0.0684,844,14.130374908447266,1
25.616673052301714,96.31669102683199,3.5621349811553955,0.0,269,22.85300064086914,1
34.38009797500129,97.29738182250527,6.076310157775879,0.0,4669,14.577375411987305,0
27.248462765904826,86.6445303627171,34.27000427246094,0.33480000000000004,736,13.030500411987305,1
26.21468153694008,97.22569626283254,31.503549575805664,0.36,1546,31.575374603271484,0
32.56181800841497,75.28775904629288,4.527739524841309,0.0,507,24.113750457763672,0
18.08214343827764,77.37903702772313,2.0105056762695312,0.010799999999999999,542,24.193374633789062,0
7.961813278915524,81.20316519221993,1.9298763275146484,0.32400000000000007,55,27.046749114990234,0
23.44212124403359,75.05841915425717,1.4138213396072388,0.0324,502,18.146625518798828,0
35.26323173081919,73.17249604677664,54.31139373779297,0.126,2449,21.78274917602539,1
26.104997240749086,91.73690004533385,18.173166275024414,0.3132,156,25.46875,1
35.0497920193124,84.54732350041168,0.0,0.0,4977,10.399250030517578,0
18.329808962109393,82.95649696376441,5.803797245025635,0.0684,1039,19.94474983215332,1
30.36489814957227,78.06409226339268,3.4545178413391113,0.0,776,26.523876190185547,1
34.992659167242394,72.36616824775096,23.19085693359375,0.198,1541,22.688751220703125,1
28.34665320074094,85.00573378989786,53.86978530883789,0.0,4993,24.37874984741211,1
29.383398870143278,81.31662241260423,44.102115631103516,0.08639999999999999,1767,22.235750198364258,1
28.263109879317824,84.24602855411798,27.869823455810547,0.36,1906,21.13075065612793,1
31.270938945135217,72.20716644246181,3.4846959114074707,0.036000000000000004,153,20.22599983215332,0
28.46253587239236,96.81067460156932,31.59242820739746,0.0648,3945,26.16575050354004,0
25.179552835049154,93.00837549847662,5.093426704406738,0.043199999999999995,690,27.859249114990234,1
30.78638768088115,78.61601717395571,26.850921630859375,0.036000000000000004,1552,43.89137268066406,1
34.94064671229187,81.0751552642329,27.989158630371094,0.0,5429,11.437999725341797,0
18.82028910723865,97.15940059486452,35.59574508666992,0.057600000000000005,1004,25.38712501525879,1
30.185684250390423,87.04311285428093,2.2108359336853027,0.0,4995,10.020625114440918,0
24.660506263884894,76.76836229757868,1.4211547374725342,0.010799999999999999,325,19.592374801635742,0
29.26751619849186,80.94984028209822,24.4731388092041,0.16200000000000003,653,22.530500411987305,1
28.842523237574916,81.70981501246334,23.385011672973633,0.07200000000000001,1347,20.214500427246094,1
12.844516174218771,75.24760435309274,12.681356430053711,0.0324,54,29.50749969482422,1
25.61613406313124,94.1168067275517,12.823233604431152,0.08639999999999999,1577,30.916873931884766,1
34.29682414816342,90.89796340149464,3.9569995403289795,0.0,4858,10.265000343322754,0
16.51206798469354,80.62968071483803,3.0335488319396973,0.0,22,18.47487449645996,1
16.797193255873076,77.03893486115548,1.3821735382080078,0.010799999999999999,369,19.556499481201172,0
21.473193804300422,80.30305327753217,3.078946828842163,0.025200000000000004,302,20.711624145507812,0
31.53477414408112,94.76197676460635,20.05756378173828,0.0,4857,20.487375259399414,0
33.166294363099,75.30985760228222,22.850425720214844,0.12240000000000001,933,32.09375,1
24.953985867206743,86.33946249223011,2.1079142093658447,0.014400000000000001,91,13.131500244140625,0
8.584615265395588,76.97937655781836,20.301578521728516,0.061200000000000004,118,24.681625366210938,1
22.349590195487426,91.81370600212607,11.377778053283691,0.0,42,25.919750213623047,1
33.13287703452975,75.43921500319543,47.434627532958984,0.2484,1025,32.09375,1
27.02100933596576,89.90703181158239,26.434755325317383,0.22319999999999998,1611,23.745500564575195,1
34.78083642324701,89.2149697166967,3.092180013656616,0.0,4969,5.938374996185303,0
33.57916006768033,73.08679676867165,4.47152042388916,0.0,488,25.45425033569336,1
32.33948497559539,78.48180887050825,40.72891616821289,0.0,5973,13.711000442504883,0
30.92086547891384,77.02060922935944,12.932917594909668,0.10439999999999999,1287,24.901750564575195,1
33.611768912493865,73.04394712961914,3.569373369216919,0.0,506,25.45425033569336,1
25.139128647263778,93.55787495777253,24.58253288269043,0.36,1223,29.18262481689453,0
28.57626258736189,82.39082782935435,31.600637435913086,0.3132,1501,18.632625579833984,0
28.419686233339856,83.14217873299192,57.44198989868164,0.30600000000000005,2658,18.236499786376953,1
33.336884435553294,75.19154947936369,15.857049942016602,0.036000000000000004,1194,37.430625915527344,1
21.564013479524906,95.71598759634126,1.027836561203003,0.057600000000000005,261,21.338125228881836,0
30.954552302068322,77.17907204547812,37.63178634643555,0.34559999999999996,1888,24.901750564575195,1
26.877099227449815,87.32150076082958,19.23710823059082,0.234,1023,21.972126007080078,1
21.444088389094947,92.11176701339693,7.327095031738281,0.1296,15,18.750125885009766,1
33.337692919309,75.19208846853415,30.071733474731445,0.0396,1226,37.430625915527344,1
33.06765934490267,75.14654388362929,31.65357208251953,0.07200000000000001,1712,33.29574966430664,1
33.20564057254343,68.72394892828837,2.86560320854187,0.0,2149,23.006999969482422,0
27.103474679047935,93.68857983161192,2.8731849193573,0.0,146,32.55649948120117,1
32.37101584206798,77.24671518637233,6.798192501068115,0.0,3973,21.578248977661133,1
6.620538728196666,80.17207890910754,6.39497709274292,0.24480000000000002,15,29.313751220703125,1
7.469446671689615,80.61216356679769,11.667046546936035,0.23040000000000002,436,33.84674835205078,1
24.456768357446588,80.81859641908837,3.2889211177825928,0.018000000000000002,310,18.222373962402344,0
33.81604580810264,95.26539264982692,2.2304060459136963,0.0,4452,14.811249732971191,0
17.61645679499008,79.81877150786333,3.1541318893432617,0.018000000000000002,204,20.798250198364258,0
34.53370988858573,82.05638504907665,1.9112874269485474,0.0,5245,11.060375213623047,0
34.07853353412237,74.38360471282658,10.249446868896484,0.27,2699,43.8853759765625,1
21.777183696446468,92.19908325901335,4.334766864776611,0.0,20,19.425874710083008,1
27.72223424674946,83.47635201868438,24.14752197265625,0.36,386,21.55037498474121,1
28.129710059626074,83.50033703677038,26.7722110748291,0.2484,1659,15.446000099182129,1
31.83283515535198,79.0315778243894,27.66195297241211,0.0,4792,15.555749893188477,0
30.103488401893486,78.4265624805349,39.327938079833984,0.2412,700,24.33387565612793,1
12.632423935638151,75.65534966055459,17.479887008666992,0.36,264,27.536624908447266,0
19.641978097622776,82.35417656576227,4.0534772872924805,0.10080000000000001,634,16.22599983215332,1
29.558031361376113,91.39221647081719,27.811325073242188,0.0,4335,12.63337516784668,0
34.70187450977291,71.67168070159816,28.444778442382812,0.1764,1276,19.59262466430664,0
33.18758443533263,85.37143794206293,2.2261316776275635,0.0,5062,9.743124961853027,0
33.18030808153126,75.80788359579809,5.12103271484375,0.0,1075,43.891876220703125,1
30.11884959325193,97.53184211166047,25.463836669921875,0.0,4518,17.29800033569336,0
33.81523732434694,78.2958576066955,30.48615837097168,0.0,5675,13.597000122070312,0
8.329403893177233,77.19631969893322,4.787228107452393,0.19440000000000002,29,24.67850112915039,1
22.173879725913647,70.27300380422406,1.406726598739624,0.018000000000000002,137,16.428125381469727,0
25.428296337221852,78.95908378096095,2.86560320854187,0.018000000000000002,220,16.8072509765625,0
11.809926461498318,78.22525002536372,19.331180572509766,0.32400000000000007,1368,32.166748046875,1
26.66851041847726,85.974836318406,2.3421692848205566,0.025200000000000004,70,20.082624435424805,0
17.06614885193846,73.50262691369056,9.853099822998047,0.2808,162,20.115999221801758,1
22.717719798919607,92.84155835021562,23.605525970458984,0.36,728,30.683124542236328,1
30.07007107332424,78.30259497132641,2.9192750453948975,0.36,468,24.33387565612793,1
22.86243839119126,87.63141953385082,1.037390947341919,0.0792,26,21.94012451171875,0
15.345425925207518,73.89770597564633,2.2000465393066406,0.028800000000000003,10,15.611624717712402,1
23.09150878864174,76.34929821753693,2.1751441955566406,0.021599999999999998,467,22.148374557495117,0
19.0175591436313,72.85610940370975,1.9112874269485474,0.0,13,28.17387580871582,1
27.777211142137574,85.84170599329948,20.146020889282227,0.27,1837,22.45800018310547,1
34.11680176522586,90.54654246234708,6.419748783111572,0.0,5528,10.670875549316406,0
30.914128114282942,76.81794930126208,3.627229928970337,0.018000000000000002,431,24.114500045776367,1
22.516407343748423,84.58154931273663,1.0347753763198853,0.0756,386,15.277125358581543,0
30.454100857285336,78.39098919528377,30.730985641479492,0.025200000000000004,1135,26.718374252319336,1
26.145421428534465,91.79376340281861,6.537227153778076,0.0036000000000000003,77,26.14287567138672,1
20.907255175305124,81.66130598712088,1.4001625776290894,0.018000000000000002,303,18.962499618530273,0
24.570764567001355,86.14084498291129,2.308272123336792,0.1908,368,14.966249465942383,0
28.27254218980108,83.95713035874515,23.20257568359375,0.11520000000000001,1026,20.78762435913086,1
33.20348461586154,86.95903054368735,18.01641082763672,0.0,5410,9.77037525177002,0
24.787438213530983,82.66140039293114,0.0,0.0396,287,18.371875762939453,0
25.066634603835332,93.93112495832419,0.9559096097946167,0.2664,984,30.600000381469727,1
27.500170708515114,86.86686339553668,34.55886459350586,0.34559999999999996,2549,31.72599983215332,1
31.20760771760479,77.19308576391039,18.90732765197754,0.23760000000000003,855,20.711999893188477,1
24.451108971156636,81.6914893806673,1.419857144355774,0.007200000000000001,270,16.7760009765625,0
25.64928189711525,86.47852169821182,2.3252153396606445,0.007200000000000001,39,21.683374404907227,0
29.73778424972843,68.37899585918646,25.111003875732422,0.0,670,20.23550033569336,0
35.4842172907126,80.97786771896276,6.173986434936523,0.0,5314,61.630001068115234,0
21.30610716145419,95.1419641297889,1.4021748304367065,0.0,53,21.283750534057617,0
33.94728967111251,76.97344767694317,12.17678165435791,0.0,4493,13.949000358581543,0
6.936655876678326,80.69516789905035,7.703627109527588,0.17279999999999998,1383,30.275625228881836,1
27.362189480874356,90.92599083835916,52.231361389160156,0.36,2612,22.683500289916992,0
28.367673778389335,69.04922889266804,2.1718881130218506,0.0,65,10.882749557495117,0
30.15011096513929,78.7752884738301,31.2316951751709,0.04680000000000001,1620,26.500375747680664,1
15.750206792231774,97.75687009033241,1.9112874269485474,0.30600000000000005,27,24.13224983215332,0
28.263918363073532,83.97249155010358,3.7706120014190674,0.0,989,20.78762435913086,1
28.407558977004243,71.72369315654868,4.442439079284668,0.0,109,15.690999984741211,0
27.86856980653253,83.66068631498571,5.474238395690918,0.24480000000000002,1125,22.87612533569336,1
34.290086783532516,78.15437294944668,37.22379684448242,0.0,5589,8.173999786376953,0
29.142470710942423,81.88336952535523,27.484363555908203,0.07200000000000001,3088,23.563875198364258,1
26.238397060440835,77.5682222265587,0.9559096097946167,0.043199999999999995,186,16.735750198364258,0
23.9668272014878,79.69695995533672,18.216218948364258,0.028800000000000003,358,25.16962432861328,0
28.177949590383292,83.69868505150396,15.232070922851562,0.09720000000000001,1426,15.446000099182129,1
12.128738555832337,77.64960959129992,30.620925903320312,0.2268,1140,29.595125198364258,0
17.274198671740542,97.71563741879133,1.9112874269485474,0.23760000000000003,33,19.374374389648438,0
30.35843027952661,81.35381266536677,15.540934562683105,0.0,5878,12.420000076293945,0
35.327640936690564,73.4772944226784,10.527080535888672,0.0,3819,26.762374877929688,0
22.90151510605046,76.43203305520433,7.019747257232666,0.07200000000000001,558,20.919124603271484,0
34.08877432836133,74.02275146319577,22.986791610717773,0.010799999999999999,1391,43.88800048828125,1
31.53746908993348,77.3736471360184,38.76605987548828,0.216,3126,30.90275001525879,1
29.05219002488841,87.59234281899161,31.277555465698242,0.0,4734,11.938875198364258,0
31.10304381853328,77.20359605273458,51.58173751831055,0.057600000000000005,2249,20.711999893188477,1
33.22154075307235,75.2691639199116,20.36172866821289,0.007200000000000001,738,32.09375,1
27.10643911948553,93.65974391099168,14.982524871826172,0.3024,244,32.55649948120117,1
34.81991313810621,71.19063286695216,22.271949768066406,0.0648,1614,23.215625762939453,0
29.975747968491692,84.78959913253871,7.679043769836426,0.0,5774,9.905875205993652,0
34.00523100693822,71.54474875195207,2.9931604862213135,0.0,354,26.911998748779297,1
27.486695979253323,91.3660754960493,4.704990386962891,0.36,3082,20.373750686645508,0
20.190938567748216,80.66202006506633,7.093684673309326,0.36,416,19.12987518310547,0
19.900962394034433,83.31007385959386,17.63249969482422,0.33480000000000004,577,18.8385009765625,0
21.451364742896317,70.53522203565855,12.278855323791504,0.1368,126,17.850500106811523,0
6.737499378189028,80.95684714131436,3.459303379058838,0.19440000000000002,560,26.82437515258789,1
31.709406635313957,76.92978955413496,2.440887928009033,0.0,757,22.846500396728516,1
28.552277569275898,82.53985833498977,36.5721549987793,0.21960000000000002,2299,20.585250854492188,0
34.26178985208275,89.43730274951629,0.9559096097946167,0.0,5221,10.347125053405762,0
34.333205917170254,73.20187095656735,2.503408432006836,0.0,1092,21.82062530517578,1
25.380056806464633,91.88000167009409,41.28709030151367,0.2916,1305,27.001375198364258,1
22.411843444676908,84.7354307209063,9.68775463104248,0.0,297,14.452249526977539,0
30.741112590561524,79.49295255431319,11.600726127624512,0.0,3084,43.886749267578125,1
21.15842412874494,78.26432674022291,2.049335241317749,0.014400000000000001,438,21.8125,0
26.871170346574626,88.30515599694046,32.67588806152344,0.09360000000000002,1149,24.125,1
33.694234255576035,73.0399047108406,2.9867303371429443,0.025200000000000004,548,25.45425033569336,1
20.06265914517595,83.4434736792856,0.9559096097946167,0.04680000000000001,243,23.53874969482422,0
16.959698490770297,80.51029461357854,2.76397967338562,0.018000000000000002,62,16.870250701904297,0
32.90569309917592,81.29775779163772,1.9112874269485474,0.0,4517,11.223625183105469,0
27.78987738764366,86.34997278105432,14.64948844909668,0.014400000000000001,4139,24.396625518798828,1
34.498945087090306,73.05499640761381,6.913403511047363,0.0,1181,21.82062530517578,1
27.28726998617879,88.28170996802494,19.062129974365234,0.36,572,21.368125915527344,1
32.24623984910378,78.06624822007456,24.102170944213867,0.0,4120,14.744250297546387,1
28.18280049291754,85.34314101061315,14.398324966430664,0.043199999999999995,1519,21.696250915527344,1
20.61593152866516,78.88146934041303,3.516726016998291,0.021599999999999998,219,22.967248916625977,0
27.971516738092628,85.96217007289992,19.323497772216797,0.028800000000000003,1694,22.45800018310547,1
27.098623776513687,93.81605077042848,13.997483253479004,0.3024,214,20.94824981689453,1
29.798690025991732,80.41704948708694,34.386497497558594,0.057600000000000005,739,27.50550079345703,1
28.374141648434996,83.52135761441876,26.64531707763672,0.16920000000000002,1837,18.731874465942383,1
26.88248911915453,88.280631989684,21.604570388793945,0.04680000000000001,1614,24.125,1
31.793488945907544,90.45626177629306,3.0777010917663574,0.0,4621,12.422874450683594,0
33.35413208900839,75.17241536381194,42.82427215576172,0.04680000000000001,1331,37.430625915527344,1
30.52282197652048,71.69539622509892,0.0,0.021599999999999998,130,15.29312515258789,0
28.190076846718906,83.69706808399255,32.07185745239258,0.36,1114,15.446000099182129,1
24.530879368386447,92.51196647247217,15.857540130615234,0.34199999999999997,62,25.887624740600586,1
31.02947179676389,70.98258304715007,0.9559096097946167,0.021599999999999998,148,17.785499572753906,0
25.11756908044491,92.85718903615931,9.09144115447998,0.0,151,28.253623962402344,1
29.65451042289055,89.40011249675374,34.66010665893555,0.0,4605,11.718250274658203,0
7.418512195080037,80.60839064260439,14.677940368652344,0.20519999999999997,472,33.84674835205078,1
23.098515647857873,78.30987132512777,2.86560320854187,0.018000000000000002,337,27.54487419128418,0
22.43124705481389,92.30283867432915,12.15447998046875,0.3096,379,22.600500106811523,0
35.99787397017214,71.56064893248099,30.27416229248047,0.04680000000000001,2385,39.996376037597656,1
35.421155557767406,97.62697370024873,6.698917388916016,0.0,4729,13.840999603271484,0
21.732447595297316,77.73800381525729,1.4043810367584229,0.010799999999999999,723,22.28849983215332,0
33.21183894800386,79.31858955766559,14.987298011779785,0.0,5607,12.664999961853027,0
35.62651043171713,69.12872979531262,6.97990608215332,0.043199999999999995,1352,18.30987548828125,0
26.06160861252611,96.2460834455002,3.3289222717285156,0.36,819,32.561500549316406,0
30.252518907528916,78.92270201195412,40.5437126159668,0.17279999999999998,739,27.071874618530273,1
22.32264073696384,78.4400372097967,7.03477668762207,0.1404,646,27.985000610351562,0
6.9733071402704025,81.08350959637521,13.745553970336914,0.3168,869,29.414125442504883,1
16.2832670818283,80.26101212223537,21.95035171508789,0.0648,192,24.054250717163086,1
22.190857884783508,92.21336647203084,8.417112350463867,0.0828,14,20.050249099731445,1
32.09397540844552,82.01515237753557,1.478635311126709,0.0,4671,10.744000434875488,0
28.366595800048394,82.16660833443812,40.4240608215332,0.126,1273,18.456375122070312,1
31.85547270051179,96.4557502328137,35.43635559082031,0.04680000000000001,4289,15.721750259399414,0
23.676312038603548,91.62856322206903,2.86560320854187,0.09720000000000001,43,25.92099952697754,0
18.83026040689238,73.41396319514797,4.768948078155518,0.2412,634,20.07525062561035,0
15.20151581669157,74.99454893755627,3.4815428256988525,0.014400000000000001,558,13.394874572753906,0
17.847144159951974,94.58626629503256,15.26462459564209,0.27,135,18.570499420166016,0
23.436461857743634,94.89888001390615,7.7889790534973145,0.34199999999999997,453,22.772125244140625,0
31.57573732103697,93.17465365756715,18.94875144958496,0.0,4979,17.719375610351562,0
27.46459742326398,70.60636860616081,1.0773019790649414,0.007200000000000001,135,15.561249732971191,0
26.196086410558806,91.78244463023871,12.909835815429688,0.0,124,26.14287567138672,1
33.99391223435831,90.75755672258674,31.87637710571289,0.0,5628,10.6899995803833,0
24.981743809486037,93.51421683496433,6.743279457092285,0.23760000000000003,1249,29.5783748626709,1
22.583242000886916,75.34839532797095,1.4089581966400146,0.007200000000000001,570,19.600875854492188,0
9.89570642256803,76.9346404566692,11.069718360900879,0.3024,745,25.985750198364258,1
33.09757324386385,75.5788131983476,26.787660598754883,0.0792,1071,43.89250183105469,1
31.65389075075537,97.07720474636758,19.184648513793945,0.16920000000000002,3862,16.858875274658203,0
25.350412402088686,68.61049170790406,1.4255421161651611,0.12240000000000001,19,19.765125274658203,0
30.308573781257973,88.22969751307441,2.208420991897583,0.0,5068,10.356749534606934,0
31.572772880599377,77.8560424435906,52.223690032958984,0.1548,1654,43.8797492980957,1
17.465539827258002,78.35649388837358,1.9112874269485474,0.028800000000000003,603,26.79800033569336,1
33.57161421929372,80.65393522750925,4.45072603225708,0.0,4708,12.32075023651123,0
32.01932540833519,86.31278252829176,8.612101554870605,0.0,4811,9.93649959564209,0
28.97430608975525,83.87143108064015,18.566139221191406,0.0,3542,15.695375442504883,1
27.0641284696035,73.3037399097865,2.1461055278778076,0.018000000000000002,308,11.361624717712402,0
30.241469629534247,78.90787980976614,33.099239349365234,0.19440000000000002,767,26.500375747680664,1
30.949701399534078,93.59802965097268,14.412841796875,0.0,5116,22.644248962402344,0
26.663659515943017,94.62210907486893,3.964468479156494,0.30600000000000005,341,29.786624908447266,1
28.058293994538573,82.40187710734902,3.0628550052642822,0.025200000000000004,631,16.20537567138672,1
16.514223941375427,80.6054262021668,24.58014488220215,0.0,121,18.47487449645996,1
32.782534073723134,83.14702963552617,16.213775634765625,0.0,4940,10.079625129699707,0
15.884145601093994,79.48621518968228,19.550676345825195,0.018000000000000002,271,28.908124923706055,0
34.05805194564444,76.73009406647519,17.884082794189453,0.0,5345,13.437999725341797,0
21.78284308273642,85.06529209323499,20.76312828063965,0.3492,310,21.146499633789062,0
30.89229905287884,77.09013883235029,28.657787322998047,0.0324,1572,24.901750564575195,1
33.70851746859354,75.74643883036431,43.048553466796875,0.0756,3226,43.894500732421875,0
27.334162044009826,88.60833740533079,24.785747528076172,0.3204,1449,22.061124801635742,1
28.926336053583267,91.63044968416568,28.48912239074707,0.0,4211,11.722625732421875,0
19.567867086682917,80.00957367421032,2.1634886264801025,0.1296,150,30.45862579345703,0
25.425870885954726,94.60243597014671,11.736433029174805,0.3168,1335,30.542875289916992,1
29.196908617160066,91.85520816825239,32.56037521362305,0.025200000000000004,4651,12.883125305175781,0
34.44235122419077,70.3522352122834,5.85392427444458,0.010799999999999999,612,21.81825065612793,0
26.196355905144042,91.80750762666564,15.028156280517578,0.126,172,26.14287567138672,1
25.202998863964673,90.55732224575651,14.623757362365723,0.36,139,19.38599967956543,1
23.731288933991664,92.71866881934808,16.283130645751953,0.054,1024,20.777124404907227,1
32.11445699692345,69.76608448939542,3.9806740283966064,0.0,903,20.00200080871582,0
29.248382082940115,79.53714966629187,2.389441967010498,0.0,488,23.828874588012695,1
28.216756810657255,84.00617837325807,20.104904174804688,0.14759999999999998,891,14.384749412536621,1
20.745288929578372,86.0303522029646,1.3993594646453857,0.021599999999999998,28,19.488374710083008,0
33.89150429196869,92.47181177927203,2.302107334136963,0.0,4565,11.42662525177002,0
27.47241276623582,84.28806970941478,1.4401655197143555,0.036000000000000004,167,23.355499267578125,0
19.022140551580307,72.8663501979487,7.292572021484375,0.0,9,28.17387580871582,1
28.000352658712863,84.03312783178166,20.410999298095703,0.21960000000000002,953,14.384749412536621,1
34.29466819148153,75.48314262058888,2.86560320854187,0.0,3479,22.547250747680664,1
28.11003695490386,83.68008992512269,35.024864196777344,0.1584,1418,15.446000099182129,1
9.598723389638115,76.528781611304,1.9384052753448486,0.010799999999999999,7,33.30012512207031,1
30.606365297943597,70.41556643981383,19.978822708129883,0.0,582,20.954500198364258,0
33.312090933711595,69.72161788283151,0.9559096097946167,0.010799999999999999,1367,19.991750717163086,0
27.440073416007518,92.28316556960694,7.136906147003174,0.36,2612,23.242374420166016,1
35.27293353588769,72.98304135335584,30.330257415771484,0.0,3716,27.64212417602539,1
33.175457178997014,75.8103090470652,46.3269157409668,0.057600000000000005,1062,43.891876220703125,1
27.348175762442093,71.64931265102358,1.439260482788086,0.0,192,13.497249603271484,0
22.130491097690676,95.54890095349504,2.0631673336029053,0.018000000000000002,124,21.382625579833984,1
30.248476488750377,78.88470327543585,30.516834259033203,0.34559999999999996,917,26.500375747680664,1
28.107072514466264,84.30801230872223,1.4448875188827515,0.018000000000000002,484,15.284749984741211,1
34.864379744670124,70.33741301009543,5.900712013244629,0.007200000000000001,1116,21.400249481201172,0
25.374397420174677,93.01861629271558,10.604031562805176,0.20879999999999999,227,28.093374252319336,0
29.369385151711015,82.56438234224625,12.217351913452148,0.0,5329,8.773500442504883,0
35.733769276641,93.21534733993776,3.097367763519287,0.0,4710,12.456250190734863,0
35.3489310089242,84.27755942059058,2.2415101528167725,0.0,4850,10.623125076293945,0
30.720361507498364,73.35278792429943,1.9112874269485474,0.025200000000000004,177,13.00837516784668,0
19.747889469620468,73.0075653606123,3.0396955013275146,0.0684,26,13.825124740600586,0
6.973037645685167,81.08539605847186,8.654237747192383,0.10080000000000001,837,29.414125442504883,1
17.069921776131764,96.8203764066378,3.492213487625122,0.0,9,19.582500457763672,1
30.329863853491606,79.32047601976224,35.187294006347656,0.18,923,21.964250564575195,1
28.920407172708078,95.34300709037484,30.105430603027344,0.0,4062,43.84562683105469,1
24.27836294202045,97.03678055858221,3.6766088008880615,0.3492,189,23.113500595092773,0
16.070096864906738,74.59893088643004,5.61720609664917,0.018000000000000002,771,22.691875457763672,0
6.5868519050421845,80.1604906419424,7.837208271026611,0.23040000000000002,21,29.313751220703125,1
22.494578282344317,79.4899881138756,3.640859603881836,0.014400000000000001,564,24.6721248626709,0
27.35787756751058,85.97510581299125,20.20745086669922,0.021599999999999998,529,19.43199920654297,1
29.547790567137152,79.3210150089327,27.605224609375,0.2664,854,25.810375213623047,1
16.514223941375427,80.6054262021668,24.58014488220215,0.0,121,18.47487449645996,1
28.679209518921986,82.67891754097148,29.69017791748047,0.036000000000000004,1415,20.585250854492188,1
29.915920170569333,92.21498343954227,13.191225051879883,0.0,4968,14.210249900817871,0
33.31532486873442,97.57576972905392,4.947067737579346,0.0,4278,14.763375282287598,0
29.204723960131908,74.61456157237372,3.0670676231384277,0.0036000000000000003,187,19.928625106811523,0
34.58464436519531,73.37300001819212,30.41901206970215,0.234,1218,30.16962432861328,1
23.21358983575358,75.33680706080581,0.0,0.0324,531,20.043249130249023,0
31.203565298826252,92.77553217683284,12.809374809265137,0.0,5215,15.248374938964844,0
33.54520374994061,73.70609532554364,6.023215293884277,0.036000000000000004,529,31.750749588012695,1
23.202271063173676,74.52535886466065,3.6546051502227783,0.036000000000000004,422,17.726625442504883,0
27.431180094694735,70.86696987008389,2.8779125213623047,0.014400000000000001,125,15.43862533569336,0
20.003639831009295,96.93841503497111,3.0492451190948486,0.0396,900,29.406875610351562,0
27.16950085243072,88.366331267789,23.45208168029785,0.23040000000000002,1583,18.95075035095215,1
30.504226850139204,79.48756266260847,22.763612747192383,0.108,1489,43.886749267578125,1
31.430210245009608,87.06548090485552,7.918682098388672,0.0,4871,10.630249977111816,0
22.298386224292614,94.60108849722053,1.4073995351791382,0.36,597,19.323875427246094,0
29.37558352717144,93.07682712312653,9.32838249206543,0.0,5225,18.573625564575195,0
28.002239120809516,85.13293523412919,18.607757568359375,0.1404,1379,17.88974952697754,1
34.525625051028655,73.34470308674236,26.685766220092773,0.057600000000000005,1050,30.16962432861328,1
28.265535330584946,83.81887963651916,20.43521499633789,0.2412,1635,20.78762435913086,1
9.11525010372499,78.195875115573,2.142174482345581,0.007200000000000001,19,26.32437515258789,0
35.07485501573933,68.68702817011105,27.118986129760742,0.0,3413,18.771625518798828,0
6.959293421838138,80.79488089558761,3.9372000694274902,0.1404,1923,29.14525032043457,1
29.73239435802371,81.05952457828921,23.907432556152344,0.10080000000000001,3800,43.78237533569336,0
34.08769635002039,74.02248196861053,6.957282543182373,0.0756,1391,43.88800048828125,1
14.488433144157495,79.27385345651643,4.116012096405029,0.0,93,32.26374816894531,0
25.246387492187647,80.94579786331968,2.18363618850708,0.007200000000000001,128,16.237625122070312,0
30.33498425061109,78.51118378029896,18.36509132385254,0.0,1482,27.674625396728516,1
21.438429002804995,92.00828109266635,7.214054107666016,0.0324,10,18.750125885009766,1
23.71188532385468,90.4077527509506,2.177476167678833,0.0,15,25.48724937438965,1
22.760838932557345,89.38744625124765,2.2820305824279785,0.0,-1,25.50724983215332,0
33.36006096988358,75.1729543529824,41.469520568847656,0.20879999999999999,1364,37.430625915527344,1
31.06585356577073,83.55073252420948,27.463165283203125,0.0,5925,10.557374954223633,0
18.788219251595585,95.82055149541279,17.691364288330078,0.2916,445,26.86199951171875,0
28.182261503747068,80.90483468636384,0.9559096097946167,0.07200000000000001,140,21.779125213623047,0
23.978145974067708,93.2088794698921,22.659286499023438,0.35640000000000005,942,25.92762565612793,0
9.990299021985816,76.78992186439754,3.8183305263519287,0.12240000000000001,52,25.985750198364258,1
20.785713117363752,79.83898360175603,2.797450065612793,0.07200000000000001,223,24.203125,0
32.888175951135594,69.169153983098,13.117508888244629,0.0,2333,18.766250610351562,0
28.746583165230952,97.61646341142453,25.669464111328125,0.0,4735,24.123624801635742,0
33.18758443533263,81.44705779185838,0.9559096097946167,0.0,4544,10.949250221252441,0
25.343405542872556,92.28963343965259,2.114645004272461,0.057600000000000005,1201,19.674625396728516,1
26.079125760566445,77.22219117911585,13.576774597167969,0.23040000000000002,309,16.728500366210938,0
33.085176492943006,74.88001373883102,29.940771102905273,0.0324,805,33.30787658691406,1
27.57994110574493,91.85682513576381,26.404130935668945,0.10439999999999999,2757,18.176000595092773,1
28.248287677129852,83.97437801220025,22.663599014282227,0.061200000000000004,943,14.130374908447266,1
34.11895772190775,73.8764159034127,33.569942474365234,0.09,1145,43.83812713623047,1
31.667904469187633,69.45454874886276,12.250723838806152,0.0,1289,21.842374801635742,0
28.21918226192438,83.68601880599788,4.32987642288208,0.0,871,15.446000099182129,1
28.008168001684705,84.64757548611941,21.60102653503418,0.09720000000000001,1146,17.004499435424805,1
32.410362051512415,71.15802402213862,13.10435962677002,0.018000000000000002,471,22.014625549316406,0
28.226458615725747,82.55306356966634,24.03679847717285,0.1404,1453,19.000123977661133,1
35.451877940484295,68.55389784500454,34.83303451538086,0.0,2798,26.559999465942383,0
29.15567594561898,95.79198506937779,31.13383674621582,0.1512,3395,30.322874069213867,0
16.921430259666806,73.59290759974458,12.807843208312988,0.2484,68,19.596750259399414,1
11.409996497008306,76.68993937327504,16.077529907226562,0.09,2244,30.40912437438965,1
30.461916200257175,79.07658342012378,35.42729949951172,0.20519999999999997,979,23.86425018310547,1
27.72762413845418,88.04455473301738,37.07888412475586,0.0,5522,12.770000457763672,1
22.63444597208173,78.5273534554131,2.1734821796417236,0.1512,419,28.151874542236328,0
26.19177449719503,91.81020257251801,14.57491683959961,0.010799999999999999,98,26.14287567138672,1
32.34918678066388,77.21814876033733,2.455366849899292,0.0,3333,21.578248977661133,1
27.818713308263895,85.77352386323481,21.641611099243164,0.22319999999999998,995,22.45800018310547,1
31.256925226702954,75.36483449767033,3.3511455059051514,0.0,225,24.09862518310547,0
34.930675412638145,97.23351160580438,0.0,0.0,4291,14.034625053405762,0
24.557289837739564,73.64572853845081,10.43710708618164,0.09360000000000002,618,17.173250198364258,0
26.99190392076029,88.42292513068853,30.335561752319336,0.2556,269,24.125,1
21.972297776157227,82.65520201747073,0.0,0.010799999999999999,245,13.56262493133545,0
19.691565101306175,76.89421626888382,3.5097689628601074,0.010799999999999999,462,24.759124755859375,0
27.711454463340026,83.90727386047651,23.81353187561035,0.16920000000000002,902,22.5989990234375,1
24.984977744508868,92.84101936104516,13.231720924377441,0.36,262,33.76937484741211,1
27.79499778476314,84.43197981793072,51.647403717041016,0.0648,259,23.421499252319336,1
30.452753384359156,78.10451645117806,30.05643653869629,0.1656,2065,26.523876190185547,1
19.699110949692777,80.63480111195751,6.737363338470459,0.36,360,25.579124450683594,0
34.87327306598291,72.6626122915104,17.589710235595703,0.1296,2226,18.553125381469727,1
23.530245973405712,95.23089734291673,5.285379409790039,0.2592,247,21.600749969482422,0
27.067901393796802,88.45607296467253,19.64296531677246,0.2592,1085,18.95075035095215,1
33.62308768507377,72.97926842916253,0.0,0.0,579,20.704999923706055,1
26.8221223320617,97.69111341153486,6.3928117752075195,0.36,487,25.206125259399414,0
30.150380459724527,75.90840507609106,1.105433702468872,0.0324,239,15.811624526977539,0
28.698343634473733,84.13364931207464,28.821626663208008,0.0,5189,13.767999649047852,0
27.583983524523465,91.8770372296565,20.75433921813965,0.1368,2724,18.176000595092773,1
27.00753460670397,88.25098758530805,15.341437339782715,0.043199999999999995,2256,18.95075035095215,1
34.63153642302635,78.34733107247555,20.357288360595703,0.0,5365,32.01599884033203,0
29.53350735411965,89.35834083604217,22.983131408691406,0.0,5278,11.718250274658203,0
30.833549233297422,80.10201031694622,35.04899597167969,0.0,5053,15.290249824523926,0
27.520382802407802,89.74668253336705,30.604921340942383,0.3132,2584,39.63362503051758,1
23.33944380705873,84.33954317519483,2.86560320854187,0.036000000000000004,626,23.298749923706055,0
28.086051936817867,73.42635994606883,3.8183305263519287,0.0,216,19.85387420654297,0
19.923599939194247,75.9922178920994,0.0,0.021599999999999998,536,21.83625030517578,0
30.071149051665184,80.2386440716608,18.255474090576172,0.061200000000000004,2128,42.509498596191406,1
23.75419597373671,92.74130636450789,23.80015754699707,0.11880000000000002,959,21.56399917602539,1
29.390675223944648,79.45522331238017,2.9080452919006348,0.014400000000000001,1945,28.60712432861328,1
35.22280754303382,72.42572655108809,34.42348861694336,0.2124,2987,24.951875686645508,1
33.08302053626112,74.83339117558523,1.1408213376998901,0.028800000000000003,517,33.30787658691406,1
26.52486980454655,77.38442691942784,3.8183305263519287,0.018000000000000002,250,18.656875610351562,0
32.20662414507411,76.3641204197249,8.716986656188965,0.17279999999999998,1315,24.926124572753906,1
31.581396707326924,78.78984118143283,32.75078201293945,0.0,4897,15.280625343322754,0
33.413690392345515,86.58389408103903,8.879369735717773,0.0,5409,10.008999824523926,0
29.50359345515847,85.40943667858117,34.806766510009766,0.0,5820,10.714875221252441,0
22.628247596621303,76.68697493283744,4.340682506561279,0.021599999999999998,311,22.46700096130371,0
27.0926948956385,85.55011285207429,3.059522867202759,0.036000000000000004,144,16.704500198364258,1
20.194441997356282,97.45880907906155,12.390789031982422,0.2412,1176,25.073375701904297,0
30.405322337357646,79.34257457575158,28.18583106994629,0.16200000000000003,1057,21.964250564575195,1
13.125599026619769,92.99705672589671,6.162108898162842,0.2736,221,19.39287567138672,0
17.23862538648941,78.49663107269622,0.9559096097946167,0.0828,580,22.15887451171875,0
10.237964545817567,77.63775182954954,25.821144104003906,0.30600000000000005,926,32.25175094604492,1
30.624690929739632,91.10655221046719,22.04804229736328,0.0,4941,15.49262523651123,0
20.53939506645818,82.42586212543502,4.887394428253174,0.021599999999999998,646,18.477001190185547,0
13.038552275588588,77.06291987924146,4.814548492431641,0.025200000000000004,800,21.374250411987305,0
24.91113622815424,94.47577351508586,27.462472915649414,0.2412,1827,27.486000061035156,1
19.415872140609892,96.83277315755866,12.021658897399902,0.36,1075,26.398500442504883,0
32.07591927123472,74.06910453185634,1.9112874269485474,0.007200000000000001,219,26.986875534057617,0
33.02993010296965,74.94819586889571,19.44822120666504,0.19440000000000002,1761,33.30787658691406,1
34.43157144078134,95.42789788472415,2.5059194564819336,0.0,4242,13.796250343322754,0
28.855189483081002,90.37487441155183,17.460205078125,0.0,4729,11.6587495803833,0
23.230298500038206,95.68176178401632,3.956681489944458,0.0792,246,24.79974937438965,0
29.42813497129243,74.94711789055476,1.4552644491195679,0.018000000000000002,198,20.43400001525879,0
33.773196169050145,80.25750869262731,19.02867889404297,0.0,4696,8.090499877929688,0
31.95060428910005,90.5220184550906,5.26959753036499,0.0,4655,11.806625366210938,0
7.284034397047345,80.56715797106331,2.1505913734436035,0.30600000000000005,539,33.84674835205078,0
31.580049234400743,96.67646629812187,26.534648895263672,0.0684,4088,17.047000885009766,0
24.6109192602015,92.56209246532605,4.9449238777160645,0.10080000000000001,32,25.887624740600586,1
17.897539647391078,73.2961940613999,20.516357421875,0.20519999999999997,206,18.658124923706055,1
30.822230460717517,69.38663611338333,4.895960807800293,0.0,2044,21.418750762939453,0
35.15947631550339,79.46465562286342,3.503652334213257,0.0,4966,10.407625198364258,0
19.33798820547673,73.77670290687543,59.62187576293945,0.12240000000000001,612,19.048749923706055,1
26.879794173302173,87.91708379420082,26.654626846313477,0.1764,638,25.038875579833984,1
30.596663492875106,79.5697585111054,52.270042419433594,0.0756,1685,40.76750183105469,1
30.683710243906287,79.04801699408878,21.379850387573242,0.1764,2466,43.844749450683594,1
31.47117342196546,77.67467258772686,51.032440185546875,0.08639999999999999,1074,29.073875427246094,1
27.36003352419247,87.6680707974429,13.516528129577637,0.17279999999999998,1682,20.892250061035156,1
34.53829129653474,74.24939640937913,19.083301544189453,0.0,1650,43.11225128173828,1
28.069882261703714,85.01004570326164,23.378225326538086,0.2664,1608,17.88974952697754,1
28.612105367198257,96.77941322968196,25.8649959564209,0.0,4454,21.909500122070312,0
18.76315625516865,73.34712853800949,55.058624267578125,0.07200000000000001,347,20.07525062561035,1
27.807664030269226,84.43763920422067,15.799175262451172,0.33840000000000003,561,23.421499252319336,1
30.678589846786807,78.3476005670608,43.15528106689453,0.028800000000000003,970,26.933250427246094,1
24.900625939330045,91.86437098415041,0.9559096097946167,0.0,19,23.993125915527344,1
19.87455192468132,84.80819425891998,19.872230529785156,0.1512,181,18.745500564575195,0
22.63687142334885,92.14518434196617,2.0706839561462402,0.108,36,22.434375762939453,1
24.997374495429717,94.00873939887212,9.989313125610352,0.20160000000000003,805,28.209625244140625,0
31.441529017589513,71.69863016012175,2.215040922164917,0.007200000000000001,168,20.79024887084961,0
27.951304644199936,85.68459065010698,16.12391471862793,0.36,2769,21.783000946044922,1
27.489660419690917,85.05127837480272,55.763248443603516,0.3132,822,20.772125244140625,1
11.350168699085946,76.79180832649419,17.61380386352539,0.014400000000000001,1747,29.438125610351562,1
30.758360244016618,86.09476140883596,24.09193992614746,0.0,4860,10.968250274658203,0
29.51922414110215,80.46879244745222,9.53392219543457,0.0684,2000,29.013750076293945,1
15.951788741988196,73.99580200467219,35.69470977783203,0.24480000000000002,703,15.024999618530273,1
26.114699045817577,94.38630131278755,4.356317043304443,0.2664,350,30.549875259399414,1
34.91881765088777,68.90936120293063,22.278478622436523,0.0396,2315,22.9163761138916,0
30.900922879606387,77.46689226251002,14.633821487426758,0.36,2476,29.55062484741211,1
34.89941404075079,85.81852945896921,0.9559096097946167,0.0,5023,9.5600004196167,0
33.49561674625721,75.18130868512472,21.789005279541016,0.007200000000000001,2081,37.430625915527344,1
32.42895717789369,80.6978628449027,33.06523895263672,0.0,5056,11.884124755859375,0
21.003464742234325,70.78342654866078,2.16792368888855,0.1332,129,17.500375747680664,0
28.94951258791355,77.53076247921092,1.0923789739608765,0.028800000000000003,227,19.168624877929688,0
12.309030433355124,79.22776988244111,3.0842411518096924,0.04680000000000001,163,32.6978759765625,0
27.60257865090474,94.7654801942144,1.9112874269485474,0.20879999999999999,115,22.59987449645996,0
11.384933500581372,78.52250255287886,15.607199668884277,0.36,407,27.444625854492188,0
20.691929001701673,93.2592749573312,1.3990967273712158,0.1656,8,18.575000762939453,0
26.319514930596828,71.10223864299479,1.0664398670196533,0.0,266,15.928999900817871,0
27.26247648433709,87.60177512947487,25.059185028076172,0.18,1871,20.892250061035156,1
28.303534067103204,95.41118922043951,41.696407318115234,0.3168,1828,27.30762481689453,1
27.021548325136234,88.25907242286512,24.582435607910156,0.16200000000000003,2319,18.95075035095215,1
33.00864003073602,74.94253648260575,36.2971305847168,0.1368,1475,33.30787658691406,1
31.581396707326924,78.41281825668787,2.94580078125,0.0,2222,28.33712387084961,1
28.944661685379305,82.24934317210553,22.112382888793945,0.05040000000000001,1707,22.24625015258789,1
35.91433064874902,77.15993792992637,4.484845161437988,0.0,5901,29.87700080871582,0
8.45579685365285,77.0090209621943,1.3591800928115845,0.216,24,24.67850112915039,1
32.0066591628291,78.56993359988037,28.543981552124023,0.05040000000000001,3034,16.613000869750977,1
33.225583171850886,75.66963287357208,20.66574478149414,0.0648,2048,43.89250183105469,1
24.886881715483014,68.27200650884784,2.1821415424346924,0.0396,13,16.7966251373291,0
29.14920807557332,81.61656988597173,23.85759735107422,0.2556,1905,20.06712532043457,1
33.10862252185852,91.33184968372436,3.0837600231170654,0.0,5251,10.258125305175781,0
25.080109333097123,75.7200283610112,35.65140914916992,0.10439999999999999,351,16.67650032043457,1
21.440584959486884,92.11796538885736,12.084941864013672,0.2556,29,18.750125885009766,1
29.16807269653983,81.05736862160734,24.35580825805664,0.1332,792,18.80262565612793,0
31.100079378095685,77.16451933787539,15.758536338806152,0.1908,1884,20.711999893188477,1
27.886625943743333,69.70005831601263,0.9559096097946167,0.007200000000000001,68,9.001874923706055,0
33.89824165659958,80.9549606792177,0.0,0.0,4524,12.04699993133545,0
21.372941818592682,71.69135380632038,2.169133186340332,0.16920000000000002,85,16.479373931884766,0
35.237090756051316,72.15353701999987,29.07949447631836,0.043199999999999995,2984,19.93400001525879,0
27.940524860790504,90.94377748098472,7.181837558746338,0.021599999999999998,4515,26.46212387084961,0
24.99252359289547,93.49993362194682,12.353411674499512,0.0,1218,28.824249267578125,1
16.662715457840385,80.78625706886007,0.9977999925613403,0.025200000000000004,57,18.382375717163086,0
12.873352094839007,74.8482133777732,0.9559096097946167,0.018000000000000002,37,29.38312530517578,1
20.82883225100149,92.40632459505971,1.022735834121704,0.2268,10,19.66550064086914,1
20.131380264411092,96.43607712809148,12.82840633392334,0.36,1263,19.74762535095215,0
27.552183163465635,91.75199174210705,23.072256088256836,0.1836,2402,18.176000595092773,1
35.33303082839528,82.34447476069379,10.463187217712402,0.0,5236,11.420374870300293,0
17.250752642825024,96.78049120802291,1.3839240074157715,0.036000000000000004,4,21.089374542236328,0
24.19643658810875,73.70313088510605,24.840726852416992,0.036000000000000004,439,11.30787467956543,1
27.68315753189026,85.4433929963209,2.359994888305664,0.0396,1344,20.353124618530273,1
31.702938765268296,76.93598792959538,37.506690979003906,0.05040000000000001,771,22.846500396728516,1
30.565941110158217,85.78430364664425,22.66457748413086,0.0,5022,10.755125045776367,0
27.40827305494969,87.27380021924283,21.80083656311035,0.12240000000000001,799,17.305500030517578,1
26.1028412840672,91.88054065926457,14.002159118652344,0.1296,133,26.14287567138672,1
11.326722670170428,78.49366663225862,5.586136341094971,0.061200000000000004,219,31.786251068115234,0
29.43136890631526,85.60832368248523,7.680025100708008,0.0,5029,11.156749725341797,0
27.765622874972433,84.4694395652785,8.782668113708496,0.021599999999999998,200,23.421499252319336,1
29.183433887898275,96.47569283212115,23.743497848510742,0.0,4416,35.891998291015625,0
30.90146186877686,78.77555796841534,44.37748718261719,0.0,5157,41.92074966430664,1
26.890573956711606,88.27901502217257,29.49213409423828,0.33840000000000003,1485,24.125,1
33.519062775172735,70.82412023103139,11.913021087646484,0.0792,1288,17.899999618530273,1
26.16778947910904,94.24427766636826,13.586700439453125,0.3096,774,30.072250366210938,1
28.333986955234852,83.49656411257706,24.100996017456055,0.061200000000000004,2195,19.269248962402344,1
33.56352938173665,97.77842965715128,9.658790588378906,0.05040000000000001,4520,15.545625686645508,0
34.356651946085776,94.78784824478898,3.6813197135925293,0.0,4497,12.985625267028809,0
11.289532417407878,76.94164731588533,1.3651307821273804,0.0,338,29.438125610351562,1
34.79458064709404,84.65215689406843,8.117297172546387,0.0,5359,10.244125366210938,0
28.190346341304142,83.3321724155832,43.67158126831055,0.126,908,18.865625381469727,1
11.409727002423072,76.69398179205358,11.32226276397705,0.0,2248,30.40912437438965,1
22.913372867800838,90.02048903196668,2.284139633178711,0.0,2,30.680749893188477,0
6.976810569878469,80.78167566091105,20.16409683227539,0.1332,1944,29.14525032043457,1
11.24452682167349,78.73836771565279,2.1701738834381104,0.025200000000000004,171,32.64149856567383,0
31.504051761364234,77.95198251593456,40.78507995605469,0.09720000000000001,3549,43.8797492980957,1
30.255752842551747,84.7572597823104,0.0,0.0,5197,9.733375549316406,0
24.806302834497494,93.94810311719405,2.105398178100586,0.0,780,28.61775016784668,1
32.261870535047464,78.06840417675645,19.663673400878906,0.0,4320,14.928375244140625,1
31.021386959206815,77.10388305619732,36.02890396118164,0.14759999999999998,1692,20.711999893188477,1
32.35619363988001,92.86581286288686,10.463580131530762,0.0,4878,13.42074966430664,0
30.429576850028873,97.15967008944975,15.501502990722656,0.0,4855,19.744625091552734,1
15.807339644301775,79.94435598458324,2.1537280082702637,0.007200000000000001,32,29.3591251373291,0
35.57045555798807,69.43730109540768,39.704017639160156,0.0,2362,26.644500732421875,0
28.35123460868995,84.11747963696048,33.301658630371094,0.1908,1409,21.13075065612793,1
29.408461866570214,80.13273269966311,26.85713768005371,0.3168,1646,28.910375595092773,1
15.970114373784233,74.20519929740044,5.311580181121826,0.1656,721,17.482500076293945,0
23.12977701974523,72.00208106309732,2.175285577774048,0.007200000000000001,24,16.977624893188477,0
27.133927567179587,77.98647782284475,3.7418503761291504,0.0,172,21.818500518798828,0
28.62692756938623,79.97534786188537,9.554508209228516,0.34559999999999996,190,24.484500885009766,0
26.84179543678392,83.72617349919801,1.435636043548584,0.0,83,22.517749786376953,0
22.17900012303313,79.44336555062979,2.2741539478302,0.025200000000000004,590,23.897624969482422,0
18.68042141750124,75.37264984064218,0.0,0.010799999999999999,621,22.01787567138672,0
26.79139994934481,88.36309733276616,1.4352809190750122,0.0,160,24.125,1
25.08873315982467,92.85503307947742,21.906997680664062,0.36,277,28.253623962402344,1
31.608615660435746,90.71201213768188,1.9112874269485474,0.0,4782,11.788125038146973,0
10.077076278431761,76.3220792644281,1.3623619079589844,0.0,-1,34.47537612915039,1
32.772293279484174,74.23915561514016,1.1368227005004883,0.043199999999999995,281,28.072999954223633,0
17.763061849358387,77.48710435640271,4.4384989738464355,0.014400000000000001,627,22.306625366210938,0
32.94962071656937,68.50646679800303,4.929649353027344,0.0,2254,22.88912582397461,0
6.686025912408979,80.387405082711,1.9243651628494263,0.35640000000000005,23,30.350500106811523,1
28.998560602426476,94.88836972508196,9.45699691772461,0.252,589,25.2549991607666,1
24.304234422203095,77.23162348959912,10.416813850402832,0.05040000000000001,455,19.702375411987305,0
33.23744093360126,75.24517890182561,37.99203872680664,0.061200000000000004,894,33.29574966430664,1
27.016427928016753,88.24748415569998,9.731169700622559,0.108,2189,23.358999252319336,1
16.417475385275754,74.7167000201781,0.0,0.014400000000000001,628,20.343250274658203,0
14.338055165595886,77.36502330929086,1.3736276626586914,0.021599999999999998,534,20.14987564086914,0
20.47741131185393,83.750158517284,3.0585386753082275,0.28440000000000004,236,23.38687515258789,0
30.65433533411558,71.98321644213081,2.210395336151123,0.021599999999999998,140,17.1716251373291,0
33.93785736062925,87.6050090644977,1.4968994855880737,0.0,5052,5.393500328063965,0
13.74597556183271,77.89727511513168,23.212873458862305,0.0324,931,24.024250030517578,0
27.631953560695447,96.34741340954888,19.34120750427246,0.36,1078,30.655624389648438,0
33.7082479740083,73.8823447842879,33.575714111328125,0.1584,1822,32.37200164794922,0
27.774516196285216,85.24019407905305,7.897029876708984,0.054,1112,18.658374786376953,1
25.626374857370205,94.10575744955703,16.493518829345703,0.16920000000000002,1511,30.916873931884766,1
30.92490789769238,83.93476230817058,17.05180549621582,0.0,5275,9.80424976348877,0
25.167695073298777,92.01959986524626,1.424363136291504,0.028800000000000003,14,24.667499542236328,1
24.643797599600273,69.40091932640084,4.882491111755371,0.007200000000000001,27,9.091625213623047,0
33.92438263136746,74.61617853988513,1.1519625186920166,0.025200000000000004,2207,43.897247314453125,1
25.497556445627467,94.12893398388731,39.284156799316406,0.14759999999999998,1718,30.164875030517578,1
10.303182235444645,76.7602774600216,33.062049865722656,0.3312,910,27.34575080871582,1
33.45654003139801,79.31293017137563,28.470783233642578,0.0,4846,12.248250007629395,0
27.993615294081966,82.48272548291978,4.385913372039795,0.0684,623,19.094375610351562,1
26.13787558014786,94.24993705265821,14.570168495178223,0.36,1008,30.072250366210938,1
31.759532628167825,92.69603127418826,24.634817123413086,0.0,4474,14.427499771118164,0
26.290948504561825,77.35262655837002,0.0,0.018000000000000002,195,17.1247501373291,0
33.6969292014284,97.11385600995966,3.9864561557769775,0.0,4535,15.862625122070312,0
23.310068897268017,94.27553903825562,16.309553146362305,0.2988,339,21.25987434387207,0
31.509980642239423,68.69322654557148,9.095053672790527,0.0,1886,19.24650001525879,0
17.704581524362204,76.94407276715245,1.385731816291809,0.010799999999999999,666,21.53737449645996,0
32.588228477768084,87.68181502128992,10.043737411499023,0.0,5132,10.08899974822998,0
28.884025403701237,88.24667567194427,18.496118545532227,0.0,5088,11.431124687194824,0
24.178649945483183,78.79038017060331,12.758206367492676,0.24480000000000002,451,19.191749572753906,0
23.67038315772836,71.62586662210806,2.1773173809051514,0.007200000000000001,23,19.456501007080078,0
30.266802120546416,97.0300431939513,22.7891788482666,0.0,5449,19.744625091552734,0
35.86851656925893,73.78559622818821,30.784542083740234,0.0,4423,21.105375289916992,0
19.241509143962293,72.97037510784975,3.506530523300171,0.0,41,28.17387580871582,1
27.978793091893994,94.26287279274953,20.119861602783203,0.36,328,27.02837562561035,1
10.965330431369145,76.55168865104905,1.9468046426773071,0.35640000000000005,135,23.56362533569336,1
16.24284289404292,79.55897872769597,1.9112874269485474,0.0324,161,23.62212371826172,0
24.814657166639805,75.2750928007868,0.0,0.05040000000000001,493,16.228124618530273,0
14.17393296318725,74.76952095888433,14.303634643554688,0.33480000000000004,642,20.36750030517578,0
19.491061129890696,83.48012494287768,10.587608337402344,0.108,387,18.955625534057617,0
25.419133521323833,94.10791340623892,8.67480182647705,0.0,1392,30.164875030517578,1
20.195789470282463,85.65440725656057,4.324586868286133,0.0,34,18.92387580871582,0
31.444223963441875,82.0687817999975,11.52927017211914,0.0,5405,10.262624740600586,0
31.444493458027107,77.45880742495294,23.342853546142578,0.16200000000000003,2477,28.228124618530273,0
16.54198188365472,75.25434171772363,1.3812129497528076,0.010799999999999999,533,22.192501068115234,0
20.488460589848604,92.95798001103752,17.296524047851562,0.2592,32,21.76787567138672,0
19.199198494080264,73.01079929563514,23.724742889404297,0.1584,159,20.756250381469727,1
33.107814038102816,74.77571933434476,20.401288986206055,0.057600000000000005,1189,33.30787658691406,1
28.168786774485273,70.86508340798724,3.386918544769287,0.0,95,11.031874656677246,0
24.15493442198243,78.6249104952685,1.4180485010147095,0.028800000000000003,455,28.584625244140625,0
33.61230790166434,91.44988831205767,6.661805152893066,0.0,5107,10.290124893188477,0
23.800010053226806,89.07995292949354,2.296769142150879,0.12240000000000001,9,21.866125106811523,0
21.90303766775161,86.98409354011429,4.335622310638428,0.1836,62,13.999500274658203,0
28.450408616056745,83.34187422065169,22.518922805786133,0.11520000000000001,1945,19.269248962402344,1
27.978254102723525,84.89820545038876,17.563579559326172,0.22319999999999998,1076,23.264249801635742,1
30.317736597155992,79.57487890822489,50.186119079589844,0.3168,3019,43.860626220703125,0
21.312844526085087,79.23127331204917,3.2201623916625977,0.0324,303,23.697750091552734,0
27.600422694222853,93.42178019222843,11.29663372039795,0.3168,2045,28.84637451171875,0
20.00148387432741,73.79179460364864,8.598132133483887,0.0,584,20.60675048828125,1
28.264996341414474,83.78438432960897,36.540306091308594,0.36,1277,20.78762435913086,1
30.344686055679578,76.43877041983522,1.4629193544387817,0.0,254,23.300874710083008,0
28.83901980796685,82.28734190862379,16.74859619140625,0.1296,1812,21.787750244140625,1
35.038203752147254,72.89545561315418,44.26013946533203,0.1764,711,26.805875778198242,1
17.841754268247257,96.98908001699546,3.0101237297058105,0.2628,67,22.121126174926758,0
33.41180393024886,72.4588743850721,6.852926731109619,0.0,419,23.630125045776367,0
20.795953911602716,74.39222853955413,14.83723258972168,0.010799999999999999,638,20.20462417602539,0
20.77089091517578,70.75620759555196,2.7973039150238037,0.021599999999999998,15,12.34737491607666,0
24.584778285433618,86.65288469485942,9.423981666564941,0.04680000000000001,268,14.454874992370605,0
28.11246240617098,78.74133215609038,1.0837390422821045,0.021599999999999998,178,23.42650032043457,0
26.12952124800555,91.70563867344649,4.368535995483398,0.054,142,25.46875,1
19.223183512166255,81.32120382055324,14.978618621826172,0.36,589,19.175249099731445,0
32.888714940306066,82.30620652959028,4.9267802238464355,0.0,4702,11.280750274658203,0
30.74326854724341,75.9838635599571,2.930821180343628,0.036000000000000004,255,16.99537467956543,0
26.721600851768724,95.02823741481936,16.747386932373047,0.0684,713,32.7921257019043,1
26.899197783439156,88.16663578012923,18.583927154541016,0.216,1548,25.722999572753906,1
25.04776998286882,92.80113416243024,24.78429412841797,0.36,169,28.253623962402344,1
34.128929021561476,70.66430994198653,9.208401679992676,0.0,1063,22.633499145507812,0
24.807919802008907,93.11698181632667,2.842405319213867,0.010799999999999999,39,22.650249481201172,1
18.426827012794302,97.46662442203339,21.842575073242188,0.36,463,22.95549964904785,0
32.999746709423235,86.23894101193714,1.139743685722351,0.0,4869,10.145750045776367,0
6.298492698839818,80.68896952358992,20.159297943115234,0.2412,262,28.656749725341797,0
23.218171243702592,96.02455889643633,1.4125293493270874,0.014400000000000001,88,20.943124771118164,0
12.206083501795026,77.20117060146747,23.574665069580078,0.14400000000000002,902,27.638626098632812,0
34.21004689171747,74.34452799796739,6.425392150878906,0.0,1584,43.8853759765625,1
31.99075898230019,70.9858169821729,3.3776190280914307,0.08639999999999999,179,21.117624282836914,0
32.875779200214744,97.96033850218548,12.636571884155273,0.0,4725,14.794124603271484,0
32.09882631097977,77.14942764110218,4.604227542877197,0.3096,1590,43.633872985839844,1
26.998641285391187,95.49931394981164,27.35878562927246,0.33480000000000004,645,32.96849822998047,1
9.663671584679957,77.60675995224743,5.144622325897217,0.0792,171,29.552249908447266,0
33.14446530169489,75.54701283728977,7.474976539611816,0.0,1132,43.89250183105469,1
33.24094436320933,75.23817204260948,22.674436569213867,0.0,720,33.29574966430664,1
25.533938214634308,70.50449965294166,5.7211833000183105,0.014400000000000001,132,12.080875396728516,0
29.295813129941624,75.72568774730115,2.86560320854187,0.010799999999999999,213,14.383874893188477,0
23.329203012819764,94.88217134962153,14.73519229888916,0.36,538,22.772125244140625,0
24.42523749097399,92.67770564239223,10.426483154296875,0.3312,158,26.030874252319336,0
32.09963479473548,77.1585904570002,27.470422744750977,0.36,1716,43.633872985839844,1
28.38761637769679,82.64738667449889,31.804397583007812,0.33840000000000003,1956,20.195375442504883,1
31.627749775987493,73.22774243674999,3.6375954151153564,0.021599999999999998,191,20.43837547302246,0
21.085391096146026,92.14141141777287,7.603043079376221,0.0828,5,21.356374740600586,1
32.189645986204255,77.18688738844996,36.56057357788086,0.17279999999999998,1746,43.633872985839844,1
6.989476815384554,81.11342349533639,13.325016021728516,0.2988,1027,29.414125442504883,0
26.313316555136403,74.2108586836904,2.3361546993255615,0.018000000000000002,370,21.8177490234375,0
26.25052431677645,93.80769643828617,2.1308748722076416,0.234,143,21.47825050354004,0
28.26526583599971,83.60328396833047,1.446090579032898,0.0,933,18.731874465942383,1
27.266788397700864,85.96675148084893,38.34191131591797,0.36,1236,19.43199920654297,1
28.14372377805834,84.69797097355851,20.926925659179688,0.32400000000000007,795,17.004499435424805,1
27.778558615063755,85.38679913342136,26.242198944091797,0.19440000000000002,1874,20.575000762939453,1
26.883028108325004,93.96508127606391,0.0,0.0,79,21.100374221801758,0
18.782829359890865,82.79345273969672,2.1612353324890137,0.036000000000000004,882,18.510250091552734,1
34.81425375181626,74.32242944197804,19.163375854492188,0.036000000000000004,2380,35.057498931884766,1
21.206394164916922,83.91185526842553,1.4016671180725098,0.14759999999999998,134,23.5362491607666,0
25.528009333759115,88.37953650246556,4.335899353027344,0.0324,32,21.549875259399414,0
29.56800266102984,82.28302999526001,26.5599308013916,0.061200000000000004,2612,24.3072509765625,1
26.196625399729278,91.76304102010172,4.9713897705078125,0.0,92,26.14287567138672,1
10.905502633446783,76.15553161075233,8.131681442260742,0.2484,28,31.122499465942383,0
18.60819686865803,79.88937908919513,2.777371644973755,0.028800000000000003,161,25.560749053955078,0
30.790430099659684,97.45018525233401,22.19127082824707,0.23040000000000002,4256,16.27924919128418,0
24.606607346837723,92.47558470346533,2.308819055557251,0.12240000000000001,24,33.35649871826172,0
29.733741830949892,70.84406283033884,1.45777428150177,0.0792,113,10.383999824523926,0
27.767509337069082,71.74336626127089,2.361520528793335,0.0,128,14.192999839782715,0
12.893025199561224,74.88567312512099,4.89169979095459,0.09360000000000002,49,29.38312530517578,1
34.68597432924399,73.1878572381351,10.240950584411621,0.05040000000000001,2977,22.486499786376953,1
32.23222613067152,76.30375363263207,4.4319539070129395,0.028800000000000003,1633,24.926124572753906,1
29.579860422780218,80.21223360230769,11.215181350708008,0.028800000000000003,1532,28.976125717163086,1
31.72665428876905,91.39167748164672,23.77215576171875,0.0,5337,11.664999961853027,0
27.967743813899325,97.58331557744052,35.67484664916992,0.36,1927,33.81575012207031,0
31.056421255287475,77.1367613955961,38.149391174316406,0.29519999999999996,2085,20.711999893188477,1
18.24087574898156,73.44684153454675,51.592529296875,0.1548,507,20.26937484741211,1
27.568352838579788,85.22537187686508,32.9749755859375,0.36,1475,21.087499618530273,1
27.34305536532261,68.73607618462398,2.8766326904296875,0.0,59,9.493000030517578,0
25.226983882050664,71.90398503407147,2.1835548877716064,0.036000000000000004,72,11.909625053405762,0
26.943933884588308,88.44421520292215,20.81900978088379,0.0,165,24.125,1
25.43799814229034,91.79915329452334,3.0542423725128174,0.11880000000000002,1881,27.001375198364258,1
25.10193839450123,93.37300167230073,7.086409568786621,0.1584,1140,28.408750534057617,1
28.570064211901464,83.44994154933127,21.248449325561523,0.18,3645,33.62212371826172,1
35.47828840983741,72.58930976432625,3.095947742462158,0.04680000000000001,1984,33.65287399291992,1
33.915758804639914,93.46355185293999,0.9559096097946167,0.0,4511,12.125499725341797,0
28.70373352617845,80.97867620271846,2.178819417953491,0.018000000000000002,182,22.940500259399414,1
34.93768227185428,70.75405163887007,39.210140228271484,0.12240000000000001,1735,21.0052490234375,1
24.306929368055453,93.12506665388375,29.887781143188477,0.252,750,29.093250274658203,1
32.36832089621562,75.52275832461855,1.9112874269485474,0.0,320,31.827749252319336,1
24.85858478403325,94.39384716117416,38.47431945800781,0.36,866,27.486000061035156,0
34.192529743677134,72.2740010996003,0.9559096097946167,0.025200000000000004,319,22.175874710083008,0
27.048228289074583,86.32490978462738,20.292587280273438,0.2736,1176,12.800749778747559,1
27.302631177537233,86.50789660800253,21.469051361083984,0.234,1699,16.331748962402344,1
27.590451394569126,87.79554173625945,43.06467056274414,0.1512,2321,21.979875564575195,1
25.062322690471557,73.12156157016707,2.3158698081970215,0.018000000000000002,307,23.038375854492188,0
27.880697062868144,83.33944876938456,16.132410049438477,0.11520000000000001,1078,24.520750045776367,1
22.35201564675455,91.81505347505225,6.250312328338623,0.0,37,25.919750213623047,1
33.270588767585274,75.17537980424953,35.66328048706055,0.09720000000000001,1033,37.430625915527344,1
34.410011873962475,76.14987222446238,23.751924514770508,0.0,4895,19.107999801635742,0
35.92564942132893,83.25752241547286,5.081294536590576,0.0,5173,11.49524974822998,0
26.3809596960306,86.39848180639677,0.0,0.014400000000000001,54,21.88425064086914,0
34.466605736862,72.67932095579502,33.822425842285156,0.043199999999999995,917,19.63949966430664,1
28.56521330936722,95.32468145857881,43.65141677856445,0.36,2174,32.622249603271484,0
28.177680095798056,83.70003252443014,12.637789726257324,0.061200000000000004,1426,15.446000099182129,1
28.101143633591075,83.40574443735258,25.434650421142578,0.1584,1458,18.865625381469727,1
13.110776824431797,76.9308675324759,2.182511806488037,0.054,784,24.93987464904785,0
31.416196526577345,77.41541879672997,24.7491397857666,0.2592,1899,28.228124618530273,1
29.013113310029212,89.6809258545695,19.753509521484375,0.0,4881,11.720250129699707,0
23.837739295159825,97.25453218345278,23.61765480041504,0.36,420,27.074249267578125,0
21.810331530430478,96.72147189385625,6.967161178588867,0.23760000000000003,828,28.100749969482422,0
27.241994895859165,68.26553863880217,0.0,0.0324,51,8.864999771118164,0
34.655790935697574,89.98464625213032,6.760605812072754,0.0,5044,10.715250015258789,0
27.77559417462616,85.96136158914422,28.96515655517578,0.33480000000000004,1636,22.45800018310547,1
35.141689672877824,78.86449118154317,10.077802658081055,0.0,5763,10.950875282287598,0
19.09490408959399,72.88979622686423,1.3916288614273071,0.0,20,28.17387580871582,1
27.970438759751683,79.96375959472023,0.0,0.021599999999999998,155,23.44012451171875,0
33.00675356863937,74.94550092304334,38.6996955871582,0.126,1335,33.30787658691406,1
35.1136622360133,73.00621788768612,26.224288940429688,0.028800000000000003,835,23.253124237060547,1
22.49511727151479,85.29705743653783,16.344005584716797,0.20519999999999997,287,22.057374954223633,0
25.995043449972858,77.43724785813407,3.566155433654785,0.007200000000000001,291,18.271625518798828,0
27.840272875082764,79.26037872725465,1.4428821802139282,0.028800000000000003,160,24.308500289916992,0
32.65991403744082,76.85298359734274,26.28554916381836,0.0,3684,15.838000297546387,1
28.44151529474396,82.62394064558336,10.030516624450684,0.126,2331,20.195375442504883,1
29.85420591055032,78.29747457420693,2.205885648727417,0.08639999999999999,357,19.596750259399414,0
28.416721792902262,83.6666151958609,19.556827545166016,0.36,2769,18.731874465942383,1
35.40687234474991,77.67332511480069,8.98294448852539,0.0,5824,30.808000564575195,0
28.3921977856458,82.46952024824321,31.78951644897461,0.2736,2195,19.490375518798828,1
22.84761618900329,91.95653813230108,11.604851722717285,0.2916,91,26.005125045776367,1
25.23884164380104,69.37828178124103,1.056771159172058,0.018000000000000002,10,11.36775016784668,0
35.38962469129481,84.2665101425959,9.346151351928711,0.0,5067,10.623125076293945,0
28.232387496600936,83.0006940757431,24.990249633789062,0.3024,1592,16.671749114990234,1
26.928303198644628,88.45526448091682,3.965139150619507,0.0,153,24.125,1
24.330644891556208,95.82917532214033,16.919017791748047,0.33840000000000003,302,20.518749237060547,0
28.231579012845227,84.87556790522895,4.330158710479736,0.07200000000000001,813,17.9581241607666,1
35.358902308577925,74.86869496625113,34.53655242919922,0.0,2191,22.523500442504883,1
6.704351544205018,80.38282367476198,20.749074935913086,0.36,114,30.350500106811523,1
12.77956797917693,75.58447258463757,3.469827651977539,0.34199999999999997,124,27.444875717163086,1
27.581288578671106,83.85202747050316,29.75845718383789,0.21960000000000002,338,22.5989990234375,1
28.2569115038574,85.36793451245485,40.0450439453125,0.0756,1784,27.148624420166016,1
32.37317179874987,77.24967962680992,12.672769546508789,0.0,3957,21.578248977661133,1
34.900222524506496,73.65569983810454,30.568729400634766,0.21960000000000002,2746,23.60325050354004,1
27.88689543832857,85.51076664262986,25.466453552246094,0.16200000000000003,1391,21.783000946044922,1
33.12533118614314,74.82880976763622,24.773012161254883,0.1296,806,33.30787658691406,1
29.30847937544771,70.83004911190658,0.0,0.018000000000000002,100,11.592750549316406,0
34.26071187374181,75.44460489490015,3.8183305263519287,0.0,3336,22.547250747680664,1
24.862896697397023,94.41810167384538,33.50571060180664,0.1764,903,27.486000061035156,1
12.502258050969234,77.74015977193918,5.931298732757568,0.0828,915,24.595500946044922,0
26.71028207918882,94.69298615078596,12.136589050292969,0.2988,687,29.786624908447266,1
34.0885048337761,74.03002781699713,7.043342590332031,0.07200000000000001,1315,43.88800048828125,1
29.509252841448426,82.09492277476538,7.575531959533691,0.2412,3110,25.92150115966797,0
27.851861142247905,85.52478036106213,25.629352569580078,0.1296,1631,21.783000946044922,1
26.10068532738531,83.27180562849037,1.0644371509552002,0.007200000000000001,72,22.755374908447266,0
32.942344362768,95.66370564680551,19.437114715576172,0.0,4498,16.291126251220703,0
28.27173370604537,83.59061772282438,20.27935028076172,0.2268,1197,18.731874465942383,1
29.27344507936705,74.65094334138055,2.2027406692504883,0.018000000000000002,192,19.82437515258789,0
32.43192161833129,77.21464533072925,48.16329574584961,0.007200000000000001,3578,21.578248977661133,1
11.892930793750962,79.58754515373097,2.1461334228515625,0.021599999999999998,30,26.82550048828125,0
35.4669696372575,87.55245762037671,6.504168510437012,0.0,4870,10.052374839782715,0
27.612819445143703,85.09547548678141,7.8250732421875,0.2808,2300,21.087499618530273,1
28.076350131749376,83.25186302918291,36.07892990112305,0.2124,1648,18.865625381469727,1
16.718231342398973,77.60163955512795,4.098611831665039,0.018000000000000002,455,21.67650032043457,0
11.863825378545489,79.2706195214936,1.9529736042022705,0.0648,67,27.222000122070312,0
25.61559507396077,83.18152494243635,2.1194331645965576,0.0,80,23.703624725341797,0
25.894252475094646,80.90510418094907,4.348570346832275,0.014400000000000001,112,23.478374481201172,0
29.37800897843856,81.35596862204866,14.453575134277344,0.021599999999999998,993,22.235750198364258,1
28.519399229877124,97.50246720186976,2.1750028133392334,0.0,4619,24.123624801635742,0
30.26195121801217,79.21914605571355,32.99076461791992,0.05040000000000001,836,23.86425018310547,1
34.215436783422184,74.92771428041777,10.917768478393555,0.3096,3045,38.70612335205078,0
30.432002301295995,93.51071340535626,35.996334075927734,0.0,4993,48.265750885009766,0
26.92426077986609,76.33016410198518,0.0,0.025200000000000004,318,15.210000038146973,0
34.17501259563681,73.75433485630086,31.730127334594727,0.05040000000000001,1110,43.83812713623047,1
29.96146475547419,81.05548215951067,38.1190299987793,0.0,5386,17.172374725341797,0
29.75664887069494,79.55574479267314,31.98827362060547,0.2124,1873,26.804750442504883,0
16.96481888788978,73.51879658880472,13.715482711791992,0.3276,84,19.596750259399414,1
29.460474321520735,81.68205707018404,27.942626953125,0.04680000000000001,2276,21.592124938964844,1
16.337435493460706,97.54774229218938,12.313568115234375,0.3096,57,20.065250396728516,0
27.04391637571081,89.57447549340134,28.4114933013916,0.36,1666,22.756376266479492,1
32.38449057132978,79.67917331271116,3.0803656578063965,0.0,5444,13.118000030517578,0
24.701469440840746,93.5290390371523,14.37399959564209,0.36,662,29.60474967956543,1
29.74155717392173,81.24682331502814,33.1209716796875,0.11880000000000002,3510,43.78237533569336,1
22.684571964935596,75.35055128465284,3.5338518619537354,0.014400000000000001,541,19.600875854492188,0
26.68090716939811,89.99704300305116,1.069798231124878,0.36,121,22.907625198364258,0
30.384571254294485,78.8370027338491,7.4304046630859375,0.108,2176,27.071874618530273,1
29.75341493567211,80.49331645470869,34.79026794433594,0.32400000000000007,1868,27.50550079345703,1
29.459665837765026,82.04452728732628,11.805061340332031,0.1656,3610,22.901874542236328,1
29.581746884876868,75.38181265654019,3.9724864959716797,0.036000000000000004,212,13.629249572753906,0
32.99220086103663,73.13180236440603,1.4873045682907104,0.007200000000000001,512,21.800125122070312,0
26.283941645345696,94.58087640332785,29.68492317199707,0.36,731,31.40475082397461,1
14.968403000462555,78.35245146959504,1.3756693601608276,0.0036000000000000003,193,24.113500595092773,0
27.076794715109585,93.5974906618022,19.054973602294922,0.0324,235,32.55649948120117,1
33.40641403854414,81.14737981307611,3.925652503967285,0.0,4978,11.07912540435791,0
23.422178644726134,86.10203776263732,2.8256919384002686,0.0396,289,18.060749053955078,0
31.012763132479268,89.51572567381992,8.54017162322998,0.0,4847,11.418499946594238,0
33.552210609156745,73.13719225611075,8.327452659606934,0.0,442,25.45425033569336,0
26.900275761780097,74.36608756478626,0.0,0.0396,347,22.34837532043457,0
27.499901213929878,85.34987837524405,23.534685134887695,0.20160000000000003,1329,21.192750930786133,1
25.70210283582148,94.0461991462199,9.648903846740723,0.11880000000000002,1013,30.916873931884766,1
35.11662667645089,79.25876175974322,1.1685645580291748,0.0,5143,10.407625198364258,0
32.73348605921021,77.59139876088898,44.48296356201172,0.0,5749,12.463250160217285,1
27.341438397811196,86.75071122930004,31.713878631591797,0.3168,1454,20.00237464904785,1
31.130532266227338,71.82259766933024,0.9559096097946167,0.0,156,21.169124603271484,0
19.22021907172866,97.38766250855929,12.970093727111816,0.09720000000000001,173,21.74012565612793,1
22.53338550261828,89.40011249675374,0.0,0.0,-1,28.938249588012695,1
28.309193453393156,95.41496214463282,44.198848724365234,0.34559999999999996,1851,27.30762481689453,1
31.022734432132992,77.10280507785637,21.843555450439453,0.2772,1685,20.711999893188477,1
27.812245438218238,84.67991483634772,21.84114646911621,0.1836,353,23.39900016784668,1
35.35378191145844,74.8595321503531,33.074317932128906,0.036000000000000004,2343,22.523500442504883,1
27.303439661292938,93.80392351409287,49.34829330444336,0.14759999999999998,724,24.952125549316406,1
28.353660059957072,82.39972115066713,20.50025749206543,0.14400000000000002,1726,19.490375518798828,1
24.801182437378014,75.75641013001804,0.0,0.014400000000000001,356,19.09612464904785,0
6.518669774977513,80.18124172500556,5.831708908081055,0.28440000000000004,46,29.313751220703125,1
18.49959055080798,81.8507606805417,2.23022198677063,0.04680000000000001,219,16.578250885009766,0
17.96841672330811,97.94228236497467,13.290454864501953,0.3276,244,23.179624557495117,1
15.390431520941906,73.81820507300176,3.031731128692627,0.09,12,15.611624717712402,1
27.28915644827544,75.58150814419997,1.075595498085022,0.0324,461,12.136625289916992,0
25.946534424630403,94.62776846115888,18.561565399169922,0.3096,1387,29.673999786376953,1
28.60105608920359,81.60093920002805,2.1766891479492188,0.043199999999999995,685,20.595375061035156,1
28.136716918842207,85.3164610466748,25.609285354614258,0.28800000000000003,1927,21.696250915527344,1
35.35998028691887,73.97909334038756,31.5363826751709,0.09720000000000001,2910,17.667125701904297,1
33.890965302798215,74.97810976785688,3.987203598022461,0.028800000000000003,1642,42.79912567138672,1
23.688978284109634,88.30380852401427,2.0870020389556885,0.0,18,22.974624633789062,0
22.092761855757654,86.13707205871799,18.860837936401367,0.28800000000000003,381,19.552749633789062,0
7.114522302933992,80.31410255552684,16.359115600585938,0.1656,193,28.932374954223633,1
18.397721597588827,73.50855579456575,21.840194702148438,0.1764,807,22.853124618530273,1
21.421720338520373,92.17590672468306,12.173768997192383,0.2916,49,18.750125885009766,1
28.491102298427357,87.13366303492019,24.87827491760254,0.0,4967,12.055000305175781,0
29.622171072662248,70.22611174639303,0.9559096097946167,0.0,148,18.410625457763672,0
30.070610062494712,80.23729659873462,16.751625061035156,0.061200000000000004,2165,42.509498596191406,1
26.176682800421823,91.7703173739031,29.421375274658203,0.1764,83,26.14287567138672,1
34.57817649514965,73.36060326727127,41.2550048828125,0.11159999999999999,1183,30.16962432861328,1
26.331911681517678,68.9918265460128,2.86560320854187,0.018000000000000002,28,9.627374649047852,0
30.866427572696196,76.99797168419963,24.742523193359375,0.11159999999999999,1125,24.114500045776367,1
34.49220772245941,96.48539463718964,2.5074737071990967,0.0,4641,14.474874496459961,0
28.08901637725546,85.63527314100882,32.359703063964844,0.0,4393,30.069000244140625,1
23.38741384323071,74.41729153598106,29.149824142456055,0.10080000000000001,359,17.561874389648438,0
25.226983882050664,93.16576033625437,4.360785007476807,0.1656,392,27.859249114990234,1
20.532657701827283,94.60351394848766,1.3983174562454224,0.036000000000000004,80,18.500125885009766,0
31.96488750211755,94.93094986954922,54.98403549194336,0.0,4905,20.927249908447266,0
28.868664212342793,82.17065075321665,24.63556480407715,0.2268,1624,22.24625015258789,1
20.833413658950498,86.0349336109136,1.0227669477462769,0.0,26,20.081501007080078,1
33.382429020458154,75.7229928014488,23.16294288635254,0.0756,1518,43.892250061035156,1
25.731208251026953,93.98825781039419,24.005985260009766,0.36,1165,31.086999893188477,1
20.570925932930773,84.25007097289652,23.80575180053711,0.36,619,20.102874755859375,0
23.76982665968039,88.38250094290315,1.9112874269485474,0.054,17,22.759624481201172,0
25.147213484820853,91.74821881791375,0.0,0.0,17,18.30525016784668,1
13.900665453758092,74.66010615727858,10.629986763000488,0.1404,73,19.736125946044922,1
33.24498678198787,75.24706536392227,15.631912231445312,0.054,1212,33.29574966430664,1
27.958580998001306,84.28052386102817,16.91332244873047,0.2628,317,23.421499252319336,1
23.87385156958143,76.55627005899805,1.4163604974746704,0.036000000000000004,439,18.89900016784668,0
27.43872594308134,73.99768846676884,2.8780224323272705,0.014400000000000001,300,12.890375137329102,0
30.406669810283827,79.33502872736497,39.90514373779297,0.0792,999,21.964250564575195,1
31.361489125774465,74.49517547111422,7.788629531860352,0.025200000000000004,210,21.881999969482422,0
28.72448460924161,92.23815997387254,15.38085651397705,0.0,4952,12.60925006866455,0
32.429496167064165,72.50199351870984,1.1324821710586548,0.0,185,20.750749588012695,0
24.16733117290328,85.84520942290756,2.8345117568969727,0.0396,318,19.404499053955078,0
30.818188041938978,78.61871211980807,22.995939254760742,0.028800000000000003,1616,43.89137268066406,1
18.768546146873366,73.36787962107265,27.936275482177734,0.0,550,20.07525062561035,1
14.161805706851636,76.64574226129636,1.3730746507644653,0.010799999999999999,602,21.011249542236328,0
26.83963948010203,74.76952095888433,4.382438659667969,0.025200000000000004,435,11.507624626159668,0
21.52924867802948,75.52275832461855,1.0275903940200806,0.05040000000000001,722,20.417125701904297,0
25.197878466845193,75.44406590572967,5.7163496017456055,0.028800000000000003,487,16.817625045776367,0
25.51992449620204,91.26986592912012,9.09499740600586,0.1656,1346,21.594375610351562,1
32.941805373597525,75.98278558161616,15.705462455749512,0.0324,2743,43.89925003051758,0
33.32206223336532,75.19289695228986,41.94674301147461,0.2484,1277,37.430625915527344,1
23.795428645277795,86.11928541609242,3.1313273906707764,0.0324,234,18.117124557495117,0
23.05647449256108,95.65508182007797,1.411607027053833,0.0324,162,24.79974937438965,0
6.76471833129785,80.86818342277176,18.64912223815918,0.2484,950,29.14525032043457,1
33.59182631318641,71.6223631925,21.071420669555664,0.036000000000000004,622,21.9427490234375,0
22.884806441765836,77.7644142846104,2.283743381500244,0.0396,311,27.613624572753906,0
25.66329561554752,94.47038362338114,8.631844520568848,0.0,1447,29.317874908447266,1
19.275195967116776,78.2333348629208,1.3924341201782227,0.0792,401,24.313125610351562,0
33.28702793728466,77.28525291206105,35.416114807128906,0.0,4076,14.602999687194824,1
6.261032951492035,80.99969678036686,0.9616444110870361,0.1656,42,27.31599998474121,0
30.23796619992618,79.15662331193883,33.694236755371094,0.09720000000000001,2009,26.644500732421875,0
29.371810602978137,89.30929282152925,1.4548064470291138,0.0,3793,12.45425033569336,0
28.243167280010372,78.74510508028368,2.197416067123413,0.010799999999999999,182,23.42650032043457,0
27.508525040657425,85.08550418712768,39.413475036621094,0.3096,881,21.087499618530273,1
32.74669129388677,76.66595435518906,39.37515640258789,0.0,4031,43.863624572753906,0
34.74822757843347,93.33877585997578,5.0185346603393555,0.0,4478,12.233124732971191,0
33.04960320769187,75.29045399214525,19.0305118560791,0.0792,1326,32.09375,1
28.743079735622885,85.27037747259948,21.01846694946289,0.0,4153,12.912750244140625,0
27.162763487799822,81.92433270231108,7.713779926300049,0.021599999999999998,111,20.676624298095703,0
27.59988370505238,87.24011339608835,14.98283863067627,0.3276,2705,43.843875885009766,1
30.53441024368562,79.08520724685134,24.342300415039062,0.021599999999999998,1408,43.844749450683594,1
24.096184602401014,68.00574585863481,0.9559096097946167,0.0,1,13.675000190734863,0
24.927036408683158,94.46283777499454,36.85669708251953,0.19440000000000002,1881,27.486000061035156,0
27.592876845836248,88.4919157445089,40.83732604980469,0.24480000000000002,3201,27.713375091552734,1
29.427865476707197,81.27997114901216,25.8256778717041,0.04680000000000001,2164,22.235750198364258,1
31.076633349180163,77.39143377864397,3.074591875076294,0.0036000000000000003,1306,27.63425064086914,1
10.301834762518466,77.17098720792104,27.96822738647461,0.17279999999999998,1220,28.39212417602539,1
23.222483157066364,74.79539243906697,2.175629138946533,0.0396,344,18.124500274658203,0
9.75125732488161,77.08959984317981,5.199017524719238,0.36,814,27.158124923706055,1
28.216756810657255,83.6666151958609,7.077130317687988,0.108,983,15.446000099182129,1
27.574281719454977,85.15099137133998,22.51165199279785,0.18,1767,21.087499618530273,1
24.014797237659785,71.99830813890402,1.417203426361084,0.04680000000000001,84,20.03037452697754,0
32.98492450723526,69.07914279162922,9.041807174682617,0.0,2388,18.766250610351562,0
22.133725032713507,78.89790851011242,1.406510591506958,0.0324,766,26.249374389648438,1
10.344684401570966,77.56660525904728,28.6773738861084,0.2916,1478,27.348249435424805,1
27.17596872247638,88.52856700810098,5.3574748039245605,0.0324,296,20.803125381469727,1
34.00550050152345,84.59017313946417,1.9112874269485474,0.0,5007,9.595499992370605,0
31.958689126657124,96.54926485389053,13.193099975585938,0.0,4256,15.147375106811523,0
24.586934242115507,89.0788749511526,0.9559096097946167,0.0,11,22.823623657226562,0
27.41851384918865,93.59021430800084,19.076059341430664,0.36,1560,25.145374298095703,0
24.495306083135315,83.9447336078243,3.148486375808716,0.025200000000000004,149,21.38337516784668,0
26.400093811582348,86.03466411632836,1.4325573444366455,0.010799999999999999,54,21.68112564086914,0
25.171737492077316,93.12291069720186,6.089635372161865,0.2736,716,27.859249114990234,1
31.17769381864361,83.84960201923604,16.529993057250977,0.0,4816,10.830875396728516,0
27.26436294643374,88.1364523865828,17.978483200073242,0.3276,1269,28.42224884033203,1
34.34263822765351,73.43579225655208,26.32017707824707,0.0828,987,23.762248992919922,1
34.07341313700289,72.5310989339153,4.457648277282715,0.0,323,20.284000396728516,0
24.544084603063006,85.34906989148834,3.5512115955352783,0.234,245,18.71500015258789,1
25.694556987434876,77.56094587275733,1.4277962446212769,0.007200000000000001,414,18.21525001525879,0
31.38709111137187,85.07068198493971,0.9559096097946167,0.0,4717,10.527750015258789,0
28.28008803818768,83.54992404045377,29.818761825561523,0.16920000000000002,1749,18.731874465942383,1
33.783436963289105,73.74382456747666,20.444499969482422,0.14759999999999998,1782,31.19587516784668,0
27.201031718903312,88.48841231490084,29.51399803161621,0.3528,398,18.95075035095215,1
24.063306263002236,76.29998070843875,2.8332571983337402,0.021599999999999998,402,18.812999725341797,0
21.632465104174813,86.72403126536169,1.4038584232330322,0.0648,39,15.023625373840332,0
23.344025215007736,93.07467116644465,30.82267189025879,0.20160000000000003,1323,25.39212417602539,1
25.070407528028632,93.2886498671219,30.15165138244629,0.29519999999999996,329,28.408750534057617,0
34.53532685609714,69.16969297226846,1.9112874269485474,0.010799999999999999,1796,20.191749572753906,1
30.452214395188687,78.75399840159646,17.231494903564453,0.057600000000000005,2030,27.071874618530273,1
26.092600489828236,94.25748290104481,8.453998565673828,0.0,1363,30.549875259399414,1
27.704447604123892,75.72595724188639,1.4418725967407227,0.010799999999999999,440,12.484375,0
28.68810284023477,81.63085309898923,20.49136734008789,0.0648,2165,20.595375061035156,1
25.627722330296383,94.10521846038655,21.26559829711914,0.16200000000000003,1517,30.916873931884766,1
7.569429162812117,80.52835075078934,7.727031707763672,0.36,166,27.818500518798828,1
32.23330410901246,73.37677294238543,3.8865137100219727,0.028800000000000003,204,22.972625732421875,0
30.5319847924185,79.35416284291672,32.35862731933594,0.2808,2661,43.886749267578125,1
22.06635138640454,92.98304300746445,22.957597732543945,0.36,666,29.698749542236328,0
26.04813388326432,91.8694913812699,11.928099632263184,0.0,72,26.14287567138672,1
29.414121252860166,87.67157422705095,13.075870513916016,0.0,4025,12.020874977111816,0
32.315769452094635,78.68797222821368,26.386613845825195,0.0,4670,14.26200008392334,0
33.018611330389746,75.2405974938766,19.310035705566406,0.0396,1017,33.29574966430664,1
18.98360282589158,76.05042872251036,1.3911364078521729,0.010799999999999999,504,22.772375106811523,0
33.24498678198787,75.22577529168863,35.921146392822266,0.09360000000000002,780,33.29574966430664,1
27.03664002190944,88.26311484164366,21.237586975097656,0.1404,2112,18.95075035095215,1
22.568689293284177,96.47191990792784,3.1028032302856445,0.14400000000000002,838,25.570499420166016,0
28.287633886574287,89.61948108913573,7.614277362823486,0.0,4689,12.741250038146973,0
21.687172504977692,70.21883539259166,6.383206367492676,0.021599999999999998,28,16.882125854492188,0
35.780661334472036,92.05786809634975,18.7689208984375,0.0,5083,12.752124786376953,0
18.310135857387174,76.48647096142197,1.0068782567977905,0.018000000000000002,602,21.94962501525879,0
28.780808977555903,78.54594858179439,1.4500852823257446,0.010799999999999999,204,20.71525001525879,0
29.590909700774887,88.03000202541465,24.593887329101562,0.0,5270,11.202625274658203,0
22.35066817382837,91.81478398046701,15.45858097076416,0.0,44,25.919750213623047,1
30.481319810394158,80.09230851187773,17.305484771728516,0.0,3980,14.891374588012695,0
25.118377564200614,92.85395510113648,12.739361763000488,0.028800000000000003,151,28.253623962402344,1
27.509064029827897,85.15045238216952,43.86166763305664,0.17279999999999998,2174,21.087499618530273,1
30.965871074648227,78.41497421336976,54.51286697387695,0.24480000000000002,2461,26.783248901367188,1
26.97223081603807,88.44798812711547,34.76216125488281,0.36,444,24.125,1
27.628989120257852,87.94349426355393,54.82301330566406,0.0396,4415,21.979875564575195,1
26.101763305726255,79.04154912404313,4.969737529754639,0.014400000000000001,155,17.185375213623047,0
29.483920350436254,81.03041916308375,35.032203674316406,0.057600000000000005,1416,21.491249084472656,1
25.62799182488162,68.3326427905259,0.9559096097946167,0.0036000000000000003,21,12.821000099182129,0
22.063386945966947,76.09839875868234,1.0314277410507202,0.036000000000000004,224,19.62987518310547,0
28.944122696208833,88.99101971636571,17.49893569946289,0.0,4312,11.453125,0
35.761796713505525,75.8065361228719,49.711158752441406,0.0,4382,25.31599998474121,0
28.899925584230154,80.87006988486841,16.138099670410156,0.27,1078,31.885499954223633,1
26.79032197100387,88.1100419172297,22.352901458740234,0.2772,624,25.722999572753906,1
23.17343514255344,83.46503324610447,1.4122732877731323,0.1836,650,18.457624435424805,0
12.387453357658758,75.79090543692823,8.647866249084473,0.3312,1169,26.826749801635742,0
29.331116920607524,78.72677944848765,0.0,0.021599999999999998,233,18.12762451171875,0
28.574645619850475,77.27905453660063,7.002178192138672,0.0792,199,28.31487464904785,1
11.989409855265398,79.37814786100272,0.9559096097946167,0.0036000000000000003,69,27.222000122070312,0
8.150728983165859,81.35084822492918,3.453573226928711,0.007200000000000001,3,27.560625076293945,0
33.26088696251678,75.24410092348468,31.702762603759766,0.0396,1466,37.430625915527344,1
27.288886953690202,94.60405293765812,3.361917018890381,0.0,90,21.808124542236328,0
30.862115659332424,72.6580308835614,2.932904005050659,0.025200000000000004,165,16.483749389648438,0
31.48976854834673,76.70422258629254,3.492194890975952,0.126,710,22.82699966430664,1
26.69006998529613,79.41345165166861,1.9112874269485474,0.0,142,21.141250610351562,0
28.368212767559807,83.29336519530924,34.58104705810547,0.30600000000000005,2882,19.269248962402344,1
34.20923840796176,74.32108196905186,43.16326141357422,0.11880000000000002,1636,43.8853759765625,1
23.83800878974506,90.795555459105,1.9112874269485474,0.16920000000000002,5,24.34600067138672,0
35.06191927564801,85.53394317696014,0.0,0.0,4960,9.809749603271484,0
33.11535988648942,68.35204640066289,4.457569122314453,0.0,2091,22.345125198364258,0
26.408717638309895,75.31443901023123,1.4326167106628418,0.0036000000000000003,336,14.398750305175781,0
28.37602811053165,83.49467765048041,31.10201644897461,0.11159999999999999,936,19.269248962402344,1
27.943758795813334,83.8056744018426,28.267684936523438,0.0828,1231,22.779375076293945,1
19.957825751519202,82.77701356999734,3.5960755348205566,0.014400000000000001,244,14.717750549316406,0
15.949093796135836,73.96669658946671,5.049330711364746,0.30600000000000005,130,15.024999618530273,1
29.03871529562662,82.74413523059856,13.110069274902344,0.018000000000000002,2676,24.498750686645508,1
31.204912771752433,81.12366428957536,9.387341499328613,0.0,5343,11.389875411987305,0
29.121989122464498,95.33707820949965,15.74329948425293,0.35640000000000005,3352,35.53412628173828,0
26.87602124910887,69.97305633085655,3.3505775928497314,0.0,84,10.767000198364258,0
33.0814035687497,75.29746085136138,18.381072998046875,0.0396,1747,32.09375,1
30.20158443091934,83.44374317387084,4.3775105476379395,0.0,4764,11.193624496459961,0
28.01032395836659,84.37727241712784,25.56247901916504,0.126,837,15.284749984741211,1
20.277176835023692,84.38077584673592,11.986649513244629,0.2556,670,20.458749771118164,0
35.25703335535877,95.16541015870442,1.5111333131790161,0.0,4541,13.494750022888184,0
25.478691824660956,94.13998326188198,14.981553077697754,0.216,1633,30.164875030517578,1
30.393195081022032,68.88672365777082,2.2089004516601562,0.0,1240,21.778125762939453,0
29.849624502601312,80.55449172555723,25.028772354125977,0.2124,994,32.236751556396484,1
24.2268894762404,72.94665958434899,2.1794803142547607,0.061200000000000004,231,17.837749481201172,0
25.57328442407874,72.48312889774333,2.8522255420684814,0.021599999999999998,205,20.715625762939453,0
33.75540952642458,74.51404009208073,10.238198280334473,0.0,3715,43.897247314453125,0
6.963335840616676,80.36422854838071,16.642507553100586,0.36,586,30.24387550354004,1
31.404338764826967,79.96699352974305,17.576351165771484,0.0,4193,17.579500198364258,0
31.32618533510857,93.07601863937082,17.203739166259766,0.0,5198,15.864749908447266,0
22.990987308348764,88.02191718785757,4.879668712615967,0.025200000000000004,20,24.96150016784668,0
29.72619598256329,71.71210488938354,0.9559096097946167,0.028800000000000003,119,12.463250160217285,0
27.636265474059222,86.23247314189149,25.438562393188477,0.3312,1944,18.22137451171875,1
28.723676125485902,82.15151663766491,15.380837440490723,0.061200000000000004,1704,17.65049934387207,1
24.306929368055453,75.62408828866722,1.4189727306365967,0.014400000000000001,423,18.681875228881836,0
20.211959145396612,76.85487005943939,4.491966247558594,0.0,535,23.438499450683594,0
34.57871548432012,94.54799806392907,9.345399856567383,0.0,4603,13.111249923706055,0
27.031250130204725,78.56696915944278,4.3895111083984375,0.014400000000000001,159,21.685749053955078,0
35.38773822919816,78.98333829363219,35.43037033081055,0.0,5204,11.443500518798828,0
30.733297247589682,78.44030670438192,39.84471893310547,0.16200000000000003,1463,26.933250427246094,1
24.40933731044508,96.05851521417604,10.087482452392578,0.036000000000000004,133,26.793251037597656,0
35.00478642357801,81.53491302664527,3.9916677474975586,0.0,4964,11.66349983215332,0
27.500170708515114,86.58335509186857,25.406843185424805,0.14400000000000002,2273,25.984874725341797,1
32.9919313664514,75.19451391980128,37.333473205566406,0.09,878,34.946998596191406,1
17.29926166816748,77.1548175328069,2.2179625034332275,0.007200000000000001,435,21.54949951171875,0
26.146768901460643,91.64688885386508,9.91761302947998,0.14759999999999998,57,25.46875,1
27.558651033511296,68.59486102196038,0.0,0.054,55,15.163000106811523,0
32.16215753851019,93.1239886755428,35.02787780761719,0.0,4724,14.461250305175781,0
30.407478294039535,76.86618883201929,1.9112874269485474,0.036000000000000004,282,24.624874114990234,0
34.15102757755081,74.1213864813921,26.619626998901367,0.0,1453,43.88800048828125,1
30.99362901692752,78.45944081993368,54.584869384765625,0.2484,3007,26.783248901367188,1
35.96984653330761,94.96113326309563,10.676308631896973,0.0,3700,12.92074966430664,0
18.39421816798076,83.7485415497726,3.036954641342163,0.021599999999999998,30,18.771249771118164,0
19.153114920004935,72.92671698504154,8.59816837310791,0.0,74,28.17387580871582,1
27.49909273017417,87.1059050926409,30.818973541259766,0.36,1722,16.873001098632812,1
14.739602097597313,74.25667276318049,2.1949877738952637,0.014400000000000001,3,16.965625762939453,1
31.036478655980023,77.12140020423764,25.17481231689453,0.16920000000000002,1790,20.711999893188477,1
29.39310067521177,79.4525283665278,13.317560195922852,0.0,1990,28.60712432861328,1
35.98655519759223,72.45995236341304,11.73460865020752,0.0,4617,19.62762451171875,0
35.18373082817462,75.30258124848085,6.983358383178711,0.0,4545,18.634000778198242,0
26.074544352617433,97.36691142549613,34.606258392333984,0.36,525,23.55037498474121,1
23.253744528953725,89.43487729824916,1.0404105186462402,0.2556,9,23.337125778198242,0
25.4196725104943,94.10548795497179,24.120681762695312,0.021599999999999998,1395,30.164875030517578,1
33.688574869286086,95.7620711704166,17.92844581604004,0.0,4562,14.031874656677246,0
32.36158353158473,77.23404894086623,30.311840057373047,0.0,3803,21.578248977661133,1
25.571667456567326,94.12111864091547,9.698442459106445,0.1656,1623,30.916873931884766,1
30.733027753004446,78.43895923145575,41.39373779296875,0.16200000000000003,1437,26.933250427246094,1
19.1355977719646,72.99813305012904,5.1766462326049805,0.0,6,28.17387580871582,1
34.339673787215915,85.29301501775929,17.88827133178711,0.0,5085,5.457874774932861,0
26.07157991217984,92.74507928870119,4.368025779724121,0.18,70,24.73175048828125,0
34.21894021303025,77.26638829109454,0.9559096097946167,0.0,3380,18.047000885009766,1
31.89320194244481,78.63003089238798,14.044177055358887,0.0,3643,17.452373504638672,1
28.590276305794152,68.18522925240188,1.448595643043518,0.010799999999999999,69,19.117250442504883,0
25.632034243660158,94.10063705243755,33.07048416137695,0.1548,1631,30.916873931884766,1
28.934959880310814,82.31240490505071,25.041460037231445,0.14759999999999998,1664,21.787750244140625,1
14.555806790466459,79.97561735647061,1.3743215799331665,0.018000000000000002,18,25.480998992919922,0
25.256897781011844,92.38260907155896,6.495576858520508,0.12240000000000001,801,19.674625396728516,1
26.943394895417835,88.44448469750739,1.9112874269485474,0.0,160,24.125,1
26.02145391932597,94.52239607833167,29.20543098449707,0.36,1621,31.596250534057617,1
28.33236998772344,83.74369064723835,17.615510940551758,0.16920000000000002,1293,18.731874465942383,1
27.97259471643357,83.76120779527868,19.785722732543945,0.1656,885,22.779375076293945,1
25.61829001981313,96.29647893293931,16.1209659576416,0.061200000000000004,350,22.85300064086914,1
27.60716005885375,86.9983767531318,67.89818572998047,0.11159999999999999,3575,31.72599983215332,1
35.11716566562136,74.92582781832112,6.949374675750732,0.0,4607,23.86949920654297,0
25.557653738135063,91.85062676030338,7.8715691566467285,0.28800000000000003,1678,22.430999755859375,1
29.883580820341027,86.55856159002687,9.534366607666016,0.0,5368,9.998374938964844,0
31.80399923473174,89.6989819917803,3.5031094551086426,0.0,4582,13.300000190734863,0
9.43972158434896,78.02690201063012,2.160160541534424,0.0,83,25.77174949645996,0
25.079300849341415,74.13836464026195,1.9112874269485474,0.036000000000000004,494,14.270500183105469,0
27.87180374155536,79.15042493647842,2.86560320854187,0.010799999999999999,161,24.25925064086914,0
21.15249524786975,77.79001627020781,1.0249544382095337,0.014400000000000001,348,23.2810001373291,0
29.369924140881487,87.95319606862243,8.54017162322998,0.0,3941,12.353625297546387,0
25.361192185498123,77.486295872647,1.0578382015228271,0.014400000000000001,460,20.01474952697754,0
21.86423044747765,78.84427908765048,3.9540164470672607,0.036000000000000004,634,25.1927490234375,0
32.52166331521483,76.58618395795924,37.68851089477539,0.0,4207,43.863624572753906,0
29.358874862886815,81.30988504797332,20.908323287963867,0.05040000000000001,1272,22.235750198364258,1
26.16266908198956,85.6261103251108,2.187593936920166,0.0,52,21.20349884033203,0
24.768034603394003,93.41073091423375,15.833348274230957,0.36,506,28.824249267578125,1
26.25429724096975,81.1999312571971,1.4315578937530518,0.043199999999999995,105,21.81399917602539,0
28.262301395562115,85.37305490957434,40.04194259643555,0.20160000000000003,1726,27.148624420166016,1
19.380568349943996,84.56996104557149,0.0,0.036000000000000004,67,17.980751037597656,1
23.159151929535938,91.96974336697762,6.497151851654053,0.28440000000000004,59,22.612125396728516,0
29.50898334686319,81.66939082467796,29.751379013061523,0.018000000000000002,1611,43.882877349853516,1
29.836958257095226,73.70232240135034,2.4011552333831787,0.007200000000000001,170,17.132875442504883,0
31.035670172224314,78.85775381691228,42.34165573120117,0.057600000000000005,2696,17.38912582397461,1
29.238410783286387,81.72841013884461,48.07740783691406,0.054,1671,20.06712532043457,1
25.083343268119954,91.5434029331345,5.211004734039307,0.1584,14,18.30525016784668,0
35.27185555754674,83.99189516024057,2.2409276962280273,0.0,4912,11.191749572753906,0
26.075352836373142,96.55411575642478,2.1872074604034424,0.36,367,24.986499786376953,0
19.149611490396868,83.62996393226882,6.985703945159912,0.3204,216,19.35587501525879,1
9.726733317625147,76.80797800160835,18.65204620361328,0.36,306,26.941499710083008,1
30.17867739117429,86.95175418988599,11.420214653015137,0.0,5222,10.408124923706055,0
35.28182685720047,75.63944948002568,1.5114107131958008,0.010799999999999999,2286,32.23737335205078,1
21.789580447367317,71.80912294006845,1.4046810865402222,0.0,19,16.58887481689453,0
23.49143875313175,70.1401429737028,3.9572176933288574,0.0,2,17.37737464904785,0
21.112071060084375,81.56428793643597,4.201591968536377,0.018000000000000002,290,17.89787483215332,0
35.73565573873765,84.50636032345582,3.8183305263519287,0.0,5039,10.743499755859375,0
23.12977701974523,70.28836499558251,1.4120240211486816,0.010799999999999999,0,13.89175033569336,0
30.90846872799299,78.32981392443523,36.5751953125,0.0792,1836,26.783248901367188,1
24.149275035692476,81.59770526500522,5.064938068389893,0.2628,443,30.363624572753906,0
25.307832257621424,83.21440328183513,2.8487708568573,0.014400000000000001,78,25.000625610351562,0
27.997118723690033,75.3540547142609,1.4440574645996094,0.014400000000000001,362,12.147125244140625,0
28.52559760533755,75.428435219786,3.7775251865386963,0.018000000000000002,253,14.607250213623047,0
27.457321069462612,72.87470453009102,2.86560320854187,0.010799999999999999,261,15.60925006866455,0
7.209653891522249,80.20711320518821,5.1695237159729,0.3528,99,29.24049949645996,1
29.763925224496308,71.227014635959,1.458024501800537,0.057600000000000005,110,9.978875160217285,0
25.878082799980493,94.1739395796217,21.26860809326172,0.3528,1355,29.425874710083008,1
35.72757090118058,71.30570705484787,46.838951110839844,0.0,3323,29.160499572753906,1
25.11945554254156,94.36420275679822,17.934589385986328,0.1512,1842,28.958749771118164,1
31.093072518879552,77.16748377831298,27.416255950927734,0.108,1906,20.711999893188477,1
33.467050320222214,68.3145866533151,1.9112874269485474,0.0,2274,20.573375701904297,0
34.494363679141294,71.25612005116447,3.090677261352539,0.0036000000000000003,702,22.276750564575195,1
22.614233878189037,70.65191319106567,6.410182476043701,0.0,56,16.24362564086914,0
30.166550134838676,78.1123317941499,3.4480948448181152,0.0396,466,19.36199951171875,1
26.907013126410995,87.92166520214982,19.319814682006836,0.0756,1166,25.038875579833984,1
23.73344489067355,92.7475047399683,26.788646697998047,0.0684,867,20.777124404907227,1
27.097006809002274,90.4031713430016,28.407651901245117,0.36,1481,22.848249435424805,1
27.73651745976696,85.33047476510707,4.416161060333252,0.0,1338,20.353124618530273,1
33.98232396719317,73.79610651701242,15.257655143737793,0.0684,1268,31.05412483215332,1
24.1945501260121,91.82933668806974,1.4182885885238647,0.010799999999999999,32,25.667749404907227,1
18.516838204263077,74.51565705959216,2.16049861907959,0.018000000000000002,520,22.186500549316406,0
34.14806313711322,77.6539215046637,5.146777629852295,0.028800000000000003,3757,19.78537368774414,1
22.950563120563388,73.94244207679549,1.4110077619552612,0.0684,183,18.304874420166016,0
25.081995795193773,91.77840221146018,1.4238144159317017,0.0396,8,22.711000442504883,1
26.06645951506036,68.87809983104327,0.9559096097946167,0.014400000000000001,20,10.798125267028809,0
27.85940699063451,83.7711790949324,22.0199031829834,0.14400000000000002,1172,22.779375076293945,1
28.053712586589562,83.96090328293845,25.639799118041992,0.2916,1009,14.130374908447266,1
24.506894350300456,91.58894751803936,2.307300090789795,0.1764,18,24.029499053955078,1
10.449787289812951,77.52052168497195,3.4829540252685547,0.007200000000000001,326,27.348249435424805,1
35.31093227240594,73.31964009031542,63.02783203125,0.0,3448,26.762374877929688,1
26.076430814714087,68.50350235756544,1.0642166137695312,0.0,28,9.805375099182129,1
26.204440742701117,91.87191683253701,19.845129013061523,0.29519999999999996,138,26.14287567138672,1
22.475983155963043,69.1413960408187,1.034473180770874,0.0,4,16.895750045776367,0
17.457185495115688,79.38731067690073,1.3847392797470093,0.0324,242,21.092374801635742,0
22.11971131428124,74.21031969451992,5.608885765075684,0.007200000000000001,349,15.974374771118164,0
28.079045077601734,96.52420185746361,23.766963958740234,0.05040000000000001,557,20.054500579833984,1
32.745343820960585,91.6816536553605,0.9559096097946167,0.0,4941,11.130000114440918,0
25.476805362564303,94.13513235934774,13.040626525878906,0.1908,1669,30.164875030517578,1
34.58922577314432,74.24643196894154,27.460960388183594,0.2628,1961,43.11225128173828,1
33.087062955039656,97.43805799599839,12.075212478637695,0.061200000000000004,4179,15.524125099182129,0
32.84667378500927,75.13711157314604,20.610546112060547,0.08639999999999999,602,34.946998596191406,1
31.455003746851308,78.19964803976632,33.01612854003906,0.07200000000000001,2040,38.247501373291016,1
23.139209330228486,92.55212116567232,6.7409868240356445,0.2988,396,20.739124298095703,0
33.270588767585274,75.77015435386507,35.39814758300781,0.0828,1146,43.88850021362305,1
33.89958912952576,96.09597496152382,17.589710235595703,0.0,4823,15.276124954223633,0
29.519493635687386,80.46906194203746,13.452360153198242,0.0396,2004,29.013750076293945,1
16.86860932096058,96.14340600852533,3.946075916290283,0.0,28,25.12987518310547,1
27.403961141585913,87.06494191568504,27.73143768310547,0.23760000000000003,714,16.873001098632812,1
29.82941240870862,88.69969606972575,36.02088928222656,0.0,5571,10.896875381469727,0
27.084610058081424,93.60503651018881,6.485212326049805,0.0,290,32.55649948120117,1
34.690555737193,96.51261359029846,0.9559096097946167,0.0,4629,13.579750061035156,0
27.376472693891856,88.76275780267093,11.650325775146484,0.010799999999999999,3756,28.606624603271484,1
29.294465657015447,81.2999137483196,24.982837677001953,0.2124,1206,22.235750198364258,1
34.4523225238445,75.75371518416567,7.470743179321289,0.0,3456,18.806249618530273,0
33.86536331720081,86.30254173405281,16.029611587524414,0.0,5175,9.871749877929688,0
32.79627829757016,86.63725400891573,23.833656311035156,0.0,5079,10.23062515258789,0
26.859582079409485,89.39041069168525,11.210735321044922,0.3528,314,25.919124603271484,1
29.27128912268516,79.34095760824016,3.067321300506592,0.1908,361,28.60712432861328,0
21.712235501404628,80.30817367465166,3.9537339210510254,0.021599999999999998,290,22.511123657226562,0
27.174082260379727,95.8011478852758,0.0,0.09,295,34.553001403808594,1
12.627573033103907,75.74131843324483,11.207454681396484,0.3204,1134,27.536624908447266,0
6.957406959741487,81.12043035455252,1.9254549741744995,0.0828,1124,29.414125442504883,1
27.96882179224027,83.9064653767208,11.885701179504395,0.3024,753,22.779375076293945,1
28.901812046326803,96.63604211033649,22.521249771118164,0.28800000000000003,2972,25.861125946044922,0
33.773196169050145,74.10117438749941,16.84787368774414,0.007200000000000001,1059,29.457874298095703,1
29.78521529672994,71.4811480298364,1.1013798713684082,0.028800000000000003,113,10.752750396728516,0
35.00882884235654,95.25892477978125,3.0146656036376953,0.0,4631,12.602749824523926,0
12.453479531041543,79.18060833002482,0.9559096097946167,0.028800000000000003,176,32.6978759765625,0
35.44541007043863,73.93408774465317,29.390451431274414,0.0,1627,17.667125701904297,1
27.57778514906304,85.17174245440316,23.916515350341797,0.043199999999999995,1338,21.087499618530273,1
29.28691980862884,78.38721627109047,1.4541188478469849,0.1296,235,17.39787483215332,0
29.230864934899785,94.38306737776472,27.223649978637695,0.22319999999999998,3419,26.934249877929688,0
10.96290498010202,77.59463269591181,0.0,0.007200000000000001,269,28.901248931884766,1
32.100173783905944,76.26979731489234,22.177734375,0.1584,764,24.926124572753906,1
24.68691673323801,93.91576376696575,1.0520439147949219,0.021599999999999998,777,21.11487579345703,1
29.343513671528374,84.66212819372215,22.12078285217285,0.0,5039,12.371500015258789,0
6.833439450532993,80.99322891032119,3.9619030952453613,0.0,1273,29.14525032043457,1
27.399918722807374,92.35000022674542,27.309005737304688,0.3024,2622,23.242374420166016,1
16.515571414301608,80.65258775458308,31.074848175048828,0.17279999999999998,129,18.47487449645996,1
18.11852520728448,96.00461629712888,10.001240730285645,0.2808,300,25.066123962402344,0
27.655669084196205,88.60510347030797,21.393604278564453,0.28440000000000004,1935,36.235626220703125,1
27.71711384962998,83.46584172986019,14.51182746887207,0.054,216,21.55037498474121,1
20.198214921549585,84.4934245833645,0.0,0.1512,409,20.452625274658203,0
32.9919313664514,75.19451391980128,37.333473205566406,0.09,878,34.946998596191406,1
21.35165174635905,83.5757955206364,1.0263406038284302,0.025200000000000004,177,21.184749603271484,0
23.899453555178837,77.881644429188,2.2982254028320312,0.028800000000000003,403,24.554750442504883,0
10.060637108732374,76.63307601579028,0.9559096097946167,0.1656,23,34.6870002746582,1
22.082521061518694,71.55768449204339,1.9112874269485474,0.0,102,16.360750198364258,0
12.874699567765187,74.95655020103801,2.73697566986084,0.0756,14,29.38312530517578,1
29.415468725786347,90.6249653866507,25.246498107910156,0.0324,4428,12.05774974822998,0
32.09316692468982,95.7116756829775,28.609418869018555,0.0,5120,15.779125213623047,0
21.374289291518863,85.25663324875245,10.448585510253906,0.3528,584,19.208999633789062,0
34.66091133281706,73.95942023566535,54.61302185058594,0.1764,2064,43.850250244140625,1
10.96290498010202,77.59463269591181,0.0,0.007200000000000001,269,28.901248931884766,1
28.30488154002938,83.60112801164858,2.8909459114074707,0.0324,784,18.731874465942383,1
27.652435149173375,89.72593145030389,24.326589584350586,0.36,2434,39.63362503051758,0
32.79600880298493,92.76178795298581,5.111188888549805,0.043199999999999995,5114,11.031499862670898,0
24.79929597528136,93.94810311719405,4.616055011749268,0.0,780,28.61775016784668,1
29.800037498917913,95.70008741581235,14.505483627319336,0.11880000000000002,3624,30.951875686645508,1
23.597619619714678,81.32767169059889,3.662532329559326,0.12240000000000001,420,24.904499053955078,0
27.952652117126117,84.22689443856623,41.186161041259766,0.3024,342,23.08049964904785,1
17.00308711899327,73.35709983766321,5.7169413566589355,0.0,128,18.51937484741211,1
27.92705013152871,83.52890346280537,16.226272583007812,0.09,450,22.87612533569336,1
32.24974327871185,92.05571213966788,3.518892288208008,0.0,4736,11.550749778747559,0
32.514117466828225,76.38217655693569,50.73594665527344,0.2412,2265,38.20375061035156,0
33.08329003084635,71.14993918458154,4.444180011749268,0.007200000000000001,696,21.800750732421875,0
23.20119308483273,74.51404009208073,8.263154029846191,0.17279999999999998,382,17.726625442504883,0
20.083949217409582,73.73088882738534,1.0177890062332153,0.036000000000000004,641,18.460250854492188,0
30.603400857506,91.10385726461482,36.18671417236328,0.0,5095,15.49262523651123,0
30.770487500352232,71.56172691082193,3.8183305263519287,0.0,140,17.780750274658203,0
24.704164386693105,92.2303446309007,10.573675155639648,0.3492,66,25.35787582397461,1
31.773276852014853,77.30465652219803,21.0948486328125,0.054,1321,43.79125213623047,1
6.526215623364117,80.15617872857862,8.777730941772461,0.234,19,29.313751220703125,1
26.084246157685925,95.92754084575142,12.81974983215332,0.36,518,24.440250396728516,0
20.487652106092895,75.78578503980874,4.075315952301025,0.021599999999999998,631,20.974374771118164,0
32.64536132983808,71.01303593528172,8.034394264221191,0.036000000000000004,244,26.81537437438965,0
20.699744344673512,92.93507297129247,2.0430757999420166,0.061200000000000004,3,23.36487579345703,0
11.51186545022746,76.01862836145253,41.4149284362793,0.198,742,28.914875030517578,1
30.730063312566852,78.43788125311481,7.914161682128906,0.0,1120,26.933250427246094,1
35.16756115306047,75.34084947958435,25.146011352539062,0.0,4699,18.634000778198242,0
27.51607088904403,88.55740292872122,15.804327011108398,0.3096,1339,36.235626220703125,1
34.15830393135219,83.92964191105109,5.883533954620361,0.0,5009,10.005000114440918,0
32.44297089632596,81.83890291879132,22.542325973510742,0.0,4891,10.417625427246094,0
9.890586025448549,76.86160742407029,7.470335960388184,0.36,65,25.985750198364258,0
21.78607701775925,83.8846363153167,2.2689836025238037,0.0,202,14.390125274658203,1
27.986877929451072,84.27648144224963,14.542852401733398,0.054,336,23.421499252319336,1
26.71998388425731,95.02904589857508,9.530817985534668,0.057600000000000005,688,32.7921257019043,1
24.82867088507207,93.59344824302366,39.168025970458984,0.36,725,29.5783748626709,1
26.278012764470507,76.16927583459938,2.188107490539551,0.021599999999999998,276,15.10474967956543,0
35.35378191145844,69.27398737675475,25.212291717529297,0.0,4159,25.32462501525879,0
20.27906329712034,80.06239461291655,1.9112874269485474,0.19440000000000002,211,24.551124572753906,0
35.58312180349416,88.5444671886299,1.9112874269485474,0.0,4953,6.047375202178955,0
32.23384309818293,77.17853305630766,18.326955795288086,0.2772,2157,43.633872985839844,1
28.39273677481627,83.59412115243245,19.985122680664062,0.34559999999999996,1036,18.731874465942383,1
29.91214724637603,78.17242908665749,1.1027804613113403,0.1584,284,18.789125442504883,1
10.05443873327195,78.02986645106772,5.145480632781982,0.0324,185,31.103626251220703,1
23.46071637041486,97.91587189562156,0.9559096097946167,0.05040000000000001,1365,25.861125946044922,0
31.239677573247857,84.00348342740571,0.0,0.0,4590,11.353250503540039,0
30.92221295184002,78.68150435816803,31.097314834594727,0.09,2083,43.89137268066406,1
27.737056448937434,84.60742079291927,35.20382308959961,0.1656,556,22.86862564086914,1
23.024674131503247,72.95582240024702,4.564128398895264,0.09,61,15.20687484741211,0
30.814954106916147,78.22417204702278,16.841201782226562,0.10439999999999999,1351,27.413375854492188,1
25.54229254677662,82.08737692637878,1.4267934560775757,0.007200000000000001,94,23.507999420166016,0
33.0633474315389,80.18501464919886,40.249855041503906,0.0,4815,11.696125030517578,0
23.842320703108836,73.88207528970266,3.049628257751465,0.09360000000000002,283,10.851875305175781,0
20.09499849540425,96.75650618993691,10.447776794433594,0.198,1430,29.406875610351562,0
28.77272413999883,87.151719172131,14.922357559204102,0.0,5029,11.56137466430664,0
27.342516376152137,88.24263325316574,15.146194458007812,0.34559999999999996,1384,28.42224884033203,1
34.378750502075114,71.25854550243159,4.999604225158691,0.0,884,22.276750564575195,0
24.953985867206743,76.56489388572561,0.9559096097946167,0.0036000000000000003,295,19.699748992919922,0
34.11895772190775,73.8764159034127,33.569942474365234,0.09,1145,43.83812713623047,1
27.756460059074413,88.63205292883154,18.257169723510742,0.1296,3886,16.094249725341797,1
31.836338584960043,75.0624615730357,4.878587245941162,0.028800000000000003,246,24.907875061035156,0
9.728619779721798,76.8031270990741,8.865033149719238,0.32400000000000007,317,26.941499710083008,1
21.579105176298114,71.95465001609581,2.2663075923919678,0.018000000000000002,98,16.58049964904785,0
27.736786954352198,86.1634825280711,10.332576751708984,0.04680000000000001,961,18.22137451171875,1
22.397021242488936,70.48994694533893,4.878723621368408,0.0036000000000000003,73,16.378875732421875,0
23.317614745654623,73.41800561392651,0.0,0.0,126,17.451875686645508,0
34.525894545613895,71.398413192169,2.3194820880889893,0.0036000000000000003,682,20.89612579345703,1
28.34988713576377,77.13810886852227,4.389455795288086,0.0396,286,22.863624572753906,0
6.973037645685167,81.08539605847186,8.654237747192383,0.10080000000000001,837,29.414125442504883,1
29.35079002532974,79.45118089360163,12.954251289367676,0.33480000000000004,1573,28.60712432861328,1
27.338204462788365,88.60698993240462,20.102088928222656,0.10439999999999999,1514,22.061124801635742,1
34.132701945754775,74.55931518240037,1.4989383220672607,0.0,1615,23.469125747680664,1
19.44740300708249,76.57055327201556,1.393212080001831,0.007200000000000001,414,25.150875091552734,0
26.14757738521635,91.73555257240767,1.4308314323425293,0.0,52,25.46875,1
27.03744850566515,88.26257585247319,11.6431884765625,0.04680000000000001,2068,18.95075035095215,1
30.765097608647515,78.5925711450402,10.595986366271973,0.043199999999999995,1410,43.89137268066406,1
26.1314077101022,91.75468668795942,6.98784065246582,0.010799999999999999,74,26.14287567138672,1
22.647651206758283,92.15461665244943,11.401021003723145,0.22319999999999998,56,22.434375762939453,1
12.865806246452403,74.88513413595051,3.8183305263519287,0.0,17,29.38312530517578,1
16.939216902292372,73.47459947682604,15.561063766479492,0.1908,36,17.380624771118164,1
28.08901637725546,83.29336519530924,39.125152587890625,0.36,1225,18.865625381469727,1
19.19353910779031,73.0113382848056,27.971479415893555,0.18,147,20.756250381469727,1
33.69180880430891,76.04126590661234,9.737447738647461,0.0,4881,10.585000038146973,1
33.18461999489504,75.80626662828666,21.038419723510742,0.028800000000000003,991,43.891876220703125,1
23.393073229520663,74.55635074196277,3.0484085083007812,0.0684,326,17.396625518798828,0
33.113742918978005,82.30135562705604,0.0,0.0,4555,10.74174976348877,0
28.069882261703714,83.65260147742863,9.423039436340332,0.1296,1378,15.446000099182129,1
21.14602737782409,74.13755615650625,1.4013612270355225,0.014400000000000001,571,16.054874420166016,0
33.351437143156026,92.89330131058091,3.9851465225219727,0.0,4789,11.528624534606934,0
24.573998502024185,77.0842099514751,0.0,0.028800000000000003,390,19.690750122070312,0
30.786657175466384,78.61709515229666,30.64237403869629,0.0396,1520,43.89137268066406,1
29.948259520797635,69.82025290102783,6.593231201171875,0.025200000000000004,1209,17.61224937438965,0
30.903617825458745,77.09660670239595,25.461164474487305,0.0324,1428,24.901750564575195,1
34.21867071844501,74.8368946051933,41.379634857177734,0.057600000000000005,2332,38.70612335205078,0
10.04850985239676,76.76054695460684,14.174420356750488,0.2808,73,28.44387435913086,1
17.38954235422149,78.49905652396335,2.157521963119507,0.0,493,26.79800033569336,1
30.30102793287137,79.36278666964427,23.87851905822754,0.0792,1029,21.964250564575195,1
27.496667278907047,74.74957835957687,6.104414463043213,0.054,357,12.894000053405762,0
17.690837300515177,83.09852061018371,4.118973731994629,0.04680000000000001,56,16.55150032043457,0
26.96899688101524,76.31965381316098,3.35310959815979,0.010799999999999999,313,15.210000038146973,0
35.04386313843721,68.82312293565516,25.459352493286133,0.0648,2107,24.92675018310547,0
28.272003200630607,83.74045671221552,8.552166938781738,0.0,884,18.731874465942383,1
15.593091449039271,73.81200669754134,6.734012603759766,0.0,45,13.773624420166016,1
27.770204282921444,85.86919444099355,53.7603759765625,0.0,1291,22.45800018310547,1
31.956533169975238,77.10981193707251,6.729437351226807,0.0,1232,27.557498931884766,1
33.77050122319778,74.0965929795504,2.4892842769622803,0.0,1009,29.457874298095703,1
24.763722690030228,82.67864804638624,2.1816370487213135,0.018000000000000002,302,18.371875762939453,0
10.244432415863228,77.51459280409676,15.932035446166992,0.2988,1715,32.25175094604492,1
32.991392377280924,75.19424442521604,28.541841506958008,0.010799999999999999,846,34.946998596191406,1
30.257100315477924,74.82611482178386,1.9112874269485474,0.0036000000000000003,202,13.630499839782715,0
25.070138033443396,68.7347287116978,1.0553113222122192,0.018000000000000002,10,18.808124542236328,0
27.325807711867515,91.86625744624706,23.910934448242188,0.29519999999999996,3619,21.70224952697754,0
34.519696170153466,77.42781554765082,36.57194519042969,0.0,4036,15.532999992370605,0
25.611552655182233,96.29081954664935,11.654084205627441,0.010799999999999999,352,22.85300064086914,1
33.12910411033645,75.44622186241156,32.8480110168457,0.20160000000000003,1034,32.09375,1
31.55822017299664,95.27482496031017,30.337472915649414,0.0,4159,23.17737579345703,1
22.952449582660037,74.64636193343155,2.174633502960205,0.036000000000000004,350,18.324501037597656,0
33.481872522410185,70.95725055613791,3.928253173828125,0.0792,925,18.180999755859375,0
24.365140198466396,93.93247243125037,27.921510696411133,0.3168,949,26.602500915527344,0
34.616714220838375,95.58905564669519,21.101531982421875,0.0,4608,14.371125221252441,0
13.273282059329018,76.02725218818007,1.963706374168396,0.028800000000000003,827,24.074874877929688,0
29.582824863217812,80.21816248318288,9.909480094909668,0.0036000000000000003,1564,28.976125717163086,1
27.08999994978614,86.36991538036177,30.408287048339844,0.3204,1405,12.800749778747559,1
34.141056277897086,74.65687222225574,3.9514102935791016,0.0,1582,23.469125747680664,1
28.458223959028583,84.28618324731812,48.520538330078125,0.0,4754,24.46587562561035,0
15.412260582346011,74.26637456824899,29.082307815551758,0.30600000000000005,464,17.84749984741211,1
27.071404823404865,88.43074047366036,38.1805419921875,0.36,282,18.95075035095215,1
25.097356986552217,72.79062221949744,3.694276809692383,0.05040000000000001,216,22.803874969482422,0
12.827807509934148,75.07728377522368,13.680693626403809,0.198,64,29.50749969482422,1
20.381471239509967,93.01214842266992,8.773233413696289,0.12240000000000001,11,19.624500274658203,0
35.538385702345,95.61465763229259,3.026493549346924,0.0,4444,12.603374481201172,0
33.77050122319778,74.0965929795504,2.4892842769622803,0.0,1009,29.457874298095703,1
25.619637492739308,96.30860618927491,19.371042251586914,0.036000000000000004,339,22.85300064086914,1
9.632679707377834,76.97910706323312,9.852083206176758,0.11520000000000001,1029,26.941499710083008,1
33.32960808175192,75.20286825194358,37.241493225097656,0.036000000000000004,1166,37.430625915527344,1
23.09474272366457,93.71202586052745,30.629058837890625,0.28440000000000004,1523,29.30962562561035,0
7.25573746559758,80.30197529919123,15.604361534118652,0.34199999999999997,92,34.09049987792969,1
21.687711494148164,69.89436391196769,1.0287165641784668,0.0,27,16.483999252319336,0
27.82706764040621,87.88258848729063,5.756834030151367,0.043199999999999995,4310,42.93724822998047,0
22.010296512675485,91.95384318644871,2.0614147186279297,0.11880000000000002,8,24.95687484741211,1
31.851160787148014,75.97389226030337,11.720333099365234,0.23760000000000003,498,24.33300018310547,0
18.462130803460198,82.2078410059792,2.86560320854187,0.09,265,16.290124893188477,0
32.3764057337727,73.38890019872103,2.9606540203094482,0.0324,214,22.698375701904297,0
19.326130443726353,76.49617276649046,2.86560320854187,0.007200000000000001,445,23.966249465942383,0
23.145946694859383,82.92604407563276,1.9112874269485474,0.010799999999999999,543,14.665124893188477,0
7.088111833580878,80.65177927082736,16.741601943969727,0.20160000000000003,970,28.407625198364258,1
11.404067616133117,76.69532926497976,2.1453540325164795,0.0,2204,30.40912437438965,1
18.55321997326992,97.8274776716642,11.904244422912598,0.33480000000000004,688,20.749500274658203,0
32.150299776759816,95.68068380567537,17.074697494506836,0.0,4946,15.779125213623047,0
27.59988370505238,78.41416572961406,2.880380153656006,0.010799999999999999,174,23.741249084472656,0
28.007629012514233,84.08810472716978,35.04682922363281,0.1512,469,14.384749412536621,1
34.89025122485277,94.46202929123884,22.26064109802246,0.0,4889,13.245874404907227,0
26.97950716983944,86.7000462472757,16.562522888183594,0.19440000000000002,1310,21.339000701904297,1
30.164124683571554,78.29370165001363,41.249996185302734,0.09,1095,24.33387565612793,1
23.321387669847926,93.7508330808014,37.48664474487305,0.1836,2054,27.411874771118164,1
28.025685149725035,85.7260928162333,40.81084442138672,0.054,3765,30.069000244140625,1
24.014797237659785,72.80571391627065,15.471198081970215,0.09360000000000002,278,17.837749481201172,0
30.80201836682483,78.61790363605236,35.25838851928711,0.028800000000000003,1627,43.89137268066406,1
15.551589282912948,75.5486298048012,3.031982898712158,0.010799999999999999,597,16.503124237060547,0
32.31603894667987,89.99596502471022,2.2204556465148926,0.0,4730,11.130874633789062,0
27.762388939949602,83.51650671188452,29.99924087524414,0.23040000000000002,609,22.87612533569336,1
6.993519234163092,81.04739732195361,17.67802619934082,0.0036000000000000003,755,29.414125442504883,1
34.48627884158422,84.55675581089493,2.3183810710906982,0.0,5161,9.95775032043457,0
27.807933524854462,84.43359678544213,28.287118911743164,0.2808,300,23.421499252319336,1
26.198511861825928,91.7996922836938,10.606853485107422,0.0,82,26.14287567138672,1
34.5552694554046,73.35683034307797,53.66952896118164,0.18,1104,30.16962432861328,1
34.90453443787027,92.59604878306575,2.2381882667541504,0.0,4789,11.384625434875488,0
30.901192374191623,79.53229876375762,62.18142318725586,0.0,5808,9.70300006866455,1
19.039657699620637,72.90704388031932,15.048669815063477,0.0648,68,28.17387580871582,1
25.3730499472485,73.62093503660911,1.4256889820098877,0.0324,354,21.212499618530273,0
30.33606222895203,79.31966753600653,44.240692138671875,0.04680000000000001,907,21.964250564575195,1
33.986096891386474,73.83680019938303,19.326515197753906,0.054,1900,31.05412483215332,1
17.056177552284733,74.76440056176484,0.9559096097946167,0.07200000000000001,665,19.336124420166016,0
26.04624742116767,68.27658791679684,0.9559096097946167,0.025200000000000004,29,9.478124618530273,1
28.263109879317824,83.34807259611212,49.216033935546875,0.1584,1719,19.269248962402344,1
34.10575248723119,71.15694604379767,3.6770124435424805,0.0,1090,23.94737434387207,1
28.94951258791355,69.00287582400748,7.833786964416504,0.007200000000000001,812,18.645999908447266,0
30.06818461122759,74.05131788923077,3.3102664947509766,0.043199999999999995,185,15.548624992370605,0
34.337787325119265,83.08019497838767,5.151989936828613,0.0,5190,10.188875198364258,0
35.56695212838,71.79861265124426,2.86560320854187,0.0,1291,42.83924865722656,1
32.56559093260827,76.12022782008644,41.91475296020508,0.08639999999999999,838,32.44012451171875,1
34.30410050196478,85.58784209400731,17.142696380615234,0.0,5580,9.953374862670898,0
33.128026131995504,83.9913561710701,2.2257347106933594,0.0,4702,9.722249984741211,0
32.90407613166451,75.0910279990707,1.4864352941513062,0.007200000000000001,644,34.946998596191406,1
26.354549226677488,96.7195854317596,1.4322443008422852,0.05040000000000001,208,25.47137451171875,0
34.00496151235298,73.75271788878945,36.58189392089844,0.36,1699,43.83812713623047,1
23.497098139421702,89.75638433843554,2.2923827171325684,0.11520000000000001,10,22.396875381469727,0
18.769893619799547,73.3630287185384,6.058398246765137,0.036000000000000004,476,20.07525062561035,1
29.619206632224653,97.29872929543146,43.33911895751953,0.0,4766,13.189374923706055,0
30.77129598410794,77.43994280398643,26.33672523498535,0.0648,1510,29.55062484741211,0
35.29179815685419,70.22853719766015,35.007164001464844,0.0,3356,24.451000213623047,0
28.571411684827645,77.21356735238831,1.9112874269485474,0.0,216,30.484500885009766,1
27.318531358066146,93.14339228567978,20.22736358642578,0.36,1572,23.634624481201172,0
24.514170704101826,75.34219695251052,16.56403160095215,0.1404,544,16.847375869750977,0
14.212201194290742,78.19318016972065,4.1134033203125,0.16920000000000002,879,25.289749145507812,0
22.425318173938702,91.80211773496093,9.961180686950684,0.33480000000000004,49,25.919750213623047,1
27.742176846056914,83.33028595348655,32.292236328125,0.36,409,21.55037498474121,0
14.470107512361457,78.82056356414972,1.9738545417785645,0.0,129,21.84149932861328,1
33.316133352490134,71.0488787151181,0.0,0.021599999999999998,680,19.493499755859375,0
28.087399409744044,91.0833756761369,39.12358474731445,0.2592,3839,23.560375213623047,0
29.29823858120875,81.64837024702956,15.832672119140625,0.2808,2806,21.592124938964844,0
32.19665284542038,76.31938431857574,20.487548828125,0.036000000000000004,1134,24.926124572753906,1
27.33928244112931,88.618847694155,25.91274070739746,0.3024,1859,22.061124801635742,1
33.049872702277106,74.6264193341241,23.53993034362793,0.27,790,31.86487579345703,1
24.17433803211941,95.15436088070975,7.35660457611084,0.35640000000000005,565,21.026874542236328,0
19.77322196063264,96.92062839234555,8.505431175231934,0.32400000000000007,1309,28.832124710083008,0
16.51718838181302,80.6024617617292,5.732568264007568,0.0,28,18.47487449645996,1
32.99004490435475,75.18912402809656,30.220378875732422,0.0036000000000000003,833,34.946998596191406,1
35.72757090118058,71.70940994353118,40.621803283691406,0.025200000000000004,1788,37.69725036621094,1
28.396240204424338,83.25482746962051,22.54276466369629,0.1656,2075,19.269248962402344,1
29.286111324873136,94.54126069929818,42.55141067504883,0.0,4132,30.865375518798828,0
25.162035687008824,83.46126032191117,0.9559096097946167,0.0,70,22.734375,0
30.65217937743369,79.55655327642884,41.11864471435547,0.1584,3439,40.76750183105469,1
29.56153479098418,86.3235623117012,15.059942245483398,0.0,5099,10.820625305175781,0
30.709042734918455,76.9834189765969,24.068668365478516,0.2916,741,23.740875244140625,1
35.60441187572779,93.48457243058837,1.5150539875030518,0.0,4518,12.651249885559082,0
6.955520497644836,80.92828071527936,19.58950424194336,0.1836,1046,29.14525032043457,1
31.523185876915978,87.36111646485925,2.2155349254608154,0.0,4610,10.774749755859375,0
19.162008241317718,73.68723070457713,30.879432678222656,0.1332,837,24.194124221801758,1
30.89283804204931,78.4799224084116,28.568777084350586,0.025200000000000004,3552,26.783248901367188,1
19.670005534487306,73.51098124583288,3.0395307540893555,0.12240000000000001,359,19.29462432861328,1
31.103313313118516,77.16263287577874,36.2352180480957,0.28800000000000003,2054,20.711999893188477,1
20.895397413554747,86.86605491178098,3.0422213077545166,0.0,3,24.565250396728516,0
31.011685154138323,78.27160309402429,40.58851623535156,0.04680000000000001,3626,35.38337707519531,0
22.47355770469592,76.43418901188622,13.148210525512695,0.11880000000000002,282,18.61050033569336,0
25.329661319025526,83.11226483403074,0.0,0.0,54,25.000625610351562,0
24.291298682111773,94.16585474206462,30.828601837158203,0.36,870,27.150375366210938,0
32.371554831238456,96.58564662289739,26.30624771118164,0.0,4437,15.499250411987305,0
23.30952990809755,95.65885474427127,3.8183305263519287,0.1368,227,20.10900115966797,0
35.68256530544619,71.76762077394213,31.57707977294922,0.0,1396,42.83924865722656,1
24.248179548474035,95.36510564636419,12.670475006103516,0.1656,278,21.4846248626709,0
27.852669626003614,84.55837277840634,22.951356887817383,0.09,331,23.39900016784668,1
23.770365648850863,92.52166827754067,10.045265197753906,0.1584,75,21.56399917602539,1
21.324163298664992,74.33994659001837,2.1689717769622803,0.007200000000000001,307,15.504125595092773,0
31.48033623786348,96.9014942767938,23.374197006225586,0.0396,4552,18.100250244140625,0
6.943932230479694,81.068417899602,10.281852722167969,0.3204,817,29.414125442504883,1
27.739481900204556,83.57525653146594,32.08038330078125,0.28800000000000003,1027,22.60387420654297,1
33.74031782965137,77.75579045788285,19.936128616333008,0.0,3705,14.136374473571777,1
27.703100131197715,85.31834750877145,3.0616068840026855,0.0,1297,20.353124618530273,1
30.459490748990053,88.566296250034,0.0,0.0,4806,10.596250534057617,0
33.86482432803034,70.16116355135118,3.9416093826293945,0.09,1558,19.47337532043457,0
20.807811673353093,75.41307402842756,1.399668574333191,0.021599999999999998,229,19.895000457763672,0
34.40516097142823,82.84573468923247,3.6004109382629395,0.0,5260,10.374625205993652,0
34.719930646983705,78.95019045964817,3.091858386993408,0.0,5438,11.649999618530273,0
27.85886800146404,83.60139750623382,17.83346939086914,0.0792,1100,22.87612533569336,1
35.63432577468897,87.73274949789949,1.515395164489746,0.0,4954,10.12512493133545,0
25.4549763011602,84.53223180363847,3.702249050140381,0.0,65,21.698625564575195,1
35.75452035970416,78.80169894318321,25.967296600341797,0.0,5576,11.750249862670898,0
27.95049616044423,84.30747331955176,20.065189361572266,0.198,694,23.421499252319336,1
18.396913113833122,82.77647458082686,23.38532829284668,0.216,1015,19.94474983215332,0
32.34271891061822,81.74565779229971,18.33577537536621,0.0,4947,10.060250282287598,0
30.02856890719792,84.05549588235624,1.4602357149124146,0.0,4742,11.286499977111816,0
7.314756779764233,80.49628089514628,14.947379112243652,0.3168,281,34.09049987792969,0
24.52036907956225,92.72648416231992,2.307504892349243,0.11159999999999999,42,25.887624740600586,1
24.259228826468703,95.32710690984592,8.212964057922363,0.36,364,20.897624969482422,0
19.17036257346003,73.02157907904457,38.611976623535156,0.0,51,20.756250381469727,1
33.27975158348329,90.63170275128161,3.0845837593078613,0.0,5047,10.614250183105469,0
28.046436232788196,75.30770164560033,2.1964352130889893,0.018000000000000002,346,13.199749946594238,0
28.297874680813248,84.96719606420913,47.14695358276367,0.1908,3030,36.63087463378906,1
16.6252557104926,80.61270255596817,2.86560320854187,0.025200000000000004,23,18.47487449645996,1
34.970291116667816,80.5092166352376,3.9915249347686768,0.0,4931,12.184999465942383,0
24.41364922380885,91.75603416088559,2.180222749710083,0.0396,18,24.110374450683594,1
21.90384615150732,73.87964983843553,14.437807083129883,0.1404,460,16.846750259399414,0
35.352703933117496,74.86842547166589,29.981657028198242,0.0,2219,22.523500442504883,1
28.191424319645087,85.32777981925472,31.799055099487305,0.05040000000000001,2199,21.696250915527344,0
27.073560780086755,88.47790202607663,12.414138793945312,0.0036000000000000003,1158,18.95075035095215,1
10.33147916689441,76.95916446392566,22.603559494018555,0.0396,1124,27.34575080871582,1
6.753938547888415,80.95145724960965,10.581402778625488,0.09,978,29.14525032043457,1
25.30998821430331,94.482780374302,30.9703426361084,0.1584,1528,29.985374450683594,1
28.117043814119988,83.24970707250102,23.377443313598633,0.1764,973,16.671749114990234,1
24.827592906731127,93.51825925374285,43.68125915527344,0.36,484,29.5783748626709,1
26.08128171724833,94.80293994156219,37.30967712402344,0.32400000000000007,944,31.743499755859375,1
27.680193091452665,93.6260570878372,26.91887855529785,0.36,1093,27.25112533569336,1
27.217740383187937,89.51922910342799,27.822345733642578,0.126,2191,22.756376266479492,1
28.3921977856458,83.19122674750484,29.228403091430664,0.10439999999999999,1777,18.236499786376953,1
24.953985867206743,94.21571124033326,20.834087371826172,0.2124,936,28.209625244140625,1
28.611027388857316,72.66045633482852,1.4487571716308594,0.0,129,17.15475082397461,0
21.981460592055246,85.7950834300537,4.336158275604248,0.021599999999999998,377,14.43274974822998,0
25.405389297476802,97.85415763560256,29.312597274780273,0.36,1343,28.171749114990234,1
23.695715648740528,85.70534173317014,5.052915573120117,0.036000000000000004,347,18.812000274658203,0
6.664196851004875,80.38983053397811,14.17231273651123,0.34559999999999996,90,30.350500106811523,1
32.110684072730145,77.35559099880761,18.895105361938477,0.0648,3268,37.3338737487793,0
27.49073839803186,86.10769714892729,30.233795166015625,0.23040000000000002,625,14.068499565124512,1
10.053899744101477,76.82926807384199,32.160099029541016,0.29519999999999996,424,28.44387435913086,1
29.943139123678154,78.40069100035225,32.80105972290039,0.108,1154,19.596750259399414,0
30.71524111037888,80.58117168949558,14.132322311401367,0.0,4732,11.89525032043457,0
26.01363857635413,94.51619770287124,12.913050651550293,0.126,1721,31.596250534057617,1
18.62463603835742,75.86609442620903,0.0,0.010799999999999999,678,22.774124145507812,0
30.39993244565293,79.34904244579724,36.74274444580078,0.3168,1324,21.964250564575195,1
30.705808799895628,76.98449695493784,12.085540771484375,0.3276,767,23.740875244140625,1
7.002143060890639,80.70298324202219,7.6595001220703125,0.22319999999999998,1427,28.407625198364258,1
20.725076835685684,75.58851500341609,1.3992598056793213,0.010799999999999999,296,19.565624237060547,0
35.970924511648555,81.1074946144612,44.135562896728516,0.0,5822,12.74887466430664,0
12.46021689567244,76.8640328753374,0.9559096097946167,0.09,696,25.48900032043457,0
27.933248506989134,83.65287097201387,21.08746910095215,0.1548,860,22.87612533569336,1
31.521568909404564,78.13469984472447,41.521846771240234,0.028800000000000003,1909,28.045000076293945,1
28.235082442453294,94.96113326309563,44.257057189941406,0.2664,312,23.52775001525879,1
17.26341888833111,73.54466806898736,5.74953031539917,0.2988,96,20.294876098632812,1
26.16078261989291,91.8530522115705,7.675549507141113,0.24480000000000002,101,26.14287567138672,1
29.306323418765825,81.05602114868115,17.116771697998047,0.1332,1663,21.491249084472656,1
31.106008258970874,77.17799406713718,28.028728485107422,0.08639999999999999,2212,20.711999893188477,1
25.5083362290369,90.21910654128551,23.97571563720703,0.3168,323,23.07149887084961,1
25.8142125832796,90.57618686672302,5.379369735717773,0.05040000000000001,62,23.908750534057617,1
28.293023778279004,82.26173992302637,0.9559096097946167,0.108,891,19.490375518798828,1
17.079084592029783,74.74364947870168,2.2158188819885254,0.05040000000000001,702,19.506999969482422,0
33.857547974228964,77.45072258739586,37.90458679199219,0.0,4140,15.093000411987305,0
21.448939291629195,86.27451429718828,21.801328659057617,0.36,365,21.3125,0
33.97396963505086,73.79206409823388,4.698652744293213,0.0,1169,31.05412483215332,1
25.63958009204676,94.11114734126174,9.866636276245117,0.04680000000000001,1494,30.916873931884766,1
23.694637670399587,92.87632315171105,21.387189865112305,0.2556,570,27.1456241607666,1
12.801397040581033,78.98172132612076,7.535728931427002,0.36,640,31.39962387084961,0
29.750450495234514,87.1360884861873,29.143310546875,0.0,5478,6.704124927520752,0
34.542603209898516,79.80475778943106,1.5032984018325806,0.0,5365,11.739375114440918,0
33.028313135458234,85.92713577681926,4.454989433288574,0.0,4888,9.95687484741211,0
33.38916638508905,74.31272763690956,1.4912724494934082,0.0,941,31.079124450683594,0
7.190789270555739,80.03167223019966,1.9112874269485474,0.3312,44,29.24049949645996,1
29.283416379020775,80.67495580515765,21.468120574951172,0.0792,1600,23.583749771118164,1
33.70986494151972,74.79593142823744,11.625075340270996,0.2412,2215,43.89562225341797,1
30.404244359016705,79.3307168140012,39.409690856933594,0.108,1028,21.964250564575195,1
26.497111862267257,87.74083433545657,3.0575613975524902,0.0324,77,22.525375366210938,0
35.81839057640506,72.36104785063148,27.071985244750977,0.0,4744,19.62762451171875,0
26.934232079519816,88.44852711628593,27.0081787109375,0.32400000000000007,267,24.125,1
20.79164199823894,97.04836882574735,22.52457046508789,0.0648,1502,28.39175033569336,1
28.259875944294993,84.09996248892016,26.338150024414062,0.36,1353,21.13075065612793,1
28.9371158369927,94.65256196300058,37.53983688354492,0.2664,2674,35.459373474121094,0
28.900464573400626,93.76942820718268,20.020145416259766,0.3024,4049,26.7346248626709,0
29.56881114478555,82.28356898443047,33.191307067871094,0.0324,2642,24.3072509765625,1
27.85698153936739,85.12862332076541,27.370542526245117,0.3096,594,18.658374786376953,1
28.200587135543106,80.94633685249016,2.369462013244629,0.010799999999999999,138,21.779125213623047,0
29.075366559218693,73.89824496481681,3.2779481410980225,0.0,198,18.503376007080078,0
27.366770888823364,87.21666736717283,22.08103370666504,0.1764,831,16.873001098632812,1
24.089716732355352,91.46632748175705,7.719377517700195,0.23040000000000002,107,24.262001037597656,1
33.27139725134098,75.17699677176094,36.469844818115234,0.07200000000000001,1139,37.430625915527344,1
35.063536243159426,89.54752603487775,11.900504112243652,0.0,5206,10.52649974822998,0
35.37830591871491,71.78675488949388,52.86750030517578,0.12240000000000001,2397,22.415250778198242,1
24.920838033222733,93.38863235824441,5.7169413566589355,0.3024,182,28.824249267578125,0
32.70303317107856,75.95691410143351,38.932037353515625,0.10080000000000001,1978,33.92774963378906,1
30.86615807811096,77.85873738944295,34.375953674316406,0.18,1140,28.211750030517578,0
9.02092699889244,78.12499803965598,1.9352058172225952,0.0036000000000000003,22,26.32437515258789,0
34.67573353500503,73.0428691512782,11.669816017150879,0.0396,1089,22.486499786376953,1
34.41890519527526,72.63970525176536,14.22632884979248,0.09,810,19.63949966430664,0
31.639338043152634,91.73447459406673,19.171289443969727,0.0,4593,11.727999687194824,0
34.54745411243276,73.34551157049806,29.80962371826172,0.0,1098,30.16962432861328,1
34.060477396911566,74.42025597641866,18.41114044189453,0.2412,2240,43.8853759765625,1
26.90162323470628,88.47197314520145,39.15338134765625,0.24480000000000002,204,24.125,1
35.46750862642797,78.78876320309189,40.3631706237793,0.0,5146,11.443500518798828,0
27.814401394900123,85.83146519906053,16.247915267944336,0.3024,2377,22.45800018310547,1
12.303640541650406,75.91648991364814,9.521303176879883,0.3492,879,26.826749801635742,0
14.781104263723634,74.49894839530754,31.104421615600586,0.36,329,18.563749313354492,1
24.17891944006842,88.18954281987428,2.179291009902954,0.04680000000000001,21,20.98237419128418,0
15.686336575530877,74.16234965834795,13.148210525512695,0.3132,793,17.509124755859375,1
27.827337134991446,93.62417062574055,19.754825592041016,0.17279999999999998,975,28.259876251220703,1
21.4031252121391,86.59090094025517,3.0774714946746826,0.36,223,20.256874084472656,0
22.600220159756773,72.85449243619833,6.409763813018799,0.0756,38,17.533374786376953,0
34.56685772256974,79.84302602053457,22.024951934814453,0.0,5641,11.739375114440918,0
31.753603747292637,89.9560798260953,5.916553497314453,0.0,4670,13.21037483215332,0
27.175699227891144,88.52937549185668,12.002574920654297,0.0324,305,20.803125381469727,1
33.541430825747305,79.13209930468237,17.09989356994629,0.0,4966,13.043999671936035,0
22.379773589033842,73.87372095756034,0.9559096097946167,0.0792,118,18.71525001525879,0
27.43737847015516,90.4678500434582,16.063840866088867,0.3492,1586,20.604000091552734,1
27.602039661734267,73.69019514501473,3.7535531520843506,0.007200000000000001,322,12.962499618530273,0
11.40460660530359,76.69532926497976,5.798430442810059,0.0,2208,30.40912437438965,1
31.622359884282773,78.01935616224353,13.517684936523438,0.021599999999999998,2465,28.045000076293945,1
15.829438200291117,78.05007854496041,3.4849653244018555,0.0,286,23.2081241607666,1
9.999461837883834,77.0308500235984,17.21807289123535,0.33840000000000003,932,27.158124923706055,1
34.30598696406143,77.32648558360214,15.696738243103027,0.0,4041,15.503000259399414,1
15.150042350911523,74.1100677088122,2.198389768600464,0.2124,54,16.29224967956543,1
25.96108713223314,91.3682314527312,6.01848030090332,0.3492,183,22.070499420166016,1
34.62614653132163,73.0886832307683,18.48590660095215,0.09,1416,22.486499786376953,0
30.816571074427564,91.00818668685609,0.0,0.0,4723,12.689749717712402,0
30.954282807483086,77.50623847195445,17.715042114257812,0.2916,2598,29.083499908447266,1
30.374599954640757,87.95400455237814,20.479209899902344,0.0,5578,10.357999801635742,0
31.697009884393108,75.81084803623568,3.6386239528656006,0.025200000000000004,314,23.899499893188477,0
20.070474488147788,94.20843488653189,21.997634887695312,0.36,1234,17.923500061035156,0
26.985705545299865,87.32203975000004,27.220022201538086,0.1836,812,21.972126007080078,1
33.15632306344527,92.8714722491768,5.37760066986084,0.0,4824,11.00112533569336,0
26.015255543865546,95.8679825424143,5.702035903930664,0.216,177,24.440250396728516,0
34.20869941879129,74.32781933368277,1.499739408493042,0.0,1593,43.8853759765625,1
26.892729913393495,89.44969950043713,38.329978942871094,0.3276,1508,25.919124603271484,1
9.652622306685288,77.69569316537526,4.865634918212891,0.010799999999999999,148,29.552249908447266,0
19.62419145499721,72.9083913532455,3.0394344329833984,0.17279999999999998,13,18.644500732421875,1
10.001078805395249,76.74168233364033,3.939067840576172,0.1548,30,34.6870002746582,1
26.905396158899578,78.2988220471331,3.7362442016601562,0.010799999999999999,159,20.569374084472656,0
35.57045555798807,93.10997495711054,2.3493030071258545,0.0,4481,12.456250190734863,0
34.61132432913366,74.94981283640712,24.78592300415039,0.007200000000000001,2670,34.21612548828125,1
25.092506084017973,91.7635800092722,1.0555042028427124,0.0,8,22.711000442504883,1
17.121395241911813,79.71582457630323,2.7652270793914795,0.018000000000000002,180,23.300874710083008,0
25.619098503568836,92.70950600345006,8.473240852355957,0.30600000000000005,591,24.071125030517578,1
30.741921074317233,78.45432042281419,22.196475982666016,0.10439999999999999,1177,26.933250427246094,1
22.763533878409703,96.45521124364322,15.765687942504883,0.3312,872,27.7450008392334,0
12.231954981977669,77.48360092679464,23.36479377746582,0.007200000000000001,334,28.292125701904297,0
33.11104797312564,75.09668738536065,34.160064697265625,0.20160000000000003,1132,33.29574966430664,0
25.33855464033831,83.15511447308324,0.0,0.0,54,25.000625610351562,0
35.19909201953306,69.62675578882848,37.11860656738281,0.0,4236,36.0723762512207,0
26.34080500283046,87.09081339586768,1.432149887084961,0.0,65,22.057374954223633,0
32.40066024644393,77.49438071020407,1.9112874269485474,0.0,4921,26.489999771118164,0
29.59360464662725,79.68052078563734,12.224745750427246,0.08639999999999999,1228,27.20599937438965,1
34.53963876946092,73.34605055966854,29.72953224182129,0.08639999999999999,1064,30.16962432861328,1
14.522119967311976,74.41028467676493,15.83852481842041,0.252,75,16.965625762939453,1
29.089110783065724,68.64768196066662,6.661805152893066,0.0,356,19.589250564575195,0
25.30998821430331,94.48224138513152,31.02440071105957,0.09,1552,29.985374450683594,1
24.967460596468534,87.24038289067359,1.054429292678833,0.014400000000000001,58,11.949749946594238,0
28.277932081505796,84.35005346401903,24.614625930786133,0.1836,1026,24.46587562561035,1
28.188190384622256,84.87098649727993,47.67353439331055,0.20160000000000003,1135,17.9581241607666,1
34.562815303791204,77.60002258761654,1.5035158395767212,0.0,3119,15.50100040435791,1
24.68691673323801,76.0304861232029,4.30772590637207,0.0,322,20.185625076293945,0
34.738256278779744,97.90428362845643,1.1631895303726196,0.0,4283,14.168375015258789,0
28.173907171604757,83.80082349930835,24.9959659576416,0.1404,1215,14.130374908447266,0
22.92307467286933,96.50156431230378,5.033144474029541,0.014400000000000001,1130,27.114376068115234,1
12.089392346387902,76.53012908423018,3.9407711029052734,0.043199999999999995,684,28.652875900268555,0
29.953379917917115,88.65010906604235,20.945083618164062,0.0,5367,10.896875381469727,0
27.216662404846993,93.63063849578622,27.350032806396484,0.36,680,32.55649948120117,1
23.72293460184935,86.94690328735174,3.129587173461914,0.0,128,17.627124786376953,0
29.303897967498703,80.65797764628779,10.707853317260742,0.018000000000000002,1193,23.583749771118164,1
32.20285122088081,82.2364074320142,8.306694984436035,0.0,4640,10.744000434875488,0
27.827876124161914,83.63481483480307,25.389745712280273,0.28440000000000004,912,22.87612533569336,1
28.38438244267396,73.49049965735496,0.0,0.0,205,14.591625213623047,0
19.59562502896221,74.61537005612942,3.039374351501465,0.0,517,20.771249771118164,0
23.927480992043368,88.4024435422106,3.04986310005188,0.0684,13,22.759624481201172,0
6.98516490202078,81.05548215951067,1.9112874269485474,0.025200000000000004,652,29.414125442504883,1
27.543559336738088,82.8271395628512,1.440686583518982,0.021599999999999998,106,19.439624786376953,0
9.611928624314674,77.62670255155489,1.3613888025283813,0.018000000000000002,168,29.552249908447266,0
26.999988758317365,86.71001754692942,13.31019401550293,0.3204,468,21.339000701904297,1
35.304733896945514,69.55453123998527,21.856645584106445,0.0324,2453,27.26362419128418,1
30.60151439540935,78.34490562120844,21.1451358795166,0.018000000000000002,1658,26.933250427246094,1
30.920595984328603,78.32765796775334,42.38420867919922,0.0792,2411,26.783248901367188,1
34.15453100715888,79.97400038895918,13.331101417541504,0.0,5483,12.404000282287598,0
29.900019990040416,81.13336609464385,49.44246292114258,0.0,4314,17.172374725341797,1
31.94386692446915,77.11789677462959,26.124507904052734,0.198,1348,27.557498931884766,1
26.625121790254287,87.6772336133409,3.343806028366089,0.010799999999999999,110,21.30762481689453,0
27.70471709870913,78.1807834187998,3.585463523864746,0.0036000000000000003,182,22.94037437438965,0
32.07403280913807,96.74006702023752,14.217247009277344,0.0,4038,15.717874526977539,0
28.08712991515881,83.29363468989447,32.7007942199707,0.30600000000000005,1339,18.865625381469727,1
27.772090745018094,85.90530671541515,11.397955894470215,0.2628,1207,22.45800018310547,1
18.09130625417566,78.02205110809588,1.9112874269485474,0.021599999999999998,428,30.022499084472656,0
24.523333519999845,90.46434661385014,1.4203028678894043,0.1548,14,23.331499099731445,0
22.270089292842847,87.04769426222995,3.0961520671844482,0.09,41,14.894749641418457,0
24.090525216111057,91.31002062232025,0.9559096097946167,0.036000000000000004,4,24.262001037597656,0
28.46576980741519,95.85989770485722,26.522764205932617,0.36,1066,26.32575035095215,1
33.599641656158255,68.71532510156082,22.356048583984375,0.0,2772,18.257999420166016,0
19.66380715902688,82.21026645724632,2.2430613040924072,0.0,602,17.223875045776367,1
27.6661793730204,93.16252640123153,31.15757179260254,0.36,1845,24.95887565612793,0
25.19410554265189,94.44801557280657,14.04740047454834,0.2268,1720,28.958749771118164,1
27.26059002224044,85.02163397042678,1.0753190517425537,0.29519999999999996,271,20.772125244140625,0
33.24094436320933,75.23412962383095,13.33187484741211,0.0,684,33.29574966430664,1
17.55662899706772,78.6257189790242,5.524440765380859,0.028800000000000003,550,23.40387535095215,0
24.536269260091167,90.06845906813867,2.307746648788452,0.054,14,23.660125732421875,0
26.82023586996505,68.49218358498553,4.276977062225342,0.014400000000000001,38,10.457625389099121,0
31.016266562087335,77.09903215366307,8.746021270751953,0.036000000000000004,1694,20.711999893188477,1
26.620270887720043,91.724503294413,3.0579612255096436,0.16200000000000003,71,18.745750427246094,0
27.070057350478688,87.73005455204714,6.6888837814331055,0.21960000000000002,1589,16.335750579833984,1
33.36652883992924,80.87033937945365,10.8570556640625,0.0,4500,11.428750038146973,0
22.77646961850102,81.50634660061027,5.903696537017822,0.021599999999999998,756,20.27899932861328,0
24.043363663694784,97.46392947618104,11.515130996704102,0.3204,1183,23.819499969482422,0
22.39944669375606,74.86977294459207,3.955033302307129,0.057600000000000005,304,16.49537467956543,0
27.13042413757152,87.8710002201255,29.13962745666504,0.234,2159,20.54837417602539,1
35.5631792041867,71.96111788614147,9.217942237854004,0.0,2997,42.83924865722656,0
27.218548866943646,85.23022277939933,13.354475975036621,0.36,310,16.834375381469727,0
28.06260590790235,92.60224715852618,25.67668342590332,0.0,5394,9.864500045776367,0
17.353430079799885,74.53344370221772,1.3843281269073486,0.018000000000000002,670,20.401124954223633,0
11.343970323625522,76.86915327245688,30.60260009765625,0.3132,715,29.438125610351562,1
23.260212398999386,72.93587980093956,3.0480544567108154,0.036000000000000004,97,15.782875061035156,0
19.857304271226226,75.39367041829057,0.9559096097946167,0.010799999999999999,580,24.784000396728516,0
32.948273243643186,75.12201987637283,0.9559096097946167,0.043199999999999995,746,34.946998596191406,1
29.07509706463346,92.77202874722478,28.439023971557617,0.0,3179,14.045499801635742,0
32.400390751858694,72.80436644334446,3.8183305263519287,0.1548,192,15.787875175476074,0
30.81360663398997,78.61790363605236,16.34752655029297,0.07200000000000001,1706,43.89137268066406,1
22.280869076252284,79.75948269911144,4.233956813812256,0.028800000000000003,472,22.86174964904785,0
30.623343456813455,81.5952798137381,7.217503070831299,0.0,4662,13.51824951171875,0
11.29923422247637,76.9354489404249,2.170506477355957,0.0,328,29.438125610351562,1
25.710457167963792,88.4663137589115,1.9112874269485474,0.018000000000000002,38,21.549875259399414,0
25.321306986883215,85.65791068616863,3.053889513015747,0.025200000000000004,48,22.26762580871582,0
27.97070825433692,83.39712061062504,34.31245040893555,0.14400000000000002,1243,24.520750045776367,1
32.21066656385265,76.28327204415413,4.431344032287598,0.0,987,24.926124572753906,1
29.39498713730842,81.3705213296514,23.827781677246094,0.043199999999999995,1369,22.235750198364258,1
30.259256272159814,72.49390868115276,1.1066569089889526,0.0324,144,15.54949951171875,0
35.46077126179708,87.8545610504261,0.9559096097946167,0.0,5029,9.788000106811523,0
23.73263640691784,92.74642676162736,17.120880126953125,0.1584,826,20.777124404907227,1
25.897486410117477,85.97914823176978,1.0625981092453003,0.1548,46,22.480751037597656,0
26.10607521909003,91.85170473864433,31.63129997253418,0.252,204,26.14287567138672,1
7.08083547977951,80.73532259225048,27.54649543762207,0.33480000000000004,1943,28.407625198364258,1
19.916593079978114,94.3760605185486,24.396833419799805,0.1368,805,18.04050064086914,1
28.039968362742535,83.89002620702142,16.066621780395508,0.36,841,14.130374908447266,1
27.617939842263183,93.84192225061112,22.374664306640625,0.36,1671,27.964248657226562,1
25.65655825091662,96.34956936623077,3.054910182952881,0.043199999999999995,268,22.85300064086914,1
30.504226850139204,86.6647424566098,12.538951873779297,0.0,4747,11.072250366210938,0
28.239124861231833,82.94140526699121,30.478784561157227,0.0648,1622,17.711624145507812,1
26.17506583291041,86.01984191414039,2.860253095626831,0.08639999999999999,55,21.41349983215332,0
32.117421437361045,84.44949696597105,6.741163730621338,0.0,4939,10.406999588012695,0
25.439076120631285,68.36201770031661,3.054245710372925,0.0036000000000000003,18,18.60974884033203,0
33.310204471614945,80.83180165376493,2.2269535064697266,0.0,4383,11.428750038146973,0
31.903173242098536,82.34097133108571,6.725568771362305,0.0,4907,10.457124710083008,0
27.862910420242578,84.91410563091767,5.231903553009033,0.08639999999999999,1356,23.264249801635742,1
24.14172918730587,73.79987944120572,4.768948078155518,0.054,312,11.472249984741211,0
34.934717831416684,80.05700472121184,9.436684608459473,0.0,5066,11.392749786376953,0
35.935890215567895,94.3138072693591,20.013471603393555,0.0,4168,12.572250366210938,0
28.274159157312493,83.7418041851417,10.454277038574219,0.0396,893,18.731874465942383,1
29.591718184530595,69.8388480274091,16.845136642456055,0.014400000000000001,566,18.7239990234375,0
35.37237703783972,73.41369370056273,26.42807388305664,0.0,4444,26.762374877929688,0
15.483676647433512,73.8163186109051,0.0,0.0,8,15.611624717712402,1
26.88410608666595,88.28090148426922,20.680326461791992,0.17279999999999998,1626,24.125,1
27.043646881125575,97.61457694932788,8.575315475463867,0.36,586,24.61512565612793,0
29.357796884545873,80.31086862050401,18.377456665039062,0.036000000000000004,941,28.014373779296875,1
25.305676300939535,78.20773287732338,1.4252523183822632,0.021599999999999998,331,16.275625228881836,0
24.99252359289547,93.4945437302421,8.841333389282227,0.10439999999999999,1134,28.824249267578125,1
20.709446149742003,73.79907095745001,4.327780723571777,0.09,497,19.410749435424805,0
24.464044711247954,94.62803795574412,14.923452377319336,0.36,358,25.194875717163086,0
16.8386954219994,80.83719154546964,2.156151056289673,0.061200000000000004,133,15.566624641418457,0
28.831204464995007,89.62648794835187,11.433048248291016,0.0,4599,11.76300048828125,0
27.7691263045805,84.85454732758055,22.9361515045166,0.36,725,23.264249801635742,1
24.597175036354468,68.03916318720405,0.0,0.0,2,13.210624694824219,0
14.050234948563991,76.90661301980467,2.1500141620635986,0.014400000000000001,591,18.203624725341797,0
24.23093189501894,81.23173161825493,3.283567190170288,0.2484,375,27.62987518310547,0
11.339927904846984,76.84112583559236,20.601755142211914,0.29519999999999996,872,29.438125610351562,1
27.95831150341607,84.27270851805633,28.89600372314453,0.2988,397,23.421499252319336,1
32.929408622676675,75.14330994860646,3.9094483852386475,0.0,766,34.946998596191406,1
28.200048146372634,85.46117963894646,7.899313926696777,0.09,3019,21.696250915527344,1
27.125034245866804,93.71445131179456,6.101911544799805,0.0,128,32.55649948120117,1
27.01588893884628,86.84988523666684,29.0604305267334,0.20160000000000003,846,15.607250213623047,1
29.649120531185833,94.36150781094585,1.0998879671096802,0.0,2992,23.212499618530273,1
28.777305547947837,82.47275418326605,36.978179931640625,0.3132,2600,21.787750244140625,1
29.490388220481915,90.93515365425718,0.9559096097946167,0.0,3608,13.084875106811523,1
30.956708258750208,91.0375615966468,3.074084520339966,0.0,4845,12.689749717712402,0
27.40827305494969,87.28996989435699,28.0958309173584,0.09,495,17.305500030517578,1
24.482370343043993,80.2184319777681,4.9428839683532715,0.036000000000000004,329,18.40662384033203,0
34.945767109411356,87.93567892058209,14.095879554748535,0.0,5031,10.007624626159668,0
25.011927203032453,94.31353777477388,8.603171348571777,0.2412,1389,28.958749771118164,1
30.731410785493033,78.43572529643292,40.6995849609375,0.036000000000000004,1160,26.933250427246094,1
29.191788220040586,80.87087836862412,27.493066787719727,0.36,1709,24.292375564575195,1
25.755193269112944,88.06314985939865,0.0,0.0396,34,21.414499282836914,0
13.65299992992634,79.34392204867775,37.04685974121094,0.2664,597,27.900375366210938,1
27.982566016087297,69.03791012008814,0.0,0.0,60,9.328374862670898,0
14.894291989522694,77.25102709973609,3.950666904449463,0.007200000000000001,476,20.312000274658203,0
23.62537756199397,81.64513631200674,3.957496166229248,0.0828,482,20.44300079345703,0
31.516718006870317,78.09750959196192,13.542379379272461,0.010799999999999999,1692,28.045000076293945,1
26.697346339097496,77.77735002470172,1.9112874269485474,0.018000000000000002,201,18.39812469482422,0
15.244365455744072,76.34983720670739,1.376595139503479,0.0,494,18.194250106811523,0
28.62935302065335,95.82863633296986,46.52846145629883,0.36,1555,31.329374313354492,0
33.74516873218562,74.17932781721781,0.0,0.0324,1146,30.4841251373291,1
31.07232143581639,77.14026482520416,16.427316665649414,0.24480000000000002,1977,20.711999893188477,1
32.80409364054201,92.9248321770535,14.72828483581543,0.0,5485,11.031499862670898,0
13.209142348042885,78.26836915900145,2.943345308303833,0.0324,817,27.074501037597656,0
28.93118695611751,76.1363974952006,3.788433313369751,0.0036000000000000003,211,18.714000701904297,0
17.659036939457344,77.15912944617067,0.9559096097946167,0.04680000000000001,623,19.485000610351562,0
31.853047249244668,69.26671102295337,1.4763810634613037,0.0,1273,21.69300079345703,0
25.004381354645847,85.83416014491289,3.5558149814605713,0.036000000000000004,60,21.63949966430664,0
28.6522600603984,86.45022476676205,1.4490785598754883,0.0,4350,11.26574993133545,0
30.478355369956564,78.2740285452914,19.418811798095703,0.23760000000000003,2257,26.718374252319336,1
26.28690608578329,80.85767313394756,1.4317806959152222,0.0324,119,22.456375122070312,0
29.580129917365454,80.2213964182057,11.251360893249512,0.0324,1540,28.976125717163086,1
27.903334608027954,96.17412839124222,0.9559096097946167,0.0,207,22.54312515258789,1
31.590290028639707,73.34605055966854,1.122162938117981,0.007200000000000001,191,19.090126037597656,0
29.080756450923413,92.1581200820575,10.08968734741211,0.0,3884,12.857749938964844,0
14.23052682608678,75.34893431714143,0.9861648678779602,0.0756,609,14.205875396728516,0
20.163450120054158,79.83089876419895,1.0183064937591553,0.028800000000000003,200,21.48349952697754,0
34.56685772256974,87.24523379320783,3.6849758625030518,0.0,4927,10.008999824523926,0
24.265157707343892,71.82367564767118,4.249216079711914,0.0756,77,12.362750053405762,0
29.618937137639417,81.32255129347942,22.207984924316406,0.108,2187,43.87987518310547,1
24.76237521710405,93.43417694314927,37.03480911254883,0.1836,657,28.824249267578125,1
30.64948443158133,79.5269088720529,22.860031127929688,0.054,2058,40.76750183105469,1
31.851160787148014,87.33012458755712,2.217543125152588,0.0,4484,10.894000053405762,0
27.354374137902518,88.64283271224099,20.304039001464844,0.3204,2112,22.061124801635742,1
27.812245438218238,89.9019114144629,51.06694030761719,0.36,3708,24.668624877929688,1
31.222160425207527,77.50866392322158,10.9042329788208,0.09720000000000001,2543,28.737998962402344,0
33.1595569984681,75.8011462311672,37.06618118286133,0.1332,1133,43.891876220703125,1
28.160432442342962,84.09079967302213,1.0842243432998657,0.0,677,14.384749412536621,1
27.91411439143739,83.78761826463179,28.283340454101562,0.17279999999999998,703,22.779375076293945,1
11.398138735257929,77.90455146893305,3.4641594886779785,0.07200000000000001,262,30.862751007080078,0
34.09012180128751,74.02571590363337,12.44130802154541,0.0,1314,43.88800048828125,1
25.521541463713458,93.16441286332818,4.9598236083984375,0.36,278,22.28737449645996,1
29.550216018404274,97.3351110644383,59.34463119506836,0.0,5254,13.189374923706055,0
20.144046509917178,78.8240669937578,2.2486376762390137,0.025200000000000004,225,23.842374801635742,0
26.872248324915567,87.33039408214236,48.961204528808594,0.32400000000000007,764,21.972126007080078,1
25.966477023937856,88.41969119566569,2.3303916454315186,0.014400000000000001,47,21.470624923706055,0
9.853934761856472,76.94676771300482,9.520498275756836,0.0792,824,25.985750198364258,1
25.19545301557807,69.702753261865,4.3605217933654785,0.014400000000000001,16,12.043375015258789,0
28.249904644641266,82.73119949050724,2.86560320854187,0.04680000000000001,794,19.000123977661133,1
30.4290378608584,93.00783650930614,10.896180152893066,0.0,5012,20.23900032043457,0
23.854178464859213,79.36467313174091,0.0,0.021599999999999998,354,26.384124755859375,0
26.53780554463787,79.30026392586954,5.71619176864624,0.09,139,21.141250610351562,0
26.525408793717023,78.467795152076,1.4334230422973633,0.007200000000000001,156,20.011499404907227,0
33.500737143376696,83.26345129634805,10.055318832397461,0.0,5262,9.47599983215332,0
31.515909523114612,78.2619012889558,42.443267822265625,0.0396,1910,28.33712387084961,1
28.657649952103117,93.94864210636452,20.779741287231445,0.3168,3189,43.890625,0
23.43295842813557,80.38336266393246,2.0829427242279053,0.028800000000000003,425,21.050498962402344,0
27.07706420969482,88.48194444485517,13.346233367919922,0.010799999999999999,1213,18.95075035095215,1
31.883230642791084,78.61682565771142,28.269018173217773,0.0,3304,17.452373504638672,1
35.487181731150194,74.9196294428607,24.516305923461914,0.0,3998,22.523500442504883,0
27.97798460813829,85.97429732923553,33.89485549926758,0.36,2145,22.45800018310547,1
29.35267648742639,86.79436935210825,19.14504051208496,0.0,4768,11.142250061035156,0
35.89331007110063,72.51735471006828,52.96817398071289,0.0,5055,23.433876037597656,0
25.09924344864887,96.1754758641684,4.321377754211426,0.34199999999999997,700,20.716625213623047,0
33.70797847942307,73.49076915194019,17.883907318115234,0.14759999999999998,1258,28.437000274658203,0
32.17644075152769,76.30752655682537,10.233275413513184,0.1908,959,24.926124572753906,1
9.534314183766746,76.82064424711443,6.1500701904296875,0.24480000000000002,83,26.941499710083008,0
30.650831904507513,79.51909352908106,21.85167694091797,0.0324,2235,40.76750183105469,1
31.756298693144995,68.92580037263002,2.9490137100219727,0.0,1956,19.78274917602539,0
27.888242911254746,85.50968866428892,42.243125915527344,0.2412,1394,21.783000946044922,1
26.218993450303852,97.28956647953343,28.552751541137695,0.36,578,23.55037498474121,0
17.484673942809746,96.24635294008543,6.214287281036377,0.22319999999999998,51,23.09837532043457,0
33.247681727840224,75.19181897394891,24.70660972595215,0.19440000000000002,908,33.29574966430664,1
7.932977358295288,81.00805111250916,3.0465595722198486,0.126,44,27.046749114990234,1
18.571545605065957,95.93751214540515,9.75394344329834,0.33840000000000003,371,26.59837532043457,0
19.323974487044467,94.21409427282184,15.207573890686035,0.198,130,16.088499069213867,0
31.16287161645564,77.72399009682502,31.486652374267578,0.036000000000000004,1484,28.737998962402344,1
25.870267457008655,94.78434481518092,5.698181629180908,0.061200000000000004,1140,29.051000595092773,1
32.95501060827409,68.54123159949845,0.9559096097946167,0.0,2187,22.88912582397461,0
32.23842450613194,78.06247529588126,26.609905242919922,0.0,3748,14.744250297546387,1
22.09626528536572,88.76194931891523,1.9112874269485474,0.018000000000000002,2,22.831501007080078,0
29.60707937588904,79.92980327698051,25.644052505493164,0.09720000000000001,1729,27.993749618530273,1
30.42391746373892,79.67243594808026,48.12068557739258,0.0,5028,43.860626220703125,1
26.881680635398823,95.39987044785961,15.504682540893555,0.2772,718,32.96849822998047,1
35.02068660410692,70.19538936367614,16.009489059448242,0.0828,3038,20.55762481689453,0
27.887164932913805,83.97033559342171,32.98420333862305,0.20160000000000003,540,22.779375076293945,1
31.06585356577073,85.54499245495481,3.629398822784424,0.0,4634,10.443374633789062,0
33.00971800907696,74.94011103133863,33.19340133666992,0.21960000000000002,1396,33.30787658691406,1
25.670032980178412,94.10656593331274,17.83352279663086,0.0,1442,30.916873931884766,1
15.401480798936577,73.82763738348501,5.16107702255249,0.0,9,15.611624717712402,1
26.890034967541137,88.4700866831048,21.085742950439453,0.36,370,24.125,1
24.918143087370375,83.6102908275466,32.23744201660156,0.1764,255,15.264874458312988,0
21.700377739654247,76.10082420994947,7.164841175079346,0.007200000000000001,408,19.962875366210938,0
25.733094713123602,93.9966121425365,18.95746421813965,0.36,990,31.086999893188477,1
24.754290379546973,93.50397604072536,17.3110408782959,0.36,403,29.5783748626709,1
29.80030699350315,80.25643071428637,15.508398056030273,0.16920000000000002,1670,27.50550079345703,1
26.883567097495476,88.27901502217257,21.17154312133789,0.11880000000000002,1552,24.125,1
26.180455724615125,75.0586886488424,2.3339343070983887,0.010799999999999999,375,14.966750144958496,0
31.530462230717347,77.77546356260507,26.895248413085938,0.1368,1238,43.8797492980957,1
35.53218732688458,72.53891427688714,34.952056884765625,0.2772,2813,27.070749282836914,0
33.26115645710202,75.21391752993826,49.73072814941406,0.28440000000000004,1231,37.430625915527344,1
29.138967281334356,81.6230377560174,31.195415496826172,0.025200000000000004,1713,20.06712532043457,1
26.33029471400626,89.13115690068835,1.9112874269485474,0.14759999999999998,55,16.472373962402344,0
35.76476115394312,80.27044443271863,14.011600494384766,0.0,5109,21.0935001373291,0
21.336290555000605,70.27003936378647,2.1690118312835693,0.036000000000000004,39,13.729125022888184,0
31.563879559286594,77.97974045821385,20.99492073059082,0.014400000000000001,1460,43.8797492980957,1
28.279818543602445,83.8493325246508,18.914043426513672,0.1296,1366,20.78762435913086,1
11.77920407878143,78.20342096395962,16.233905792236328,0.126,1418,32.166748046875,1
18.83915372820516,94.63962622290926,18.261184692382812,0.23040000000000002,493,17.402374267578125,0
27.339012946544074,88.60645094323414,17.799514770507812,0.2412,1501,22.061124801635742,1
25.911230633964504,68.17956986611193,3.7126522064208984,0.0036000000000000003,26,17.59662628173828,0
10.51096256066149,76.43418901188622,15.621182441711426,0.36,159,19.02837371826172,0
33.091105373818195,83.32974696431607,1.4882851839065552,0.0,4497,9.840999603271484,0
22.22508369710846,92.18992044311533,7.253017425537109,0.2988,82,20.050249099731445,1
11.781360035463317,78.19398865347635,26.623598098754883,0.3312,1322,32.166748046875,1
34.317036242056105,93.88989228678311,37.43275451660156,0.0,5013,12.670499801635742,0
27.009690563385856,88.25476050950135,21.995004653930664,0.17279999999999998,2312,18.95075035095215,1
26.109578648698097,91.77462928726688,3.190619707107544,0.0036000000000000003,58,26.14287567138672,1
21.520355356716696,73.2210050721191,2.2655539512634277,0.043199999999999995,58,21.05987548828125,0
28.799134609351942,82.47113721575464,41.966678619384766,0.30600000000000005,2298,21.787750244140625,1
21.325241277005937,85.75115581266024,0.0,0.04680000000000001,348,16.86199951171875,0
31.059655190310306,78.03175291316437,47.56166458129883,0.2664,1696,42.80462646484375,0
27.4985537410037,94.2701491465509,2.3566794395446777,0.2628,107,25.732376098632812,0
28.723676125485902,68.46038322392769,0.9559096097946167,0.0,110,15.397250175476074,0
26.807300129873727,88.31620527493513,3.0585741996765137,0.17279999999999998,224,24.125,1
30.70500031613992,73.18812673272032,1.46603524684906,0.028800000000000003,172,19.54199981689453,0
26.79463388436764,68.24586553407995,1.4353035688400269,0.0324,44,9.457124710083008,0
12.815680253598535,74.8587236665974,4.2893900871276855,0.0,16,29.38312530517578,1
26.800293270657594,83.50303198262273,1.4353435039520264,0.007200000000000001,78,22.517749786376953,0
26.132485688443143,91.83418759060399,2.86560320854187,0.0,67,26.14287567138672,1
20.961962576108,80.82802872957161,1.0236432552337646,0.014400000000000001,309,16.50950050354004,0
32.724862232482664,78.61925110897855,27.290870666503906,0.0,4936,14.083374977111816,0
25.650629370041433,87.32177025541482,2.1200544834136963,0.05040000000000001,35,20.49850082397461,0
27.338743451958837,87.67103523788049,21.804147720336914,0.3276,1464,20.892250061035156,1
28.462266377807122,82.62016772139006,41.08155822753906,0.34559999999999996,2210,20.195375442504883,0
25.852750308968325,97.06130456583867,22.99117088317871,0.36,1931,23.87737464904785,0
30.416102120767082,78.34140219160037,21.97052764892578,0.11520000000000001,2324,26.718374252319336,1
28.08712991515881,85.76894245528581,46.096805572509766,0.2124,3242,22.907501220703125,0
30.285127752342454,78.98279930446171,8.609527587890625,0.036000000000000004,653,27.071874618530273,1
33.24040537403886,83.24108324577348,21.768735885620117,0.0,5129,9.895750045776367,0
33.371918731633954,75.19451391980128,42.08400344848633,0.216,1478,37.430625915527344,1
34.8867477952447,74.32458539865993,15.874629020690918,0.036000000000000004,3371,35.057498931884766,0
34.09658967133317,73.49939297866774,21.23651695251465,0.018000000000000002,578,28.513999938964844,1
24.215570703660497,93.82332712422985,15.722180366516113,0.35640000000000005,1044,28.590499877929688,0
26.151889298580123,72.51358178587498,0.9559096097946167,0.014400000000000001,171,20.71525001525879,0
28.94493117996454,96.24689192925591,40.10169982910156,0.22319999999999998,3741,39.34975051879883,0
27.891476846277577,85.50349028882849,33.539764404296875,0.28800000000000003,1397,21.783000946044922,1
27.819521792019604,84.46647512484091,19.896615982055664,0.16200000000000003,222,23.421499252319336,1
33.206449056299135,90.43389372571849,3.423654317855835,0.0,5091,10.697375297546387,0
25.50052088606506,90.08947964578707,4.363090515136719,0.057600000000000005,45,23.07149887084961,1
24.48479579431112,70.14607185457798,1.4200648069381714,0.014400000000000001,30,10.249750137329102,0
7.280530967439279,80.61351103972387,8.170450210571289,0.216,572,33.84674835205078,1
29.703558437403476,78.56589118110183,30.18077850341797,0.3132,431,19.667999267578125,1
24.304234422203095,93.18193001136851,39.255184173583984,0.24480000000000002,858,29.093250274658203,1
19.941925570990286,83.27638703643937,22.49608612060547,0.3312,485,18.8385009765625,0
26.848532801414812,88.26176736871749,28.343902587890625,0.2736,961,24.125,1
30.451675406018214,78.14440164979295,41.45372772216797,0.17279999999999998,2285,26.523876190185547,1
12.773100109131269,75.13845904607221,6.19232702255249,0.32400000000000007,71,29.50749969482422,0
20.433483694460488,96.21697803029473,2.1661131381988525,0.036000000000000004,218,15.37512493133545,0
30.634392734808124,89.06297477062368,12.755314826965332,0.0,5002,10.655375480651855,0
27.55326114180658,95.79980041234963,2.357658624649048,0.14400000000000002,147,24.3958740234375,0
27.766700853313377,85.69995184146543,4.888672828674316,0.3132,1045,21.783000946044922,1
7.171655155003993,81.60875454299989,19.891986846923828,0.2412,126,28.05900001525879,0
9.801113823150244,76.90068413892948,24.768033981323242,0.16200000000000003,722,25.985750198364258,1
27.71037648499908,86.44321790754593,41.176631927490234,0.16200000000000003,3383,21.7083740234375,0
33.92114869634463,74.79673991199316,2.9914114475250244,0.0,1706,42.79912567138672,0
27.068170888382035,88.28117097885446,8.52527141571045,0.1764,1728,18.95075035095215,1
32.4297656616494,75.58069966044425,20.48592185974121,0.0828,517,31.827749252319336,1
19.12859091274847,72.88898774310853,3.8183305263519287,0.0,26,28.17387580871582,1
30.382145803027363,78.09481464610957,3.829437255859375,0.025200000000000004,828,26.523876190185547,1
34.91935664005824,87.01697187951306,4.469784736633301,0.0,5036,9.944499969482422,0
35.06892613486414,88.16933072598158,1.5090408325195312,0.0,4985,10.057624816894531,0
28.657110962932645,82.23452096991755,8.734105110168457,0.043199999999999995,1130,17.65049934387207,1
30.8949939987312,77.08906085400935,31.044954299926758,0.16200000000000003,1654,24.901750564575195,1
28.611027388857316,94.98296232449974,29.736026763916016,0.36,1674,26.790498733520508,1
20.78436564443757,97.02357532390565,29.8242130279541,0.2988,1319,28.39175033569336,1
