latitude,longitude,slope,root_cohesion,elevation,soil_moisture,label
22.34393080919748,91.81882639924557,7.441464900970459,0.2988,38.0,25.919750213623047,1
33.311821439126355,75.7523677112395,16.536602020263672,0.1692,1516.0,43.88850021362305,1
27.28780897534926,88.25799444452419,29.7175235748291,0.2412,1487.0,21.368125915527344,1
30.90442630921445,77.09687619698119,16.00657844543457,0.0324,1456.0,24.901750564575195,1
28.11919977080188,95.16460167494871,47.10234069824219,0.36,792.0,25.57112503051757,1
6.260763456906799,80.49142999261203,0.0,0.0468,88.0,29.83224868774414,1
14.100091446832623,76.20404063609479,4.863827228546143,0.0252,728.0,17.827625274658203,0
27.23202359620544,88.49703614162839,9.266684532165527,0.0648,359.0,18.95075035095215,1
26.318436952255883,94.52482152959878,4.258354663848877,0.1512,1163.0,31.40475082397461,1
27.62009579894507,86.83991393701311,36.98898315429688,0.0144,4508.0,31.72599983215332,1
31.25153533499824,87.02909913584867,27.349422454833984,0.0,5348.0,10.630249977111816,0
15.45187628637568,79.25310237345327,3.0318267345428467,0.054,170.0,29.32724952697754,0
34.277151043441194,75.4675119346452,36.50626373291016,0.0,3559.0,22.547250747680664,1
15.506314192593324,73.83626121021256,3.944352865219116,0.0324,10.0,13.773624420166016,1
20.875993803417764,77.86493576490338,0.9559096097946168,0.0072,393.0,25.933500289916992,0
30.884483709907,69.00018087815512,3.626808166503906,0.0,1473.0,21.57200050354004,0
20.463397593421668,85.84817386334515,15.073826789855955,0.0,42.0,19.81012535095215,0
28.367134789218863,83.58630580946061,12.806965827941896,0.1908,1649.0,18.731874465942383,0
28.2464012150332,85.36443108284679,56.51225280761719,0.27,1757.0,21.696250915527344,1
33.242022341550275,75.23089568880812,22.99468421936035,0.0324,698.0,33.29574966430664,1
25.58298622914723,91.8929374101854,7.616596698760986,0.0,1445.0,22.43099975585937,1
33.02696566253206,75.00182529135763,14.867216110229492,0.1188,2111.0,33.29574966430664,1
29.69304814857928,86.49711682459309,16.749130249023438,0.0,5876.0,10.82062530517578,0
33.71687180073585,72.79789857329881,3.086726188659668,0.0215999999999999,498.0,20.70499992370605,0
27.574820708625445,91.8643709841504,12.035360336303713,0.126,2687.0,18.176000595092773,1
35.92160700255039,79.30700129050044,35.55469512939453,0.0,4547.0,10.92912483215332,0
35.19208516031693,76.25793955314197,19.465877532958984,0.0215999999999999,2900.0,24.59312438964844,1
20.48145373063247,81.91328342431642,4.326350212097168,0.3096,421.0,18.590499877929688,0
32.45509815266157,78.37589749851055,24.58609390258789,0.0,5513.0,13.711000442504885,0
25.17901384587868,88.44583217043358,0.0,0.1043999999999999,23.0,13.013750076293944,0
30.29024814946193,79.15096392564888,6.697413444519043,0.0252,792.0,23.86425018310547,1
31.24991836748682,74.10198287125512,4.564305305480957,0.018,202.0,20.76325035095215,0
24.52009958497701,92.72378921646757,2.180649518966675,0.1727999999999999,40.0,25.887624740600582,1
24.89604453138104,91.90210022608343,4.208166599273682,0.0,17.0,23.993125915527344,1
31.19143804249064,73.8163186109051,1.470340132713318,0.0324,196.0,22.31999969482422,0
11.3415448723584,76.86942276704212,29.33216857910156,0.36,629.0,29.43812561035156,1
23.44939759783496,92.81110546208396,31.05917930603028,0.252,869.0,27.39200019836425,1
25.51237864781544,93.3614134051356,4.272738933563232,0.36,317.0,22.08749961853028,1
29.98625825731589,78.6114357660067,27.937911987304688,0.2087999999999999,1053.0,24.480749130249023,1
25.622601933176902,96.29459247084266,9.865374565124512,0.0,322.0,22.85300064086914,1
15.335724120139028,76.59831121429485,2.752223253250122,0.0107999999999999,446.0,21.03812599182129,0
28.213522875634425,83.95578288581896,6.481563091278076,0.0576,802.0,14.130374908447266,1
33.045560788913335,77.11924424755576,20.184249877929688,0.0,4587.0,13.684000015258787,0
25.274684423637414,71.71426084606543,8.396985054016113,0.0288,68.0,10.424375534057615,0
30.90065338502115,94.858725320706,20.26068878173828,0.0,4991.0,18.10787582397461,0
13.93462177149781,80.1852841437841,2.743173599243164,0.0215999999999999,8.0,32.97100067138672,0
33.835179923654394,88.39301123172734,10.05972385406494,0.0,5107.0,9.77649974822998,0
24.935660235410705,93.84434770187823,1.911287426948548,0.0936,849.0,28.61775016784668,1
34.9355263151724,73.82952384558166,37.28385543823242,0.0,2970.0,24.823375701904297,1
26.577690743252777,97.04756034199164,19.214374542236328,0.36,790.0,26.316375732421875,0
17.054021595602848,97.88838344792752,3.492116451263428,0.1475999999999999,13.0,18.380374908447266,0
35.07862793993263,68.7805427911879,27.449796676635746,0.0,3035.0,24.92675018310547,0
30.600436417068405,78.31553071141772,20.666826248168945,0.1727999999999999,881.0,26.933250427246094,1
31.082562230055355,78.06597872548933,23.53623962402344,0.0504,2239.0,42.80462646484375,1
26.420575400060272,94.972991024846,25.87575912475586,0.1908,690.0,32.600624084472656,1
32.21902089599496,78.07190760636452,5.711316108703613,0.0,3606.0,14.744250297546388,1
25.5436400197028,76.83384948179099,1.4268022775650024,0.0215999999999999,309.0,16.980499267578125,0
24.34816203959653,94.11465077086982,7.326098918914795,0.36,1003.0,27.150375366210938,1
28.009515474610883,83.86684967269113,23.658578872680664,0.306,1034.0,14.130374908447266,1
24.248988032229743,91.5921814530622,2.86560320854187,0.1727999999999999,24.0,24.96087455749512,0
21.56293550118396,73.12802944021273,1.911287426948548,0.0107999999999999,44.0,21.05987548828125,0
30.594507536193216,69.1271128278012,2.2100508213043213,0.0036,1397.0,24.419750213623047,0
9.823212379139584,77.14969713568742,6.933596611022949,0.1908,877.0,27.15812492370605,1
29.79303063970178,95.80438182029864,7.665151596069336,0.2592,2928.0,41.34000015258789,1
25.51615157200873,94.2340368721293,20.59358024597168,0.2808,1646.0,30.91687393188477,1
30.69987991902044,77.07989803811132,29.53955078125,0.3132,937.0,23.18887519836425,1
28.48759886881929,82.2687467822425,23.531997680664062,0.2376,1789.0,19.490375518798828,0
23.49979308527406,95.37103452723936,2.292421340942383,0.0,158.0,19.77050018310547,0
35.67070754369581,83.14190923840668,3.525896072387696,0.0,5226.0,11.31637477874756,0
21.3354820712449,95.082675321037,2.169009208679199,0.0,73.0,21.283750534057617,1
14.963552097928307,79.70315833079715,1.978321075439453,0.0107999999999999,43.0,29.16699981689453,0
27.22744218825643,76.74491626866316,7.024170398712158,0.0648,277.0,15.784125328063965,0
30.558934250942084,77.28902583625435,6.496502876281738,0.0,885.0,23.50950050354004,1
30.749466922703835,73.30212294227509,1.4664241075515747,0.0324,176.0,13.00837516784668,0
26.52729525581368,86.44483487505734,1.0683629512786863,0.0504,76.0,21.62624931335449,0
16.645737298970527,81.87851862282099,0.9559096097946168,0.0,8.0,26.75,0
6.956598475985779,81.02422078762332,7.888184070587158,0.2124,746.0,29.414125442504883,1
12.179403537856675,79.92306591234961,0.9559096097946168,0.0431999999999999,7.0,24.824501037597656,0
34.09524219840699,73.49427258154826,26.994422912597656,0.108,616.0,28.513999938964844,1
9.835070140889965,76.86618883201929,6.661805152893066,0.3528,243.0,25.98575019836425,1
28.42022522251033,84.89955292331494,34.23663711547852,0.324,1964.0,36.63087463378906,1
28.2854779298924,83.04246573645464,21.97214126586914,0.0612,1947.0,18.23649978637696,1
34.06613678320152,79.99717692328947,10.910362243652344,0.0,5203.0,12.404000282287598,0
25.75222882867535,83.22006266812508,3.055205106735229,0.0252,76.0,22.93124961853028,0
33.28837541021084,75.17807475010189,38.82259368896485,0.1548,1063.0,37.430625915527344,1
26.097451392362483,91.87434228380414,35.31865692138672,0.2628,185.0,26.14287567138672,1
25.826609334200445,94.14968506695048,27.588525772094727,0.2916,1394.0,29.425874710083008,1
24.48129236470305,81.71951681753183,5.206919193267822,0.0288,284.0,16.7760009765625,0
33.332842016774755,75.21310904618255,37.24180603027344,0.0396,1481.0,37.430625915527344,1
19.100832970469177,84.05010599065152,13.221367835998535,0.0288,461.0,23.169124603271484,1
11.981864006878794,92.62677116578264,10.989415168762209,0.36,143.0,19.51187515258789,0
27.36003352419247,93.03855889202303,6.704760074615479,0.0,402.0,23.63462448120117,1
30.816301579842328,73.39267312291435,1.1130207777023315,0.0504,180.0,15.20400047302246,0
22.331264563691388,91.8252942692912,1.4075779914855957,0.0,10.0,25.919750213623047,1
19.12077556977663,72.84047871776608,6.661805152893066,0.0,33.0,28.17387580871582,1
35.18076638773702,76.05581861421507,1.510282278060913,0.0612,2341.0,26.552125930786133,1
25.26848604817699,71.25612005116447,13.613221168518066,0.0288,131.0,10.219124794006348,0
22.74952015997744,92.22091232041744,5.902811050415039,0.3204,243.0,22.434375762939453,1
35.036317290050604,85.57490635391599,5.171663284301758,0.0,5120.0,9.809749603271484,0
33.0175333520488,74.93822456924198,28.35118865966797,0.2231999999999999,1904.0,33.30787658691406,1
30.36408966581656,79.31589461181323,27.12586975097656,0.1475999999999999,972.0,21.964250564575195,1
25.474918900467653,93.14770419904356,3.5606515407562256,0.1872,147.0,28.093374252319336,1
10.066296495022328,77.59732764176417,3.0627830028533936,0.0144,286.0,32.25175094604492,0
30.675894900934445,74.8910630168257,1.1114000082015991,0.0072,202.0,13.578624725341797,0
30.437661687585948,92.5496957144052,37.769142150878906,0.0,5310.0,14.932000160217283,0
27.17192630369784,88.52910599727146,36.42647552490234,0.306,322.0,20.803125381469727,1
26.00905716840512,69.91646246795703,4.352593421936035,0.0,58.0,10.055500030517578,0
11.917185306422189,76.03964893910093,3.466205358505249,0.0756,799.0,28.487499237060547,0
27.00106673665831,93.72738705188588,3.738582611083984,0.1727999999999999,106.0,32.55649948120117,1
33.61608082585764,77.76522276836612,11.329777717590332,0.0,4294.0,14.136374473571776,1
27.526850672453463,85.56412657050656,18.59920883178711,0.09,1791.0,19.71525001525879,1
23.07506961894235,72.25055507068478,1.911287426948548,0.0072,35.0,16.08012580871582,0
34.0389178300927,84.59394606365747,3.675875425338745,0.0,5015.0,9.595499992370604,0
20.7800537310738,77.92018215487673,1.3995311260223389,0.0072,326.0,25.933500289916992,0
28.56629128770816,93.97505257571764,34.9507942199707,0.0,3791.0,43.890625,0
29.24622612625823,85.15665075762995,22.02511215209961,0.0,4854.0,11.901124954223633,0
26.00932666299036,94.52374355125784,15.272464752197266,0.036,1825.0,31.596250534057617,1
34.27445609758884,82.16014046439246,3.08954119682312,0.0,4972.0,11.294124603271484,0
27.82194724328673,84.4934245833645,22.66343307495117,0.252,360.0,23.421499252319336,1
12.670422672156407,75.0624615730357,10.103650093078612,0.27,49.0,28.99537467956543,0
35.2497570015574,68.63663268267194,29.100975036621094,0.0,4285.0,18.771625518798828,0
26.963337494725288,70.49452835328793,3.576856136322021,0.0,182.0,11.403375625610352,0
16.56947033134878,95.14465907564126,0.9559096097946168,0.036,4.0,21.881750106811523,0
23.013624853508578,91.71749643519686,3.255836248397827,0.0215999999999999,28.0,22.25225067138672,1
22.48784091771342,84.31421068418265,1.408433198928833,0.2231999999999999,303.0,15.394000053405762,0
25.62691384654068,94.11384228711412,13.982973098754885,0.0,1566.0,30.91687393188477,1
31.867330462262167,89.96012224487384,4.421723365783691,0.0,4601.0,13.21037483215332,0
26.919409877331844,82.87564858819366,1.0720494985580444,0.0,83.0,22.254499435424805,0
18.515760225922133,73.18219785184513,7.272409915924072,0.1296,22.0,20.40862464904785,1
28.08766890432928,83.09717313725753,31.33282470703125,0.2988,1388.0,16.671749114990234,1
30.562976669720623,79.5764958757363,19.90174102783203,0.1115999999999999,1442.0,40.76750183105469,1
24.118013663805115,83.00177205408404,5.810834884643555,0.1908,333.0,15.334375381469728,0
27.744871791909272,76.3183063402348,2.3611104488372803,0.0144,335.0,14.907500267028809,0
24.768573592564472,92.8210767617377,0.9559096097946168,0.0,21.0,33.76937484741211,1
25.54983839516322,92.07565473897532,27.718374252319336,0.2988,1263.0,23.74275016784668,1
6.739655334870915,80.17450436037467,2.139665365219116,0.216,11.0,29.313751220703125,1
27.678845618526488,85.5140005776527,16.884605407714844,0.0468,1806.0,19.71525001525879,1
18.433025388254727,77.33079749696591,2.2295165061950684,0.036,427.0,23.91812515258789,0
28.000083164127627,85.70992314111916,37.704689025878906,0.36,3107.0,30.069000244140625,1
24.054143447104217,78.88551175919156,2.092891454696656,0.0107999999999999,465.0,19.191749572753903,0
30.071688040835657,80.23702710414939,21.15399742126465,0.0863999999999999,2155.0,42.509498596191406,1
27.55083569053945,88.64741412018999,41.73267364501953,0.2916,1384.0,36.235626220703125,1
29.991109159850136,83.13059046582677,5.795099258422852,0.0,4615.0,11.27750015258789,0
29.08345139677577,81.58342205198772,24.34272003173828,0.0936,1861.0,20.06712532043457,1
25.1415540985309,92.38072260946232,9.83011245727539,0.3024,158.0,27.387001037597656,1
24.75051745535367,93.42204968681366,13.615164756774902,0.2304,780.0,28.824249267578125,1
30.37325248171458,94.8789374145987,40.315731048583984,0.1404,3210.0,32.39925003051758,0
31.100079378095685,77.15993792992637,17.71387481689453,0.0863999999999999,1961.0,20.71199989318848,1
33.330686060092866,75.17726626634618,39.93280029296875,0.324,1839.0,37.430625915527344,1
34.08230645831567,74.05589929717978,9.203468322753906,0.0,1335.0,43.88800048828125,1
27.063858975018263,88.46577476974103,11.97489070892334,0.0828,1168.0,18.95075035095215,1
26.218184966548144,93.06496936137616,1.911287426948548,0.0504,75.0,22.72875022888184,0
35.760179745994115,83.26991916639372,4.011782169342041,0.0,5008.0,11.49524974822998,0
30.404244359016705,79.33179479234214,10.139062881469728,0.1115999999999999,1066.0,21.964250564575195,1
21.052512756747248,78.92162403361317,2.86560320854187,0.0288,325.0,26.45612525939941,0
27.783679012183235,85.83685509076524,39.35218048095703,0.2412,1782.0,22.45800018310547,1
27.60419561841616,84.8602067138705,40.40782165527344,0.36,737.0,24.59462547302246,1
34.10925591683926,73.90659929695912,32.733299255371094,0.072,1172.0,43.83812713623047,1
34.166119274324025,73.19836752695929,10.750429153442385,0.0684,1419.0,21.457374572753903,1
33.028043640873,72.23357691181492,3.547314405441284,0.0144,390.0,23.56312561035156,0
34.149141115454164,76.82603413881915,24.84661102294922,0.0,4268.0,13.72700023651123,1
28.978079013948552,82.48326447209026,35.680503845214844,0.072,3519.0,21.787750244140625,0
32.528131185260484,75.11986391969094,0.0,0.018,364.0,24.0939998626709,1
6.879253530023089,81.62034281016504,2.886348009109497,0.144,57.0,27.07887458801269,0
29.35995284122776,80.12599533503221,19.71904182434082,0.324,1380.0,28.910375595092773,1
33.934353931021185,74.6566027276705,27.189844131469727,0.0,2070.0,43.897247314453125,1
31.955455191634293,90.95671322107604,9.16518211364746,0.0,4903.0,11.467124938964844,0
27.1670754011636,88.36525328944805,13.51060962677002,0.0936,1483.0,18.95075035095215,1
11.6406838619702,78.85451988188944,3.492839097976685,0.0144,138.0,33.54399871826172,0
14.817486032730477,78.41632168629594,1.375171422958374,0.0107999999999999,179.0,24.113500595092773,0
10.318273932217853,77.52779803877333,6.407408714294434,0.2664,1168.0,27.348249435424805,1
27.233371069131618,94.1168067275517,2.149355888366699,0.1152,89.0,25.72024917602539,1
12.38529740097687,78.67341952061095,10.78888702392578,0.2736,869.0,30.4060001373291,0
29.501437498476584,85.63123072223028,1.4558626413345337,0.0,5002.0,10.61512565612793,0
27.605273596757097,70.36517095237473,2.86560320854187,0.0,124.0,10.86312484741211,0
18.514682247581188,78.8744624811969,2.1604926586151123,0.018,343.0,33.04612350463867,0
27.05900807248402,93.54224427182884,13.199104309082031,0.36,494.0,32.55649948120117,1
24.90359037976764,93.4869978818555,33.802398681640625,0.2196,1248.0,28.824249267578125,1
20.366110048151523,85.84763487417467,1.397511005401611,0.0288,20.0,19.81012535095215,0
33.80553551927845,74.64932637386914,21.38615798950196,0.27,2627.0,43.897247314453125,0
30.635740207734305,77.543428724717,35.186256408691406,0.252,1639.0,27.17074966430664,1
17.637207878053243,77.8312489417489,6.281908512115479,0.0107999999999999,617.0,16.983999252319336,0
28.29113731618236,83.94230815655717,2.371145725250244,0.252,1137.0,20.78762435913086,1
25.83011276380851,94.13001196222824,8.228161811828613,0.1944,1014.0,29.425874710083008,1
25.07283297929576,92.3634749560072,8.603233337402344,0.1224,130.0,27.387001037597656,1
31.12622035286356,77.35262655837002,6.753088474273682,0.0324,2279.0,27.63425064086914,1
35.749669457169915,71.70590651392311,34.16837310791016,0.1008,1804.0,37.69725036621094,1
28.066648326680884,83.24997656708626,3.5898005962371826,0.0,1530.0,16.671749114990234,1
15.59363043820974,73.94352005513643,1.9842681884765625,0.018,4.0,13.773624420166016,1
35.652651406485006,87.5478762124277,7.522224426269531,0.0,5006.0,10.12512493133545,0
35.71032324772548,79.98343269944245,29.413516998291016,0.0,5657.0,6.75362491607666,0
27.72115626840852,83.46907566488301,14.13808250427246,0.0828,239.0,21.55037498474121,1
24.46377521666272,92.4941798298466,11.98133945465088,0.2951999999999999,94.0,26.33049964904785,1
28.74334923020812,82.47517963453318,29.195430755615234,0.2016,3072.0,18.632625579833984,1
31.681648693034663,77.12086121506718,42.04827880859375,0.2196,1082.0,27.5935001373291,1
30.87559038859421,83.44158721718895,35.9054069519043,0.0,5975.0,10.24737548828125,0
9.91457104353454,77.01090742429095,9.563187599182127,0.2808,711.0,27.15812492370605,1
29.752606451916403,76.1417873869053,4.768948078155518,0.0144,227.0,15.11574935913086,0
27.766970347898614,84.46970905986375,6.10627031326294,0.0144,209.0,23.421499252319336,1
29.722423058369987,82.50671050100577,41.12831115722656,0.0107999999999999,3641.0,15.140375137329102,1
25.095470524455568,79.2886756587044,0.9559096097946168,0.018,222.0,18.25912475585937,0
26.130868720931726,91.83823000938251,9.322247505187988,0.0215999999999999,105.0,26.14287567138672,1
27.26759688145657,88.2889863218263,51.43366241455078,0.1368,631.0,21.368125915527344,1
28.12405067333612,82.55791447220058,31.737422943115234,0.3348,1158.0,19.000123977661133,0
27.34548081658973,69.16565055348993,3.7471024990081774,0.0,53.0,10.861374855041504,0
15.636480077262243,74.11572709510214,19.21555519104004,0.2664,341.0,17.509124755859375,1
21.768290375133684,92.37829715819518,20.74296760559082,0.2448,231.0,21.7760009765625,1
24.79336709440617,92.52139878295544,9.088638305664062,0.3096,43.0,32.113250732421875,0
22.36036997889686,91.8236773017798,2.8137753009796143,0.0036,21.0,25.919750213623047,1
24.26084579398012,74.18444821433728,3.8183305263519287,0.0576,395.0,14.357375144958496,0
30.30560934082038,79.32856085731932,11.485577583312988,0.0828,947.0,21.964250564575195,1
27.764814391216724,87.19888072454727,25.973939895629883,0.0,4898.0,36.74074935913086,1
24.98282178782698,93.50640149199248,31.631744384765625,0.1908,1305.0,29.5783748626709,1
25.735520164390728,90.3851152057908,8.507108688354492,0.2051999999999999,332.0,23.386625289916992,1
33.43713642126103,75.20259875735834,24.77157592773437,0.036,1799.0,37.430625915527344,1
13.181923394934064,76.11456843379649,4.988916873931885,0.1115999999999999,969.0,20.74712562561035,1
24.14172918730587,85.13589967456679,2.834202289581299,0.0431999999999999,452.0,15.723750114440918,0
26.33325915444385,91.24992332981266,2.188354730606079,0.0684,41.0,24.30762481689453,1
24.129332436385024,92.69198885540972,16.52867889404297,0.2916,826.0,26.218250274658203,1
33.142309345013004,81.75967151073198,9.742525100708008,0.0,5127.0,10.771750450134276,0
26.17856926251848,97.18715853714382,47.3923225402832,0.36,2236.0,31.575374603271484,0
18.61735968455605,97.41973236420236,15.771677017211914,0.306,672.0,21.41437530517578,0
24.141998681891103,94.10791340623892,29.70720672607422,0.2412,1171.0,26.808000564575195,1
32.92860013892097,73.89770597564633,2.224415063858032,0.0288,258.0,25.885875701904297,0
25.6217934494212,96.28866358996748,15.935317039489746,0.0,394.0,22.85300064086914,1
26.14461294477876,94.24427766636826,16.226058959960938,0.2664,1279.0,30.072250366210938,1
24.524680992926022,86.19986429707794,0.9559096097946168,0.0252,354.0,14.966249465942385,0
30.43038533378458,78.08026193850682,28.076072692871094,0.2844,1501.0,26.523876190185547,1
26.66096457009066,74.3469534492345,4.375907897949219,0.054,374.0,21.949874877929688,0
24.47078207587885,94.02005817145202,17.02031135559082,0.2196,868.0,27.150375366210938,0
30.941616561977,86.91240798044154,2.212066173553467,0.0,4725.0,10.61762523651123,0
33.9607644003743,92.2610670136176,1.4971381425857544,0.0,4607.0,11.42662525177002,0
34.91315826459782,72.75154550463824,43.72824478149414,0.0863999999999999,1229.0,18.660749435424805,1
20.560685138691813,82.63202548314044,4.187077045440674,0.0792,280.0,22.27612495422364,0
32.89087089698795,72.38045146076847,1.1383414268493652,0.0288,497.0,20.07250022888184,0
20.211150661640907,96.36654752510064,26.720388412475582,0.2916,506.0,19.74762535095215,0
33.580777035191744,74.90345976774655,16.75193977355957,0.0828,2222.0,43.89562225341797,1
27.05011475117124,90.79986737246878,24.32578086853028,0.36,760.0,22.458250045776367,1
14.467143071923864,79.11592962956823,5.978678226470947,0.0,94.0,29.255624771118164,0
26.283133161589987,76.04988973333988,0.9559096097946168,0.0324,286.0,15.10474967956543,0
33.126139669898855,75.44810832450821,22.393224716186523,0.072,888.0,32.09375,1
35.00909833694178,96.37058994387915,3.624878883361816,0.0,4471.0,13.047124862670898,0
10.322855340166862,76.43203305520433,10.783416748046877,0.2664,42.0,28.863250732421875,1
30.73626168802728,74.81641301671537,3.62471079826355,0.0072,201.0,13.578624725341797,0
31.632061689351264,80.77170436125732,18.3383903503418,0.0,5877.0,10.744125366210938,0
35.830248338155435,91.31298506275785,3.0331592559814453,0.0,4939.0,12.110875129699709,0
31.057768728213656,96.77483182173296,38.06740188598633,0.0,4722.0,18.0677490234375,0
25.035642726533208,94.01439878516209,29.475297927856445,0.2628,860.0,29.138750076293945,1
32.284238585622035,72.41386878933771,3.6475071907043457,0.1475999999999999,180.0,18.928625106811523,0
26.88114164622836,88.27793704383163,20.531158447265625,0.0144,1521.0,24.125,1
30.729254828811147,78.43949822062622,9.579730987548828,0.0,1123.0,26.933250427246094,1
20.06238965059072,80.21708450484194,0.9559096097946168,0.108,247.0,25.93762588500977,0
27.99145933740008,84.06519768742473,32.58793258666992,0.1727999999999999,838.0,23.08049964904785,1
29.336237317727004,85.32131194920905,2.391167640686035,0.0,4473.0,11.687749862670898,0
22.271436765769028,73.25253593859169,0.9559096097946168,0.0107999999999999,32.0,17.35325050354004,0
28.3064985075408,85.49971736463519,33.07426071166992,0.0,3523.0,27.148624420166016,0
25.274414929052178,94.02113614979297,13.76506233215332,0.0,1070.0,30.16487503051757,1
28.1321355108932,84.4724040057161,12.486533164978027,0.1188,962.0,15.284749984741213,1
25.850863846871672,97.4380579959984,13.277770042419434,0.36,428.0,21.35424995422364,1
14.29358855903197,79.29999443128432,1.37348735332489,0.1872,109.0,32.26374816894531,0
27.730588578891773,91.17635130804328,39.73918914794922,0.0828,2994.0,21.278749465942383,0
33.22019328014617,75.79656482321818,38.18754196166992,0.036,1065.0,43.891876220703125,1
20.596797413113418,77.47012619753285,0.9559096097946168,0.0215999999999999,366.0,23.95862579345703,0
30.97853732015432,77.92260760614386,39.3687858581543,0.108,1576.0,28.21175003051757,0
26.783584606372973,88.3881603291931,1.4352258443832395,0.1872,149.0,24.125,0
30.69449002731572,79.05448486413445,21.061548233032227,0.108,2733.0,43.8447494506836,1
24.345736588329416,81.11261501158069,2.8366808891296387,0.0504,329.0,17.581501007080078,0
32.561279019244495,76.12373124969452,39.51936721801758,0.18,922.0,32.44012451171875,1
24.250066010570684,97.3493942774558,2.096100091934204,0.072,128.0,23.6458740234375,0
28.180105547065185,85.11002819438414,28.97016143798828,0.1296,1919.0,17.88974952697754,1
29.586597787411115,80.21546753733051,19.44333267211914,0.018,1605.0,28.97612571716309,1
28.4493306377158,82.93062548358176,21.91207504272461,0.054,2484.0,20.924999237060547,1
35.48260032320118,73.90147889983963,12.44821071624756,0.0,1059.0,17.667125701904297,1
27.36461493214148,69.48931355035819,3.3640239238739014,0.0072,57.0,10.205875396728516,0
20.39117304457846,73.00190597432234,2.038959503173828,0.0576,29.0,19.19775009155273,0
29.410887317837336,68.90046788161784,4.892427921295166,0.0,733.0,19.95662498474121,0
27.011577025482502,92.6421323571411,33.69023513793945,0.2951999999999999,208.0,27.96150016784668,1
25.66221763720657,94.1071049224832,11.88443088531494,0.0,1382.0,30.91687393188477,1
28.218373778168672,85.35742422363066,56.14305114746094,0.108,1685.0,21.696250915527344,1
27.91680933728975,84.25007097289652,22.64957046508789,0.2196,908.0,23.421499252319336,1
26.8717093357451,94.99212514039776,10.618151664733888,0.3132,283.0,29.22075080871582,1
29.57986042278021,80.50463522728859,23.82575416564941,0.1368,1391.0,23.342750549316406,1
24.759410776666453,97.56337297813306,12.710545539855955,0.09,286.0,30.65475082397461,1
24.70739832171593,91.98214011789848,2.1814074516296387,0.0144,12.0,24.129125595092773,0
19.069032609411348,72.87039261672724,2.2363831996917725,0.0,1.0,28.17387580871582,1
26.49360843265919,91.72126935939016,2.189077138900757,0.126,60.0,19.983125686645508,1
31.49084652668768,86.54805130120268,17.4764461517334,0.0,5441.0,10.417499542236328,0
34.6010835348947,83.5968160982848,12.41720199584961,0.0,5334.0,10.294374465942385,0
30.28351078483104,79.24986843843044,24.892210006713867,0.2772,862.0,23.86425018310547,1
15.309313650785914,76.214550924919,1.911287426948548,0.0072,521.0,20.333499908447266,0
19.78804416282061,78.21096681234621,12.238391876220703,0.0468,404.0,25.910625457763672,0
22.89396925766385,91.53262314972508,1.037631869316101,0.0,9.0,25.082500457763672,1
35.44055916790439,81.68906392940018,2.86560320854187,0.0,5632.0,30.974374771118164,0
28.02811060099216,87.79015184455473,6.998786449432373,0.0,5282.0,12.330499649047852,0
33.31909779292773,75.1931664468751,46.97882461547852,0.0828,1280.0,37.430625915527344,1
34.180132992756285,74.2717644599537,1.1554419994354248,0.0,1589.0,43.8853759765625,1
20.86063261205932,92.48905943272712,1.3999305963516235,0.1908,46.0,19.66550064086914,1
27.102666195292223,88.12189967898007,25.47761344909668,0.2592,1118.0,23.358999252319336,1
20.217079542516096,79.66542908886413,0.9559096097946168,0.1727999999999999,200.0,23.02812385559082,0
29.84100067587376,75.34004099582864,2.205812931060791,0.0107999999999999,209.0,13.460749626159668,0
26.88221962456929,87.91250238625182,5.815219879150391,0.0144,782.0,25.038875579833984,1
28.203821070565937,83.98057638766066,1.084664225578308,0.0,831.0,14.130374908447266,1
27.94483677415428,83.51084732559457,40.95026397705078,0.2448,795.0,22.87612533569336,1
28.720711685048308,72.36967167735902,0.9559096097946168,0.0,134.0,16.15337562561035,0
26.251871789702623,69.18882708782021,1.065818428993225,0.0,41.0,9.795000076293944,0
21.23280463427004,92.19908325901336,11.541050910949709,0.2376,64.0,21.356374740600582,1
33.87776006812166,74.33320922538748,21.520431518554688,0.0863999999999999,2711.0,43.88887405395508,1
6.334604973261423,80.88084966827785,4.061617374420166,0.2592,62.0,27.31599998474121,0
25.48569868387709,70.87774965349332,12.63174533843994,0.0288,188.0,11.168874740600586,0
29.75610988152447,77.81885219082804,1.101059913635254,0.0972,257.0,16.6146240234375,0
27.513914932362145,87.80847747635077,30.911697387695312,0.3348,2201.0,21.979875564575195,1
25.5150735936678,85.90584570458563,0.0,0.0468,46.0,22.254749298095703,0
29.64346114489588,86.20498469419742,18.297014236450195,0.0,5156.0,10.548125267028809,0
26.85527016604571,79.40267186825918,1.435731053352356,0.0215999999999999,143.0,21.871999740600582,0
26.166172511597622,91.71372351100356,27.51055145263672,0.1296,153.0,25.46875,1
26.85715662814236,88.31431881283848,16.15052604675293,0.18,1077.0,24.125,1
33.01079598741791,74.93957204216815,44.2034797668457,0.2376,1431.0,33.30787658691406,1
15.541887477844458,73.92142149914709,12.95064640045166,0.18,10.0,13.773624420166016,1
28.045897243617723,83.6695796362985,14.392969131469728,0.2628,778.0,15.446000099182127,1
28.22026024026532,84.17757692946807,4.768948078155518,0.2484,1103.0,14.38474941253662,1
30.90388732004398,77.09687619698119,19.97627830505371,0.0324,1445.0,24.901750564575195,1
27.866413849850645,83.1036410073032,34.81333541870117,0.324,1240.0,24.75149917602539,1
35.556980828726275,82.60211158417926,19.985504150390625,0.0,5389.0,12.044750213623049,0
33.027235157117296,74.94657890138429,30.342185974121094,0.1836,1753.0,33.30787658691406,1
24.66993857436815,75.8801081446413,1.911287426948548,0.0,356.0,19.36287498474121,0
26.97869868608373,81.71224046373047,1.4366058111190796,0.0324,101.0,21.114500045776367,0
23.76066384378237,85.89641339410237,7.348767280578613,0.1296,247.0,18.068750381469727,0
27.125034245866804,93.77050618552364,30.28433609008789,0.1908,157.0,20.94824981689453,1
6.990015804555026,81.05682963243686,3.4506852626800537,0.0,676.0,29.414125442504883,1
7.423632592199519,80.61027710470104,8.776212692260742,0.36,442.0,33.84674835205078,1
27.478072152525773,88.52695004058957,24.41913795471192,0.2628,748.0,22.061124801635746,1
34.14159526706756,77.48710435640271,10.063838005065918,0.0,3190.0,18.04700088500977,1
25.031869802339905,92.45833705001024,21.682598114013672,0.126,87.0,27.387001037597656,1
25.57463189700492,89.98976664924979,3.7049520015716553,0.2592,46.0,21.92850112915039,0
22.47167124259927,83.06941519497823,0.9559096097946168,0.0648,302.0,15.737500190734863,0
28.231848507430463,82.35282909283609,25.349197387695312,0.2808,1580.0,16.20537567138672,1
19.301875931055125,75.44298792738874,1.3925540447235107,0.0144,472.0,25.36100006103516,0
30.41286818574425,78.0837653681149,25.19325828552246,0.2124,1115.0,26.523876190185547,1
33.235823966089846,75.24383142889944,37.8400993347168,0.0252,733.0,33.29574966430664,1
30.14957197596882,92.81299192418062,36.08195495605469,0.0,5257.0,14.955249786376951,0
27.274334246087463,92.90650654525749,16.352806091308594,0.36,646.0,21.67562484741211,1
34.69325068304536,86.23193415272101,29.923246383666992,0.0,5364.0,9.320499420166016,0
14.78218224206458,74.22783684256027,21.44169044494629,0.3455999999999999,205.0,17.36924934387207,1
30.459490748990053,89.1818218827127,2.4139404296875,0.0,4951.0,10.597749710083008,0
30.40397486443147,79.32748287897837,30.53647994995117,0.0792,1091.0,21.964250564575195,1
31.012493637894032,78.88443378085063,31.82102394104004,0.162,3011.0,17.38912582397461,1
30.432541290466467,78.07675850889876,24.745101928710938,0.3024,1427.0,26.523876190185547,1
22.88184200132824,92.04547134542892,4.768948078155518,0.3096,50.0,21.39962577819824,0
30.65945573123506,79.56059569520738,50.93874740600586,0.108,3305.0,40.76750183105469,1
27.98526096193965,94.21274679989568,23.644811630249023,0.1727999999999999,314.0,27.827125549316406,1
26.95983406511722,86.55990906295305,44.52529525756836,0.3096,1319.0,21.339000701904297,1
18.76234777141294,73.37461698570354,23.6925048828125,0.0972,507.0,20.07525062561035,1
23.61459777858453,72.23222943888874,0.0,0.0324,69.0,18.402999877929688,0
22.62393568325753,91.67437730155912,17.456340789794922,0.2628,32.0,24.80987548828125,1
31.08498768132248,77.16640579997204,38.82286071777344,0.1872,1810.0,20.71199989318848,1
35.302847434848864,85.42722332120674,3.637050151824951,0.0,5036.0,10.164250373840332,0
33.93381494185071,74.99859135633481,0.0,0.0,1590.0,42.79912567138672,1
33.7683452665159,85.74199299676222,3.671315670013428,0.0,4741.0,9.52762508392334,0
27.883392008720502,96.9262877786355,46.482852935791016,0.2376,977.0,30.18187522888184,1
33.14635176379154,75.74536085202337,35.69199752807617,0.234,1252.0,43.89250183105469,1
35.47801891525217,74.50487727618273,15.957730293273926,0.0,1210.0,26.29850006103516,1
30.12370049578617,87.71792729571152,35.19060134887695,0.0,5203.0,10.708749771118164,0
33.95133208989105,74.98457763790255,1.152327060699463,0.0,1597.0,42.79912567138672,1
31.824480823209665,77.47012619753285,40.90104293823242,0.0,3672.0,43.79125213623047,1
34.67303858915267,75.48314262058888,0.9559096097946168,0.0,3368.0,19.02499961853028,0
21.96771636820822,92.56128398157034,21.34864044189453,0.1836,728.0,21.776874542236328,0
26.596555364219288,74.16369713127412,1.911287426948548,0.0072,333.0,21.92487525939941,0
33.398868190157536,90.08947964578708,0.0,0.0,4933.0,10.490124702453612,0
28.91663424851477,81.65376013873428,21.10611915588379,0.054,857.0,20.214500427246094,0
16.822525746885248,77.71240182965988,4.846415519714356,0.0107999999999999,443.0,20.846874237060547,0
27.802543633149742,87.80578253049842,17.0296573638916,0.0,5677.0,42.93724822998047,0
29.577434971513096,73.00028900681093,0.9559096097946168,0.018,152.0,16.752124786376953,0
32.93884093315993,95.17969337172192,37.86364364624024,0.0,4615.0,15.115625381469728,0
25.27333695071124,93.69693416375424,21.34531593322754,0.36,604.0,29.660249710083008,0
30.61795356510874,78.32334605438957,48.45797729492188,0.0612,893.0,26.933250427246094,1
13.59371112117445,76.71931428306576,1.9663290977478027,0.036,742.0,22.14999961853028,0
27.46405843409351,94.27715600576704,3.5826292037963867,0.0,105.0,25.73237609863281,0
25.155567816963163,93.84731214231584,46.78105163574219,0.36,1381.0,30.600000381469727,1
32.75720158271096,77.41380182921856,9.63964557647705,0.0,4890.0,13.095999717712402,1
22.16714236128276,81.76209696199909,3.0938849449157715,0.0215999999999999,291.0,12.860875129699709,0
31.598644360782018,78.43842024228528,53.54574203491211,0.0,2295.0,28.33712387084961,1
21.30071726974948,95.2171531190697,2.802617073059082,0.0252,122.0,21.283750534057617,0
16.655978093209487,73.51771861046377,5.327730178833008,0.2412,98.0,17.772249221801758,1
34.43992577292365,92.52166827754068,3.0023317337036133,0.0,4735.0,12.128000259399414,0
6.931535479558845,81.17513775535541,15.298956871032717,0.3276,662.0,29.414125442504883,1
23.729941461065483,92.71489589515475,24.004169464111328,0.0936,980.0,20.777124404907227,1
33.32152324419485,75.19828684399458,37.51424789428711,0.036,1199.0,37.430625915527344,1
23.74179922281586,92.71408741139906,16.65648078918457,0.0324,934.0,20.777124404907227,1
31.22539436023036,90.9451249539109,2.430246353149414,0.0,4994.0,10.85187530517578,0
22.800454636587013,97.31705492722747,34.80059051513672,0.2916,866.0,26.051876068115234,0
22.64603423924687,88.34019029302111,0.9559096097946168,0.0,10.0,28.52574920654297,1
25.3054068063543,69.13708412745493,1.911287426948548,0.018,13.0,11.05987548828125,0
30.89876692292449,78.33978522408896,61.696773529052734,0.1727999999999999,1821.0,26.783248901367188,1
27.028555184352367,89.57231953671945,45.01874923706055,0.2808,2088.0,22.75637626647949,1
20.42593784607388,79.16740309534828,0.0,0.018,238.0,21.79050064086914,0
34.56766620632545,73.15417041498061,26.998197555541992,0.054,1631.0,22.48649978637696,1
19.133980804453188,97.48414157007372,5.716941356658936,0.2304,280.0,21.74012565612793,0
9.94313746956954,76.37382222479339,3.061736583709717,0.0,13.0,28.644874572753903,1
27.28241908364454,74.40920669842399,5.362569332122803,0.018,350.0,11.75837516784668,0
30.01590266169184,95.46104571870816,57.808815002441406,0.0,4532.0,40.46662521362305,0
11.343161839869817,76.82845959008627,55.5550422668457,0.1548,1220.0,29.43812561035156,1
25.14317106604232,96.207006730641,5.987026691436768,0.36,243.0,20.716625213623047,0
33.338770897649944,75.19208846853415,18.438608169555664,0.0431999999999999,1235.0,37.430625915527344,1
33.90794346166808,73.93381825006794,32.39415740966797,0.3419999999999999,2243.0,31.05412483215332,1
25.380595795635102,76.02563522066866,2.849712610244751,0.0036,234.0,20.27462577819824,0
23.35723044968429,92.7879289277537,9.089387893676758,0.18,1367.0,27.39200019836425,1
27.32203478767421,88.60860689991603,33.423824310302734,0.2087999999999999,1509.0,22.061124801635746,1
28.41160139578278,84.79418054048772,35.10099029541016,0.0,4257.0,36.63087463378906,1
6.519747753318456,80.15402277189673,4.272995471954346,0.2556,52.0,29.313751220703125,1
30.63250627271148,78.99519605538256,20.490541458129883,0.0612,1891.0,33.0317497253418,1
32.331939127208784,82.97697855224234,5.099579334259033,0.0,4673.0,10.755125045776367,0
28.94277522328265,82.33531194479576,62.68080139160156,0.0612,2953.0,21.787750244140625,1
18.175658059354483,94.74688506783312,18.344051361083984,0.3024,471.0,17.179750442504883,0
29.546712588796208,92.69576177960305,8.154104232788086,0.0,5133.0,10.36050033569336,0
17.272042715058657,82.38139551887109,2.1572248935699463,0.0215999999999999,29.0,17.7447509765625,0
6.976271580707997,80.77466880169492,25.54555320739746,0.0612,1948.0,29.14525032043457,1
30.87532089400898,77.00012764088152,33.83998107910156,0.1296,1178.0,24.901750564575195,1
25.229678827903022,74.99832186174957,1.0566915273666382,0.1188,359.0,13.85949993133545,0
31.58705609361688,78.31499172224726,31.86937713623047,0.1836,2796.0,28.33712387084961,1
20.156173766252792,95.49608001478882,3.5993332862854004,0.0648,138.0,17.89437484741211,0
27.261398505996144,86.7722707961189,21.0178279876709,0.0576,2155.0,20.00237464904785,1
28.029997063088807,84.29453757946044,21.84552955627441,0.36,697.0,15.284749984741213,1
23.697871605422417,80.58521410827412,0.9559096097946168,0.0396,443.0,26.35300064086914,0
32.8318515828213,75.73026915525016,17.139039993286133,0.0612,3270.0,43.89887619018555,1
27.9938847886672,84.09403360804497,9.994071006774902,0.1836,461.0,23.08049964904785,1
6.806489992009408,80.97786771896276,27.51820182800293,0.2124,1326.0,29.14525032043457,1
24.59582756342829,72.71678070314282,7.865012168884277,0.0431999999999999,1176.0,25.371999740600582,1
31.20248732048531,97.22946918702584,36.29451370239258,0.2231999999999999,3593.0,19.46324920654297,1
26.1028412840672,86.17210635479866,2.8592753410339355,0.0576,46.0,21.41349983215332,0
35.295032091877026,78.0560074258356,10.463128089904783,0.0,5266.0,11.774374961853027,0
29.565846704347955,80.3655760213069,15.079682350158691,0.1008,556.0,29.013750076293945,1
35.44433209209769,73.26062077614877,32.49209213256836,0.1332,2056.0,26.762374877929688,0
25.53851962258332,82.32776609640916,5.614031791687012,0.0215999999999999,87.0,23.19099998474121,0
24.6041818955706,69.17238791812083,1.420804142951965,0.0215999999999999,5.0,13.45324993133545,0
15.027422314629208,74.16234965834795,15.674654006958008,0.2556,198.0,16.29224967956543,1
27.058738577898783,93.54143578807314,10.8659029006958,0.36,504.0,32.55649948120117,1
33.12182775653508,75.40849262047854,36.53706359863281,0.0648,1110.0,32.09375,1
21.76343947259944,70.04339441760311,0.0,0.0107999999999999,87.0,16.347373962402344,0
26.10607521909003,91.8716473379518,5.392232894897461,0.36,246.0,26.14287567138672,1
33.42096674614688,75.20448521945501,31.796510696411133,0.0288,1629.0,37.430625915527344,1
24.704164386693105,94.60135799180576,15.714962005615234,0.36,248.0,25.246749877929688,0
32.67419725045832,73.2352882851366,2.86560320854187,0.0252,207.0,23.03474998474121,0
25.52127196912822,90.23204228137683,15.511290550231934,0.36,583.0,23.07149887084961,1
27.29751078041775,73.35359640805514,1.911287426948548,0.0215999999999999,310.0,12.419124603271484,0
28.25556403093121,68.21891607555636,1.446016550064087,0.0,56.0,11.261249542236328,0
7.021007681857149,80.59141248373453,15.728425979614258,0.36,1008.0,28.40762519836425,1
24.324177021510547,93.15012965031067,29.09039306640625,0.36,579.0,29.093250274658203,1
27.58613948120536,80.13057674298122,2.358248472213745,0.0215999999999999,142.0,21.3075008392334,1
18.283455893448824,73.1503974907873,7.667865753173828,0.1332,44.0,20.748125076293945,0
34.80320447382159,74.21355362954276,52.90517044067383,0.144,2138.0,28.53962516784668,1
22.99772467297966,84.29238162277855,5.516418933868408,0.0396,732.0,17.71150016784668,0
33.3339199951157,75.76260850547845,3.664138793945313,0.0072,1608.0,43.88850021362305,1
30.66700157962166,78.31202728180966,21.64482307434082,0.0576,1668.0,26.933250427246094,0
27.00618713377779,80.01146013630698,3.3541259765625,0.0324,126.0,22.006250381469727,0
34.161807360960246,77.55286103520025,18.485557556152344,0.0,3653.0,19.78537368774414,1
33.24067486862409,75.23736355885377,15.078840255737305,0.018,700.0,33.29574966430664,1
24.951829910524857,94.2033144894124,4.768948078155518,0.0215999999999999,917.0,28.209625244140625,1
29.59144868994536,82.17011176404618,45.723236083984375,0.0468,2745.0,25.92150115966797,0
34.11680176522586,69.50871716049518,2.9954938888549805,0.0,2703.0,43.63825225830078,0
34.07961151246332,74.0356872032871,22.11754035949707,0.036,1311.0,43.88800048828125,1
17.38226600042012,75.15435922660113,4.146878719329834,0.0107999999999999,503.0,19.523250579833984,0
32.59011493986473,70.06522347900722,29.587045669555664,0.0504,1279.0,23.25925064086914,0
34.560928841694555,73.8629411741509,10.462016105651855,0.072,1334.0,43.85025024414063,1
22.80449705536555,91.91261051490764,1.4101873636245728,0.2124,33.0,26.005125045776367,1
27.08757449851901,88.45715094301347,24.139747619628903,0.1332,263.0,18.95075035095215,1
35.80249039587614,74.98323016497636,12.291647911071776,0.0,3702.0,36.06399917602539,1
25.00303388171967,73.81012023544469,4.211811065673828,0.036,562.0,18.178874969482425,0
26.083707168515453,94.563898244458,17.618471145629883,0.2592,1835.0,31.596250534057617,1
20.854973225769367,77.7274935264331,1.0229134559631348,0.0,342.0,25.4635009765625,1
23.6428947100343,81.75994100531722,14.461161613464355,0.3096,542.0,22.0161247253418,0
35.75209490843704,93.4072274846257,2.540879964828491,0.0,4989.0,13.838250160217283,0
21.78068712605453,86.49765581376357,5.601746082305908,0.36,857.0,23.07162475585937,0
33.31505537414919,76.49913720692805,54.96501159667969,0.0144,3793.0,21.54087448120117,0
17.025994158738317,77.08124551103751,0.0,0.0144,427.0,21.43824958801269,0
34.581679924757715,70.6745507362255,2.321036100387573,0.0648,620.0,19.303125381469727,0
30.0261434559308,78.62787493570609,29.210697174072266,0.126,493.0,25.58625030517578,1
30.73626168802728,78.4400372097967,35.17888641357422,0.072,1691.0,26.933250427246094,1
21.358389110989947,78.97094154271133,3.5226194858551025,0.018,308.0,24.06825065612793,0
34.89402414904607,72.94531211142282,24.377914428710938,0.2196,1538.0,18.660749435424805,0
18.76315625516865,73.34712853800949,55.058624267578125,0.072,347.0,20.07525062561035,1
17.935538383909336,77.90374298517735,2.1589343547821045,0.0107999999999999,565.0,28.365875244140625,0
28.382495980577307,73.19944550530023,1.0864861011505127,0.0,198.0,13.885250091552734,0
33.21210844258909,97.8237047474709,19.886568069458008,0.0,4649.0,14.578999519348145,0
30.95293533455691,71.31217492489353,0.9559096097946168,0.0431999999999999,146.0,14.260000228881836,0
30.96964399884153,87.45786502095892,0.0,0.0,4691.0,10.26675033569336,0
21.48936347941457,83.40897837237542,6.661805152893066,0.2087999999999999,249.0,22.13887596130371,0
24.8281318959016,78.23171789540937,2.3122243881225586,0.0215999999999999,352.0,12.965749740600586,0
34.15857342593742,74.47253792595441,1.4992105960845947,0.0396,1652.0,43.8853759765625,1
28.433430457186883,83.12008017700258,28.631553649902344,0.18,2180.0,18.23649978637696,1
15.886571052361118,75.39474839663151,1.3788254261016846,0.0072,559.0,20.5677490234375,0
35.5413501427826,74.64636193343155,36.250267028808594,0.0,1813.0,29.367374420166016,0
24.25949832105394,75.23412962383095,2.1796092987060547,0.0107999999999999,434.0,18.270000457763672,0
22.13345553812827,96.46679951080836,16.10617446899414,0.2844,1277.0,28.511375427246094,1
29.0295524797286,95.02877640398984,25.205585479736328,0.36,1621.0,22.97037506103516,0
29.766889664933903,78.9429141058468,3.8116648197174072,0.2231999999999999,1822.0,26.43000030517578,0
22.994760232542067,86.27774823221111,0.0,0.0215999999999999,247.0,17.288249969482422,0
34.14833263169846,77.59705814717894,26.664936065673828,0.0,3565.0,19.78537368774414,1
17.93203495430127,73.80311337622855,39.52008438110352,0.0972,1176.0,17.774124145507812,0
27.040412946102744,89.90622332782668,16.925193786621094,0.2196,1366.0,23.745500564575195,1
28.19492774925316,95.73296575521113,8.663494110107422,0.0648,216.0,23.58824920654297,0
33.20132865917966,91.0262428240669,5.828479290008545,0.0,5420.0,17.35099983215332,0
28.528562045775143,69.10178033678903,1.4481165409088137,0.0,88.0,17.143749237060547,0
7.020468692686678,80.5911429891493,11.122509002685549,0.288,999.0,28.40762519836425,1
17.839598311565368,76.08465453483531,1.911287426948548,0.0144,521.0,21.381250381469727,0
28.661961865466893,82.07228522960557,29.40904235839844,0.108,925.0,17.65049934387207,0
22.272245249524737,95.4524218919806,4.910146236419678,0.0252,155.0,22.801374435424805,0
34.57251710885969,80.12356988376509,4.464736461639404,0.0,5084.0,12.734375,0
22.53554145930017,76.73386699066849,2.8156895637512207,0.0144,288.0,22.46700096130371,0
29.97952089268499,69.04949838725328,14.899828910827637,0.0,1098.0,19.144500732421875,0
22.35039867924313,91.83257062309258,6.49260950088501,0.2268,38.0,25.919750213623047,1
28.212444897293484,83.86199877015689,38.68148422241211,0.36,1406.0,14.130374908447266,0
9.0416780819556,78.14979154149768,3.0241458415985107,0.0072,23.0,26.32437515258789,0
28.066378832095648,80.2340626637118,1.911287426948548,0.0612,156.0,24.336376190185547,0
28.636359879869485,77.39574569200775,5.017128467559815,0.0,205.0,28.31487464904785,1
24.745936047404665,69.00071986732559,2.86560320854187,0.0144,12.0,13.45324993133545,0
26.14057052600021,91.76438849302792,3.963174343109131,0.0324,60.0,26.14287567138672,1
33.775082631146795,74.09335904452756,8.335165977478027,0.0215999999999999,1035.0,29.457874298095703,1
29.03979327396756,81.71897782836136,30.809938430786133,0.3168,2726.0,20.06712532043457,1
23.35534398758764,92.89599625643326,3.8183305263519287,0.36,986.0,27.39200019836425,0
25.08307377353472,94.23754030173735,16.514066696166992,0.1836,1656.0,29.138750076293945,1
22.00005571843652,92.3332915624608,11.152804374694824,0.2016,219.0,22.61112594604492,1
27.86668334443588,83.48335887790051,12.014799118041992,0.1043999999999999,1425.0,24.520750045776367,1
35.10180447426291,71.14481878746206,12.11126708984375,0.1043999999999999,2880.0,20.32187461853028,0
21.06086708888956,94.37067062684388,5.186379909515381,0.324,349.0,17.348499298095703,0
33.855931006717555,80.8053911844118,3.57879376411438,0.0,4897.0,12.04699993133545,0
34.64258570102102,82.36953775712071,5.996894836425781,0.0,5442.0,10.839250564575195,0
32.44620483134879,79.10730580284067,39.785526275634766,0.0,5848.0,13.350000381469728,0
27.73948190020456,83.57552602605118,37.73890686035156,0.288,1042.0,22.60387420654297,1
35.37803642412967,68.9099001921011,11.430533409118652,0.0,3059.0,20.347875595092773,0
26.04813388326432,94.46202929123884,30.415332794189453,0.306,865.0,30.54987525939941,1
25.49917341313888,94.11923217881882,11.901674270629885,0.2844,1944.0,30.16487503051757,1
33.330686060092866,71.27228972627861,4.567121982574463,0.0,550.0,20.224000930786133,1
18.312291814069063,80.96816591389427,3.50014328956604,0.2016,145.0,20.82637596130371,0
33.01268244951456,71.52884857142315,23.88427352905273,0.036,390.0,22.52387428283692,0
24.797948502355183,92.99732622048197,0.0,0.036,27.0,33.76937484741211,1
25.30567630093953,93.12641412680992,18.570541381835938,0.0504,309.0,28.093374252319336,1
27.37458623179521,88.76491375935282,6.705563545227051,0.036,3747.0,28.606624603271484,1
31.158020713921392,77.71536627009748,28.320951461791992,0.0324,1766.0,28.737998962402344,1
21.189954995217537,92.15704210371656,1.911287426948548,0.0252,16.0,21.356374740600582,1
29.4383757655314,83.859842813475,11.7670259475708,0.0,5745.0,10.576749801635742,0
8.621805518158137,77.45611247910058,11.783310890197754,0.198,168.0,28.30237579345703,0
20.44345499411421,83.1111868556898,6.73807954788208,0.3348,291.0,24.75349998474121,0
33.95483551949911,74.79431446072603,1.152374505996704,0.0252,1615.0,42.79912567138672,1
32.55508064378407,76.12480922803545,2.2219841480255127,0.0072,931.0,32.44012451171875,1
27.81736583533772,83.46422476234876,17.829160690307617,0.1727999999999999,1042.0,24.520750045776367,1
21.063023045571448,92.19557982940528,10.180462837219238,0.2412,208.0,21.356374740600582,1
26.92938117698557,70.04016048258029,1.4362555742263794,0.0,74.0,10.939125061035156,0
29.69412612692022,82.67945653014195,19.578447341918945,0.0,5040.0,15.140375137329102,0
19.29217412598664,73.06496770726754,1.3925104141235352,0.0,21.0,13.523374557495115,1
24.380231895239604,73.31020777983217,8.456330299377441,0.0431999999999999,425.0,15.109624862670898,0
25.825261861274267,72.46992366306677,2.1861114501953125,0.0144,131.0,23.16650009155273,0
21.44301041075401,92.00747260891065,1.4028769731521606,0.0215999999999999,1.0,18.75012588500977,1
32.01312703287476,68.31350867497416,5.825586795806885,0.0,2228.0,20.21699905395508,0
17.485482426565454,79.9853191615391,2.2198007106781006,0.018,176.0,22.71762466430664,0
25.809900669915823,78.50660237234995,2.85534930229187,0.0036,191.0,14.510250091552734,0
10.475658769995592,79.00085544167251,2.143971920013428,0.0863999999999999,91.0,27.5935001373291,0
7.520650642884427,80.70136627451076,18.62459754943848,0.36,636.0,27.818500518798828,1
17.931495965130797,83.03195544763045,0.9559096097946168,0.0215999999999999,66.0,16.318124771118164,0
23.898914566008365,94.14348669149004,14.07855224609375,0.2951999999999999,258.0,21.33087539672852,1
27.1174883974802,88.10680798220686,20.5023250579834,0.252,2038.0,23.358999252319336,1
12.677160036787305,75.25649767440552,8.2889404296875,0.36,97.0,25.315000534057617,1
27.27217828940558,82.45793198107808,1.4387099742889404,0.0107999999999999,98.0,19.826250076293945,0
34.53667432902333,73.57485146253377,35.25617218017578,0.0612,1762.0,39.781497955322266,0
15.78308513163055,73.66567113775827,1.3784587383270264,0.0648,0.0,12.922249794006348,0
29.26536024180997,93.75406701582423,6.160696983337402,0.0,4651.0,25.61712455749512,0
33.44306530213622,75.19154947936369,39.714054107666016,0.0828,1676.0,37.430625915527344,1
25.702911319577183,86.92965563389664,0.9559096097946168,0.0072,38.0,20.277000427246094,0
33.23932739569791,75.2405974938766,6.825573921203613,0.0036,740.0,33.29574966430664,1
27.42956312718332,91.3787417415554,24.345260620117188,0.36,2771.0,20.373750686645508,0
26.80137124899854,70.69152889509535,1.911287426948548,0.0,199.0,16.05437469482422,0
24.533574314238805,81.63732096903489,2.3077056407928467,0.0215999999999999,344.0,17.777999877929688,0
14.896178451619344,97.88407153456372,9.271934509277344,0.2988,86.0,21.71525001525879,0
26.836675039664435,88.08390094246181,22.94733428955078,0.36,1735.0,25.722999572753903,1
33.43524995916438,75.19074099560797,41.94533920288086,0.126,1751.0,37.430625915527344,1
33.1204802836089,75.314169515646,37.68208312988281,0.2412,1520.0,32.09375,1
30.04473858231207,83.26129533966616,1.1042532920837402,0.0,4585.0,11.19362449645996,0
26.15485373901772,91.7350135832372,0.0,0.0,56.0,25.46875,1
33.13799743164923,75.51063106828293,35.682987213134766,0.0756,1194.0,43.89250183105469,1
24.963687672275235,87.42902910033868,7.674121379852295,0.1043999999999999,164.0,13.421250343322754,0
23.5714786449468,68.55335885583406,0.9559096097946168,0.0107999999999999,33.0,17.972000122070312,0
34.097667649674115,74.40166085003739,15.126140594482422,0.09,2008.0,43.8853759765625,1
22.41561636887021,70.60124820904134,3.099379539489746,0.0072,64.0,16.286874771118164,0
26.967649408089063,86.54239191491271,12.70878791809082,0.2736,757.0,21.339000701904297,0
33.310204471614945,73.89797547023157,21.939741134643555,0.0648,1073.0,30.768125534057617,0
26.483098143835,93.4336379539788,8.795449256896973,0.36,479.0,25.379499435424805,0
28.27901005984674,83.00635346203305,37.33095550537109,0.0863999999999999,1917.0,18.23649978637696,1
21.53329109680801,94.4331933706186,3.043709278106689,0.018,167.0,18.27337455749512,1
14.953311303689349,77.04243829076354,3.943702936172485,0.0107999999999999,431.0,19.834999084472656,0
27.79068587139937,84.47833288659129,30.01329040527344,0.3024,872.0,23.421499252319336,1
27.7758636692114,85.87000292474926,59.89165496826172,0.1764,1545.0,22.45800018310547,1
17.245362751120307,95.49042062849884,2.1571578979492188,0.0756,9.0,20.02549934387207,0
34.86518822842584,95.7890206289402,3.690239906311035,0.0,4566.0,14.234749794006348,0
25.70506727625908,94.04000077075948,16.768861770629883,0.3096,1036.0,30.91687393188477,1
24.83513875511773,93.89905510268112,37.06997299194336,0.27,909.0,28.61775016784668,1
30.754048330652846,79.49968991894409,10.469765663146973,0.0144,3141.0,14.000249862670898,1
28.795631179743875,82.23128703489472,23.632381439208984,0.3168,2231.0,22.24625015258789,1
27.386443993545583,85.63635111934977,39.6075439453125,0.2556,804.0,22.068374633789062,0
17.38496094627248,76.69883269458782,1.3844528198242188,0.0072,516.0,19.07999992370605,0
33.89958912952576,70.10483918303689,2.4924886226654053,0.0,1742.0,19.47337532043457,1
35.12282505191131,72.31954568450516,24.474592208862305,0.0684,2120.0,24.951875686645508,0
24.360019801346915,85.61802548755374,3.549405813217163,0.054,361.0,16.150249481201172,1
25.88670662670804,86.2664294596312,3.0556228160858154,0.0,38.0,21.40812492370605,0
29.58632829282588,80.21870147235335,2.86560320854187,0.0504,1666.0,28.97612571716309,1
26.85446168229,88.33722585258352,39.29812240600586,0.1008,784.0,24.125,1
29.824561506174376,94.4129812767259,24.271276473999023,0.0,4678.0,21.00774955749512,1
16.32800318297745,75.24625688016656,1.911287426948548,0.0,532.0,21.427499771118164,0
27.1032051844627,93.68831033702668,0.9559096097946168,0.0,145.0,32.55649948120117,1
26.732919624348632,77.31247186516987,3.5742549896240234,0.036,335.0,18.65687561035156,0
34.01223786615435,77.99887457376559,17.221420288085938,0.0,4900.0,15.550000190734863,1
34.69136422094871,85.693753466005,3.611913919448853,0.0,5395.0,9.880374908447266,0
33.727651584145285,88.17013920973729,7.040215492248535,0.0,5183.0,9.90362548828125,0
33.5406223419916,74.37228594024668,29.49544715881348,0.0936,1507.0,46.7547492980957,1
30.710659702429872,68.58192528186906,5.061300277709961,0.0,1517.0,23.71050071716309,0
20.750409326697856,83.3599303578625,2.7971019744873047,0.0576,189.0,17.62412452697754,0
33.820627216051655,76.55815652109472,43.72182846069336,0.0,5252.0,12.189000129699709,0
23.29955860844382,82.55845346137106,1.0407683849334717,0.018,565.0,18.511499404907227,0
27.066284426285385,74.92609731290636,2.146146774291992,0.0036,388.0,12.248374938964844,0
25.44769994735883,94.04889409207226,24.79783058166504,0.36,1325.0,30.16487503051757,1
27.64542828995724,84.12502548534708,1.911287426948548,0.0324,190.0,22.4997501373291,1
23.72697702062789,92.72648416231992,25.016157150268555,0.0936,864.0,20.777124404907227,1
16.107826106839756,73.71660561436784,4.87069845199585,0.1224,20.0,15.71412467956543,1
32.237346527791,81.01721392840719,27.26286697387696,0.0,5127.0,10.717124938964844,0
24.009946335125537,82.49323577174397,3.136517286300659,0.018,308.0,15.600874900817873,0
15.85126726169522,73.81604911631987,9.837904930114746,0.0504,41.0,15.024999618530272,1
33.6435692735517,97.39493886236066,21.84330177307129,0.0,4846.0,15.798250198364258,0
33.14392631252442,75.5456653643636,4.938863277435303,0.0036,1124.0,43.89250183105469,1
27.95319110629659,75.41576897427991,5.003674507141113,0.0144,375.0,12.147125244140623,0
7.422824108443812,80.6310281877642,7.838036060333252,0.1152,378.0,33.84674835205078,1
24.73380879106905,93.91603326155098,15.428448677062988,0.1332,879.0,21.11487579345703,1
33.183811511139325,75.80815309038331,34.13922119140625,0.0504,1108.0,43.891876220703125,1
21.2745762949816,74.19388052482054,2.0509471893310547,0.0072,318.0,17.649499893188477,0
28.29733569164278,83.80001501555265,24.726476669311523,0.1368,1501.0,20.78762435913086,1
29.043296703575628,69.64319495852787,2.86560320854187,0.0072,748.0,17.989124298095703,0
28.26634381434065,90.7969029320312,39.031532287597656,0.0,5010.0,17.450624465942383,0
34.19630266787044,92.94531376553142,4.490635395050049,0.0,4524.0,11.987625122070312,0
31.129993277056865,77.08986933776505,26.690698623657227,0.162,1685.0,20.71199989318848,1
34.089313317531804,74.02409893612194,7.861945629119873,0.0,1353.0,43.88800048828125,1
27.60177016714903,85.22510238227986,32.69353103637695,0.1224,1836.0,21.08749961853028,1
32.72647919999408,68.09764351220024,0.0,0.0,1994.0,21.698625564575195,0
26.53268514751839,82.05854100575854,0.0,0.0144,95.0,20.95137596130371,0
25.09520102987033,92.35673759137632,24.577146530151367,0.36,238.0,27.387001037597656,1
20.87006492254257,92.52759715841586,3.8183305263519287,0.1404,5.0,18.90900039672852,1
30.67616439551968,79.04181861862835,27.61107444763184,0.2051999999999999,2483.0,43.8447494506836,1
35.01475772323173,75.62139334281487,35.30778884887695,0.0,4115.0,18.17912673950196,1
26.85473117687524,88.33722585258352,26.606693267822266,0.1008,805.0,24.125,1
18.793878637885538,76.0056926213612,1.911287426948548,0.0107999999999999,737.0,22.772375106811523,0
6.656381508033036,81.37375526467423,1.356327772140503,0.36,126.0,26.436750411987305,0
22.138845429832987,95.9410155750132,0.9559096097946168,0.0288,84.0,21.701749801635746,0
33.30050266654645,75.18157817970996,32.33757400512695,0.2268,1126.0,37.430625915527344,1
27.68315753189026,68.56952853094822,3.8183305263519287,0.0,60.0,15.163000106811523,0
21.214479002474,70.68317456295304,8.363884925842285,0.0972,235.0,17.77975082397461,0
27.10724760324124,93.65165907343462,14.44325828552246,0.2268,317.0,32.55649948120117,1
22.760838932557345,75.89034893888025,2.8181815147399902,0.0,545.0,20.576250076293945,0
35.30042198358174,74.4490918970389,32.1524543762207,0.0,4172.0,28.52199935913086,1
26.179108251688945,79.35497132667243,4.885383605957031,0.0107999999999999,138.0,17.18400001525879,0
22.040210411636664,76.49159135854146,2.8103280067443848,0.018,299.0,19.97800064086914,0
23.69194272454723,69.28261120348229,7.268658638000488,0.0072,4.0,12.535374641418455,0
10.083813643062658,77.06965724387237,18.80483627319336,0.1548,1475.0,29.71037483215332,1
32.776874687433185,76.19326085268536,26.22565269470215,0.0396,1644.0,43.89474868774414,0
19.215368169194416,97.92422622776388,36.18121719360352,0.3348,313.0,23.63887596130371,0
34.941185701462345,91.55849462990771,4.654616355895996,0.0,4887.0,11.016499519348145,0
22.06823784850119,91.99750130925692,9.143550872802734,0.2664,37.0,24.95687484741211,0
26.10984814328333,91.80319571330188,2.12830662727356,0.0,58.0,26.14287567138672,1
35.49472757953679,83.44994154933127,3.645097970962525,0.0,4882.0,11.20324993133545,0
27.161416014873645,93.75245004831282,3.358389616012573,0.072,152.0,20.94824981689453,1
28.02972756850357,85.09331953009952,29.52248191833496,0.1152,1576.0,17.88974952697754,1
27.20507413768185,86.65692711363796,34.10709762573242,0.1512,1733.0,13.030500411987305,1
29.928047426904943,92.37506322317236,14.081498146057127,0.0,4563.0,14.605999946594238,0
30.45814327606388,68.41187419858524,2.413912296295166,0.0,1647.0,19.779375076293945,1
29.012843815443976,86.59063144566994,3.790657997131348,0.0,5191.0,11.017999649047852,0
6.6396728437484125,80.64180797117365,46.52021789550781,0.1656,937.0,29.983375549316406,1
27.08164561764383,80.5159539998685,1.073597073554993,0.0468,133.0,21.514249801635746,0
32.7326775754545,74.85548973157456,2.9675211906433105,0.0,335.0,29.56362533569336,1
24.613883700639093,77.3518180746143,1.420864462852478,0.0252,489.0,17.91637420654297,0
7.423902086784754,80.61027710470104,17.574764251708984,0.36,437.0,33.84674835205078,1
20.006873766032125,95.09264662069072,5.180898666381836,0.036,123.0,18.37262535095215,0
25.69159254699728,86.21037458590214,2.185532331466675,0.0684,42.0,22.470748901367188,0
25.13400825014429,68.77407492114223,0.9559096097946168,0.0,15.0,9.760375022888184,0
27.3670403834086,87.87665960641544,43.28047943115234,0.3276,1097.0,20.44750022888184,0
10.215327000657757,77.32971951862497,15.42124366760254,0.09,1624.0,28.54487609863281,0
27.604734607586625,88.64633614184905,12.931674003601074,0.1296,1609.0,36.235626220703125,1
27.51364543777691,89.79034065617526,27.70838737487793,0.3419999999999999,2128.0,17.776750564575195,1
19.204588385784984,84.19159064790034,20.876201629638672,0.216,1214.0,23.169124603271484,1
30.700688402776144,77.8643967757329,19.56295585632324,0.1727999999999999,2070.0,26.84950065612793,1
17.9495521023416,96.14098055725822,9.074196815490724,0.3204,179.0,26.300500869750977,0
6.969803710662337,81.03904298981129,8.537910461425781,0.1475999999999999,774.0,29.414125442504883,1
34.86222378798824,86.40441068727196,3.6901872158050537,0.0,4942.0,9.118124961853027,0
29.135194357141057,86.26050057875601,27.03101348876953,0.0,5224.0,11.478750228881836,0
21.78580752317401,82.45739299190761,2.807636022567749,0.0215999999999999,247.0,14.278875350952148,0
19.022140551580307,95.99868741625367,8.769360542297363,0.3348,369.0,23.038000106811523,0
16.514493435960663,80.65258775458308,6.605278491973877,0.126,162.0,18.47487449645996,1
11.374153717171938,77.8988920826431,31.77674865722656,0.036,416.0,30.86275100708008,1
28.37710608887259,83.49872006925895,48.46435546875,0.1368,1246.0,19.269248962402344,1
25.15987973032694,93.68588488575956,36.11751556396485,0.2087999999999999,1026.0,29.18262481689453,1
25.623679911517847,94.11357279252888,35.20854568481445,0.036,1604.0,30.91687393188477,1
33.248220717010696,75.21337854076779,30.488325119018555,0.0324,717.0,33.29574966430664,1
25.42425391844332,88.27470310880881,1.0583908557891846,0.0504,28.0,13.25737476348877,1
15.37399235124252,73.89096861101544,3.944194793701172,0.162,59.0,15.611624717712402,1
25.90718821518597,91.88188813219074,7.371793270111084,0.2808,580.0,22.581249237060547,1
22.200829184437232,92.21686990163892,11.814127922058104,0.2268,52.0,20.050249099731445,1
27.716574860459502,85.42803180496246,12.950209617614746,0.126,1533.0,20.35312461853028,1
32.47126782777572,76.33285904783753,49.40628433227539,0.0936,1505.0,43.88750076293945,0
28.107611503636736,94.18310239551973,23.76712989807129,0.36,822.0,24.198375701904297,1
13.411802276140248,78.83942818511623,0.982704758644104,0.0576,613.0,29.39987564086914,0
35.75074743551086,68.84791643749686,6.168461799621582,0.0,1235.0,19.36237525939941,1
28.28709489740381,84.20156194755407,13.591626167297363,0.2124,1594.0,21.13075065612793,1
35.36159725443028,89.3111792836259,2.241605997085572,0.0,4796.0,10.800374984741213,0
33.33904039223518,75.19181897394891,28.887371063232425,0.0431999999999999,1231.0,37.430625915527344,1
28.734186414310106,84.82948433115361,31.66626739501953,0.0,4907.0,20.920625686645508,0
30.19430807711797,79.19381356470139,7.91082763671875,0.0612,1695.0,26.644500732421875,1
29.457779375668377,81.46538342365442,20.05926513671875,0.0576,1547.0,22.23575019836425,1
22.201907162778177,93.4277090731036,41.39767456054688,0.2844,1367.0,29.56712532043457,0
20.65123531933106,97.2607305589132,34.06124496459961,0.324,1355.0,29.51074981689453,0
29.308209880862474,80.57928522739893,19.548051834106445,0.2951999999999999,1668.0,23.583749771118164,1
30.56971403435152,71.51348738006472,2.9278037548065186,0.0072,132.0,15.29312515258789,0
25.4940530160194,82.57246717980331,2.322714567184448,0.0,86.0,23.91837501525879,1
35.26457920374537,71.99749965514832,11.54955005645752,0.1727999999999999,1470.0,22.41525077819824,1
28.841984248404444,71.82178918557453,2.899276733398437,0.0,113.0,16.99337387084961,0
23.35211005256481,83.83073739826953,4.34596586227417,0.0576,1092.0,24.93662452697754,0
26.146499406875407,87.44762422671995,1.4308241605758667,0.0396,50.0,21.241125106811523,0
12.546185668362678,92.81487838627729,11.512422561645508,0.36,76.0,20.427749633789062,0
28.5770710711176,77.99725760625418,2.1991069316864014,0.0107999999999999,208.0,18.389625549316406,0
16.019431882882394,74.0936285391128,11.476619720458984,0.0972,998.0,16.04462432861328,0
27.51068099733932,86.02011140872563,27.67424964904785,0.09,1681.0,18.22137451171875,1
24.901703917670982,91.8770372296565,7.741871356964111,0.0,28.0,23.993125915527344,1
26.884914570421653,88.2776675492464,26.81073760986328,0.1188,1505.0,24.125,1
29.90702684925655,69.17831679899602,0.9559096097946168,0.018,1154.0,19.144500732421875,0
29.597377570820548,84.16059877059821,3.60916805267334,0.0,4552.0,11.791625022888184,0
12.936683322369433,77.6178092302421,1.3694429397583008,0.0107999999999999,896.0,21.535999298095703,1
20.84634939904182,82.8309124870445,31.63828659057617,0.2196,833.0,22.50237464904785,0
23.224369619163017,70.61984333542262,0.9559096097946168,0.0144,17.0,14.022624969482422,0
30.056057354891976,70.63682149429248,3.0703866481781006,0.0,128.0,14.134249687194824,1
33.08086457957923,75.29665236760566,20.391563415527344,0.0431999999999999,1736.0,32.09375,1
27.134466556350056,88.45742043759871,26.623090744018555,0.2988,626.0,18.95075035095215,1
28.428310060067403,94.04296521119709,28.094804763793945,0.2592,1435.0,28.22800064086914,0
33.10673605976187,75.48017818015128,41.334808349609375,0.1332,2144.0,32.09375,0
21.58045264922429,85.41213162443354,6.661805152893066,0.3348,650.0,20.796751022338867,0
29.35591042244922,81.3096155533881,10.87741470336914,0.072,1288.0,22.23575019836425,1
25.617212041472182,96.30052135171783,18.480607986450195,0.0504,348.0,22.85300064086914,1
20.081793260727693,94.56228127694656,4.1748528480529785,0.0792,106.0,20.52025032043457,0
30.71146818618558,69.32519134794956,1.4660917520523071,0.0,1532.0,21.613374710083008,0
22.201907162778177,92.22172080417316,12.555501937866213,0.1332,40.0,20.050249099731445,1
26.79732883022,88.13887783784993,30.9231014251709,0.27,543.0,25.722999572753903,1
19.18680174315941,73.01996211153315,12.934622764587402,0.0,37.0,20.756250381469727,1
28.049939662396262,84.94994841075405,29.24886512756348,0.1115999999999999,1122.0,17.9581241607666,1
30.163046705230613,74.10898973047125,1.461371660232544,0.0107999999999999,186.0,15.548624992370604,0
32.5973912936661,85.7215114082843,2.222256898880005,0.0,5163.0,10.050250053405762,0
25.31780355727515,94.0461991462199,21.187475204467773,0.2736,998.0,30.16487503051757,1
23.096090196590747,72.5017240241246,4.149928092956543,0.0324,55.0,22.61662483215332,0
20.43644813489808,78.72704894307289,1.397850513458252,0.0036,248.0,23.11199951171875,0
25.514534604497324,90.20239787700088,3.561064958572388,0.0576,314.0,23.07149887084961,1
27.56862233316502,85.33990707559033,3.752707958221436,0.0252,1525.0,20.35312461853028,1
30.71982251832789,77.16937024040963,13.535923957824709,0.1404,1130.0,23.18887519836425,1
32.95554959744456,74.96490453318033,4.901901245117188,0.1152,761.0,23.76387405395508,1
30.009973780816644,79.67540038851786,34.324256896972656,0.36,1926.0,23.960250854492188,0
23.420292182629485,94.93930420169151,7.820199012756348,0.3348,470.0,22.772125244140625,0
29.13088244377728,81.66319244921753,20.82883071899414,0.036,1524.0,20.06712532043457,1
32.65506313490658,92.84937369318746,6.1455078125,0.0,5198.0,12.62874984741211,0
34.26017288457134,75.4464913569968,27.8841495513916,0.0,3384.0,22.547250747680664,1
33.96399833539713,74.95978413606085,3.987487316131592,0.0,1587.0,42.79912567138672,1
27.141742910151425,93.66486430811116,9.70457649230957,0.36,987.0,32.55649948120117,1
32.16997288148203,77.17880255089288,9.62625789642334,0.0576,1621.0,43.63387298583984,1
17.430236036592103,73.5096337729067,4.147446155548096,0.09,106.0,20.29487609863281,1
25.82849579629709,91.87676773507124,13.074721336364746,0.3276,607.0,22.581249237060547,1
33.46462486895509,85.66599552372571,4.468042373657227,0.0,5683.0,9.581125259399414,0
14.761161664416182,76.58537547420353,1.374987006187439,0.0072,576.0,20.85587501525879,0
21.838628461880244,97.10577117240258,2.2696681022644043,0.36,681.0,25.67962455749512,0
29.987875224827302,93.03613344075592,8.112741470336914,0.1043999999999999,3803.0,15.278124809265137,0
30.15118894348024,87.46756682602741,40.3870964050293,0.0,5343.0,10.356249809265137,0
30.65244887201893,80.97301681642851,18.54044914245605,0.0,4777.0,13.851374626159668,0
30.73329724758968,78.4400372097967,36.66910171508789,0.162,1455.0,26.933250427246094,1
27.34009092488501,87.19645527328014,6.57245397567749,0.1656,474.0,16.873001098632812,1
21.558893082405422,94.73960871403176,0.0,0.0863999999999999,305.0,14.002124786376951,0
25.83765861219512,94.5234740566726,1.4287465810775757,0.2051999999999999,798.0,29.67399978637696,1
33.91521981546944,93.4508856074339,1.1518386602401731,0.0,4519.0,12.125499725341797,0
13.6061078720953,76.69829370541736,13.463059425354004,0.1764,836.0,22.14999961853028,0
35.85342487248572,71.77678358984015,16.07718849182129,0.0,1732.0,28.333250045776367,1
33.93731837145878,87.01778036326877,3.581959724426269,0.0,4913.0,9.509624481201172,0
34.92851945595626,94.8961850680538,15.92904567718506,0.0,4332.0,13.826125144958496,0
15.715711485321584,73.8049998383252,4.836118698120117,0.18,20.0,13.773624420166016,1
27.6661793730204,86.03331664340219,20.25434684753418,0.2736,1821.0,18.22137451171875,1
30.69341204897478,77.42646807472464,11.02049160003662,0.0396,1653.0,23.50950050354004,1
30.79797594804629,71.29681373353509,0.9559096097946168,0.0252,142.0,14.260000228881836,0
33.36437288324735,75.19990381150599,37.78330993652344,0.2051999999999999,1879.0,37.430625915527344,1
12.896798123754529,74.85980164493834,5.86387300491333,0.0,66.0,29.38312530517578,1
22.886153914692017,87.20480960542245,1.4106451272964478,0.0576,58.0,16.880374908447266,0
27.11614092455402,93.79556918195055,15.731528282165527,0.36,158.0,20.94824981689453,1
22.90744398692565,89.32654047498436,3.5358312129974365,0.0,1.0,25.50724983215332,0
27.7766721529671,85.88886754571577,26.60040664672852,0.0612,875.0,22.45800018310547,1
28.00789850709947,86.19177945952087,21.802221298217773,0.2376,2679.0,17.355375289916992,1
33.235554471504614,75.24490940724039,35.88530731201172,0.0252,734.0,33.29574966430664,1
28.29248478910853,83.87089209146967,27.200151443481445,0.2231999999999999,1241.0,20.78762435913086,1
33.148777215058665,75.55267222357973,30.329317092895508,0.0792,1048.0,43.89250183105469,1
28.312966377586456,84.98956411478372,15.301746368408203,0.1296,3833.0,36.63087463378906,1
28.034039481867342,68.31350867497416,2.886837959289551,0.0036,53.0,10.477624893188477,0
30.10968677735391,74.14213756445525,4.408073425292969,0.0431999999999999,187.0,15.548624992370604,0
19.170632068045265,73.02238756280028,20.160118103027344,0.0,32.0,20.756250381469727,1
27.05227070785312,90.49965040451605,23.0627670288086,0.36,1548.0,22.848249435424805,1
28.233195980356644,83.95335743455185,18.686038970947266,0.3528,1081.0,14.130374908447266,1
27.896866737982297,92.79843921657788,56.77301406860352,0.0,4495.0,43.88362503051758,0
31.712640570336784,78.09185020567197,15.59535026550293,0.0,4963.0,28.045000076293945,0
31.94009400027585,97.1712583566149,40.28819274902344,0.0684,4420.0,16.073875427246094,0
34.1027880467936,94.32297008525713,16.173248291015625,0.0,4779.0,12.677624702453612,0
20.93932503094819,96.90957911435088,1.400322437286377,0.0107999999999999,937.0,18.012374877929688,0
19.109456797196724,72.89303016188707,2.86560320854187,0.0,17.0,28.17387580871582,1
30.653796344945107,78.33655128906612,29.269678115844727,0.0972,1008.0,26.933250427246094,1
30.43119381754029,87.99712368601587,15.02042293548584,0.0,5501.0,10.357999801635742,0
25.929286771175303,87.74460725964987,2.329780101776123,0.0215999999999999,39.0,21.119125366210938,0
22.34743423880554,91.81235852919988,1.4076659679412842,0.0,36.0,25.919750213623047,1
30.23931367285236,77.95575544012786,10.016657829284668,0.2808,747.0,21.530250549316406,1
14.291432602350085,75.18696807141467,2.956958293914795,0.1404,680.0,13.307250022888184,0
27.31718388513997,86.50008126503069,18.967470169067383,0.2196,1717.0,16.331748962402344,1
25.49162756475228,91.26986592912012,11.50858211517334,0.1152,1491.0,20.0314998626709,1
15.029578271311095,74.02517691446289,2.197380304336548,0.2772,19.0,16.29224967956543,1
29.479877931657715,80.9398689824445,24.51527404785156,0.1512,1638.0,22.530500411987305,1
26.877907711205523,73.35467438639608,2.1425621509552,0.036,317.0,22.4997501373291,0
10.060367614147138,76.63496247788693,2.91027569770813,0.0936,21.0,34.6870002746582,1
31.097653926828563,93.50559300823676,21.09342384338379,0.0,5121.0,19.13312530517578,0
33.000016204008475,74.92771428041777,32.018550872802734,0.2376,968.0,33.30787658691406,1
31.012763132479268,93.15956196079394,42.48484802246094,0.0,5303.0,16.3802490234375,0
32.45267270139445,84.4602767493805,6.661805152893066,0.0,5042.0,10.436249732971191,0
10.96290498010202,77.59463269591181,0.0,0.0072,269.0,28.90124893188477,1
30.74677197685148,78.45162547696184,19.762216567993164,0.036,1174.0,26.933250427246094,1
26.8859925487626,88.17040870432253,2.190873622894287,0.2916,1456.0,25.722999572753903,1
25.61667305230172,96.316691026832,3.5621349811553955,0.0,269.0,22.85300064086914,1
27.248462765904826,86.6445303627171,34.27000427246094,0.3348,736.0,13.030500411987305,1
26.21468153694008,97.22569626283254,31.503549575805664,0.36,1546.0,31.575374603271484,0
32.56181800841497,75.28775904629288,4.527739524841309,0.0,507.0,24.113750457763672,0
7.961813278915524,81.20316519221993,1.9298763275146484,0.324,55.0,27.046749114990234,0
23.44212124403359,75.05841915425717,1.4138213396072388,0.0324,502.0,18.146625518798828,0
35.0497920193124,84.54732350041168,0.0,0.0,4977.0,10.399250030517578,0
18.3298089621094,82.95649696376441,5.803797245025635,0.0684,1039.0,19.94474983215332,1
30.36489814957227,78.06409226339268,3.454517841339112,0.0,776.0,26.523876190185547,1
34.992659167242394,72.36616824775096,23.19085693359375,0.198,1541.0,22.688751220703125,1
28.34665320074094,85.00573378989786,53.86978530883789,0.0,4993.0,24.37874984741211,1
29.38339887014328,81.31662241260423,44.10211563110352,0.0863999999999999,1767.0,22.23575019836425,1
28.263109879317824,84.24602855411798,27.869823455810547,0.36,1906.0,21.13075065612793,1
31.270938945135217,72.20716644246181,3.4846959114074707,0.036,153.0,20.22599983215332,0
28.46253587239236,96.81067460156932,31.59242820739746,0.0648,3945.0,26.16575050354004,0
30.78638768088115,78.61601717395571,26.85092163085937,0.036,1552.0,43.89137268066406,1
18.82028910723865,97.15940059486452,35.59574508666992,0.0576,1004.0,25.38712501525879,1
30.185684250390423,87.04311285428093,2.2108359336853027,0.0,4995.0,10.020625114440918,0
24.66050626388489,76.76836229757868,1.4211547374725342,0.0107999999999999,325.0,19.592374801635746,0
29.26751619849186,80.94984028209822,24.4731388092041,0.162,653.0,22.530500411987305,1
28.84252323757492,81.70981501246334,23.38501167297364,0.072,1347.0,20.214500427246094,1
12.844516174218771,75.24760435309274,12.681356430053713,0.0324,54.0,29.50749969482422,1
25.61613406313124,94.1168067275517,12.823233604431152,0.0863999999999999,1577.0,30.91687393188477,1
34.29682414816342,90.89796340149464,3.95699954032898,0.0,4858.0,10.265000343322754,0
16.51206798469354,80.62968071483803,3.0335488319396973,0.0,22.0,18.47487449645996,1
16.797193255873076,77.03893486115548,1.3821735382080078,0.0107999999999999,369.0,19.55649948120117,0
21.473193804300426,80.30305327753217,3.078946828842163,0.0252,302.0,20.71162414550781,0
31.53477414408112,94.76197676460636,20.05756378173828,0.0,4857.0,20.48737525939941,0
33.166294363099,75.30985760228222,22.850425720214844,0.1224,933.0,32.09375,1
24.953985867206743,86.33946249223011,2.1079142093658447,0.0144,91.0,13.131500244140623,0
8.584615265395588,76.97937655781836,20.30157852172852,0.0612,118.0,24.681625366210938,1
22.349590195487423,91.81370600212608,11.377778053283691,0.0,42.0,25.919750213623047,1
33.13287703452975,75.43921500319543,47.43462753295898,0.2484,1025.0,32.09375,1
27.02100933596576,89.90703181158239,26.434755325317383,0.2231999999999999,1611.0,23.745500564575195,1
34.78083642324701,89.2149697166967,3.092180013656616,0.0,4969.0,5.938374996185303,0
33.57916006768033,73.08679676867165,4.47152042388916,0.0,488.0,25.45425033569336,1
32.33948497559539,78.48180887050825,40.72891616821289,0.0,5973.0,13.711000442504885,0
30.92086547891384,77.02060922935944,12.932917594909668,0.1043999999999999,1287.0,24.901750564575195,1
33.611768912493865,73.04394712961914,3.569373369216919,0.0,506.0,25.45425033569336,1
25.13912864726377,93.55787495777253,24.58253288269043,0.36,1223.0,29.18262481689453,0
28.57626258736189,82.39082782935435,31.60063743591309,0.3132,1501.0,18.632625579833984,0
28.419686233339856,83.14217873299192,57.44198989868164,0.306,2658.0,18.23649978637696,1
33.336884435553294,75.19154947936369,15.857049942016602,0.036,1194.0,37.430625915527344,1
26.87709922744981,87.32150076082958,19.23710823059082,0.234,1023.0,21.97212600708008,1
21.444088389094947,92.11176701339691,7.327095031738281,0.1296,15.0,18.75012588500977,1
33.337692919309,75.19208846853415,30.071733474731445,0.0396,1226.0,37.430625915527344,1
33.06765934490267,75.14654388362929,31.65357208251953,0.072,1712.0,33.29574966430664,1
33.20564057254343,68.72394892828837,2.86560320854187,0.0,2149.0,23.006999969482425,0
27.10347467904793,93.68857983161192,2.8731849193573,0.0,146.0,32.55649948120117,1
6.620538728196666,80.17207890910754,6.39497709274292,0.2448,15.0,29.313751220703125,1
24.456768357446588,80.81859641908837,3.2889211177825928,0.018,310.0,18.222373962402344,0
33.81604580810264,95.26539264982692,2.2304060459136963,0.0,4452.0,14.811249732971191,0
17.61645679499008,79.81877150786333,3.1541318893432617,0.018,204.0,20.79825019836425,0
34.53370988858573,82.05638504907665,1.911287426948548,0.0,5245.0,11.060375213623049,0
34.07853353412237,74.38360471282658,10.249446868896484,0.27,2699.0,43.8853759765625,1
21.777183696446468,92.19908325901336,4.334766864776611,0.0,20.0,19.425874710083008,1
27.72223424674946,83.47635201868438,24.14752197265625,0.36,386.0,21.55037498474121,1
31.83283515535198,79.0315778243894,27.66195297241211,0.0,4792.0,15.555749893188477,0
12.632423935638151,75.65534966055459,17.479887008666992,0.36,264.0,27.536624908447266,0
19.641978097622776,82.35417656576227,4.0534772872924805,0.1008,634.0,16.22599983215332,1
29.55803136137612,91.3922164708172,27.811325073242188,0.0,4335.0,12.63337516784668,0
34.70187450977291,71.67168070159816,28.44477844238281,0.1764,1276.0,19.59262466430664,0
33.18758443533263,85.37143794206293,2.2261316776275635,0.0,5062.0,9.743124961853027,0
33.18030808153126,75.80788359579809,5.12103271484375,0.0,1075.0,43.891876220703125,1
30.11884959325193,97.53184211166048,25.463836669921875,0.0,4518.0,17.29800033569336,0
33.81523732434694,78.2958576066955,30.48615837097168,0.0,5675.0,13.597000122070312,0
8.329403893177233,77.19631969893322,4.787228107452393,0.1944,29.0,24.67850112915039,1
22.173879725913647,70.27300380422406,1.406726598739624,0.018,137.0,16.428125381469727,0
25.42829633722185,78.95908378096095,2.86560320854187,0.018,220.0,16.8072509765625,0
11.809926461498318,78.22525002536372,19.33118057250977,0.324,1368.0,32.166748046875,1
26.66851041847726,85.974836318406,2.3421692848205566,0.0252,70.0,20.082624435424805,0
30.07007107332424,78.30259497132641,2.919275045394897,0.36,468.0,24.33387565612793,1
15.345425925207518,73.89770597564633,2.2000465393066406,0.0288,10.0,15.611624717712402,1
23.09150878864174,76.34929821753693,2.1751441955566406,0.0215999999999999,467.0,22.14837455749512,0
19.0175591436313,72.85610940370975,1.911287426948548,0.0,13.0,28.17387580871582,1
27.77721114213757,85.84170599329948,20.146020889282227,0.27,1837.0,22.45800018310547,1
30.914128114282946,76.81794930126208,3.627229928970337,0.018,431.0,24.114500045776367,1
22.516407343748423,84.58154931273663,1.0347753763198853,0.0756,386.0,15.277125358581545,0
30.454100857285336,78.39098919528377,30.73098564147949,0.0252,1135.0,26.718374252319336,1
26.145421428534465,91.7937634028186,6.537227153778076,0.0036,77.0,26.14287567138672,1
20.907255175305124,81.66130598712088,1.4001625776290894,0.018,303.0,18.96249961853028,0
24.570764567001355,86.14084498291129,2.308272123336792,0.1908,368.0,14.966249465942385,0
33.20348461586154,86.95903054368735,18.01641082763672,0.0,5410.0,9.77037525177002,0
24.787438213530983,82.66140039293114,0.0,0.0396,287.0,18.371875762939453,0
25.06663460383533,93.9311249583242,0.9559096097946168,0.2664,984.0,30.600000381469727,1
27.50017070851512,86.86686339553668,34.55886459350586,0.3455999999999999,2549.0,31.72599983215332,1
24.45110897115664,81.6914893806673,1.419857144355774,0.0072,270.0,16.7760009765625,0
25.64928189711525,86.47852169821182,2.3252153396606445,0.0072,39.0,21.683374404907227,0
29.73778424972843,68.37899585918646,25.111003875732425,0.0,670.0,20.23550033569336,0
35.4842172907126,80.97786771896276,6.173986434936523,0.0,5314.0,61.630001068115234,0
21.30610716145419,95.1419641297889,1.4021748304367063,0.0,53.0,21.283750534057617,0
33.94728967111251,76.97344767694317,12.17678165435791,0.0,4493.0,13.949000358581545,0
6.936655876678326,80.69516789905035,7.703627109527588,0.1727999999999999,1383.0,30.27562522888184,1
27.36218948087436,90.92599083835916,52.23136138916016,0.36,2612.0,22.683500289916992,0
28.36767377838933,69.04922889266804,2.1718881130218506,0.0,65.0,10.882749557495115,0
30.15011096513929,78.7752884738301,31.2316951751709,0.0468,1620.0,26.500375747680664,1
15.750206792231774,97.7568700903324,1.911287426948548,0.306,27.0,24.13224983215332,0
28.407558977004243,71.72369315654868,4.442439079284668,0.0,109.0,15.690999984741213,0
27.86856980653253,83.66068631498571,5.474238395690918,0.2448,1125.0,22.87612533569336,1
29.142470710942423,81.88336952535523,27.484363555908203,0.072,3088.0,23.56387519836425,1
26.238397060440835,77.5682222265587,0.9559096097946168,0.0431999999999999,186.0,16.735750198364258,0
23.9668272014878,79.69695995533672,18.21621894836425,0.0288,358.0,25.16962432861328,0
12.128738555832337,77.64960959129992,30.620925903320312,0.2268,1140.0,29.59512519836425,0
35.327640936690564,73.4772944226784,10.527080535888672,0.0,3819.0,26.762374877929688,0
34.08877432836133,74.02275146319577,22.986791610717773,0.0107999999999999,1391.0,43.88800048828125,1
29.05219002488841,87.59234281899161,31.27755546569824,0.0,4734.0,11.938875198364258,0
31.10304381853328,77.20359605273458,51.58173751831055,0.0576,2249.0,20.71199989318848,1
33.22154075307235,75.2691639199116,20.36172866821289,0.0072,738.0,32.09375,1
27.10643911948553,93.65974391099168,14.982524871826172,0.3024,244.0,32.55649948120117,1
34.81991313810621,71.19063286695216,22.271949768066406,0.0648,1614.0,23.215625762939453,0
29.97574796849169,84.78959913253871,7.679043769836426,0.0,5774.0,9.905875205993652,0
20.190938567748216,80.66202006506633,7.093684673309326,0.36,416.0,19.12987518310547,0
6.737499378189028,80.95684714131436,3.459303379058838,0.1944,560.0,26.82437515258789,1
28.552277569275898,82.53985833498977,36.5721549987793,0.2196,2299.0,20.585250854492188,0
25.38005680646464,91.88000167009407,41.28709030151367,0.2916,1305.0,27.00137519836425,1
22.411843444676908,84.7354307209063,9.68775463104248,0.0,297.0,14.45224952697754,0
21.15842412874494,78.26432674022291,2.049335241317749,0.0144,438.0,21.8125,0
26.871170346574623,88.30515599694046,32.67588806152344,0.0936,1149.0,24.125,1
33.694234255576035,73.0399047108406,2.9867303371429443,0.0252,548.0,25.45425033569336,1
32.90569309917592,81.29775779163772,1.911287426948548,0.0,4517.0,11.223625183105469,0
27.78987738764366,86.34997278105432,14.64948844909668,0.0144,4139.0,24.396625518798828,1
34.498945087090306,73.05499640761381,6.913403511047363,0.0,1181.0,21.82062530517578,1
27.28726998617879,88.28170996802494,19.062129974365234,0.36,572.0,21.368125915527344,1
32.24623984910378,78.06624822007456,24.102170944213867,0.0,4120.0,14.744250297546388,1
20.61593152866516,78.88146934041303,3.516726016998291,0.0215999999999999,219.0,22.967248916625977,0
27.098623776513687,93.81605077042848,13.997483253479004,0.3024,214.0,20.94824981689453,1
29.79869002599173,80.41704948708694,34.386497497558594,0.0576,739.0,27.50550079345703,1
28.374141648435,83.52135761441876,26.64531707763672,0.1692,1837.0,18.731874465942383,1
26.88248911915453,88.280631989684,21.604570388793945,0.0468,1614.0,24.125,1
31.793488945907544,90.45626177629306,3.0777010917663574,0.0,4621.0,12.422874450683594,0
33.35413208900839,75.17241536381194,42.82427215576172,0.0468,1331.0,37.430625915527344,1
30.52282197652048,71.69539622509892,0.0,0.0215999999999999,130.0,15.29312515258789,0
24.530879368386447,92.51196647247215,15.857540130615234,0.3419999999999999,62.0,25.887624740600582,1
31.02947179676389,70.98258304715007,0.9559096097946168,0.0215999999999999,148.0,17.785499572753906,0
25.11756908044491,92.85718903615933,9.09144115447998,0.0,151.0,28.253623962402344,1
7.418512195080037,80.60839064260439,14.677940368652344,0.2051999999999999,472.0,33.84674835205078,1
35.99787397017214,71.56064893248099,30.27416229248047,0.0468,2385.0,39.996376037597656,1
22.32264073696384,78.4400372097967,7.03477668762207,0.1404,646.0,27.98500061035156,0
6.9733071402704025,81.08350959637521,13.745553970336914,0.3168,869.0,29.414125442504883,1
16.2832670818283,80.26101212223537,21.95035171508789,0.0648,192.0,24.05425071716309,1
22.190857884783508,92.21336647203084,8.417112350463867,0.0828,14.0,20.050249099731445,1
28.3665958000484,82.16660833443812,40.4240608215332,0.126,1273.0,18.456375122070312,1
18.83026040689238,73.41396319514797,4.768948078155518,0.2412,634.0,20.07525062561035,0
15.20151581669157,74.99454893755627,3.4815428256988525,0.0144,558.0,13.394874572753906,0
23.43646185774364,94.89888001390617,7.788979053497314,0.3419999999999999,453.0,22.772125244140625,0
31.57573732103697,93.17465365756716,18.94875144958496,0.0,4979.0,17.719375610351562,0
33.99391223435831,90.75755672258674,31.87637710571289,0.0,5628.0,10.6899995803833,0
24.98174380948604,93.51421683496432,6.743279457092285,0.2376,1249.0,29.5783748626709,1
22.58324200088692,75.34839532797095,1.4089581966400146,0.0072,570.0,19.600875854492188,0
9.89570642256803,76.9346404566692,11.06971836090088,0.3024,745.0,25.98575019836425,1
33.09757324386385,75.5788131983476,26.787660598754883,0.0792,1071.0,43.89250183105469,1
31.65389075075537,97.07720474636758,19.184648513793945,0.1692,3862.0,16.858875274658203,0
30.308573781257973,88.22969751307441,2.208420991897583,0.0,5068.0,10.356749534606934,0
31.572772880599377,77.8560424435906,52.22369003295898,0.1548,1654.0,43.8797492980957,1
17.465539827258002,78.35649388837358,1.911287426948548,0.0288,603.0,26.79800033569336,1
33.57161421929372,80.65393522750925,4.45072603225708,0.0,4708.0,12.32075023651123,0
28.97430608975525,83.87143108064015,18.566139221191406,0.0,3542.0,15.695375442504885,1
27.0641284696035,73.3037399097865,2.146105527877808,0.018,308.0,11.361624717712402,0
30.241469629534247,78.90787980976614,33.099239349365234,0.1944,767.0,26.500375747680664,1
30.94970139953408,93.59802965097268,14.412841796875,0.0,5116.0,22.644248962402344,0
26.663659515943017,94.62210907486892,3.964468479156494,0.306,341.0,29.786624908447266,1
28.058293994538573,82.40187710734902,3.0628550052642822,0.0252,631.0,16.20537567138672,1
16.514223941375427,80.6054262021668,24.58014488220215,0.0,121.0,18.47487449645996,1
32.782534073723134,83.14702963552617,16.213775634765625,0.0,4940.0,10.079625129699709,0
15.884145601093994,79.48621518968228,19.550676345825195,0.018,271.0,28.90812492370605,0
34.05805194564444,76.73009406647519,17.884082794189453,0.0,5345.0,13.437999725341797,0
30.89229905287884,77.09013883235029,28.657787322998047,0.0324,1572.0,24.901750564575195,1
33.70851746859354,75.74643883036431,43.04855346679688,0.0756,3226.0,43.89450073242188,0
27.334162044009823,88.60833740533079,24.78574752807617,0.3204,1449.0,22.061124801635746,1
28.926336053583267,91.63044968416568,28.48912239074707,0.0,4211.0,11.722625732421877,0
25.42587088595473,94.60243597014671,11.736433029174805,0.3168,1335.0,30.542875289916992,1
29.196908617160062,91.8552081682524,32.56037521362305,0.0252,4651.0,12.88312530517578,0
23.731288933991664,92.71866881934808,16.283130645751953,0.054,1024.0,20.777124404907227,1
29.248382082940115,79.53714966629187,2.389441967010498,0.0,488.0,23.82887458801269,1
28.21675681065725,84.00617837325807,20.104904174804688,0.1475999999999999,891.0,14.38474941253662,1
33.89150429196869,92.47181177927204,2.302107334136963,0.0,4565.0,11.42662525177002,0
27.47241276623582,84.28806970941478,1.4401655197143557,0.036,167.0,23.355499267578125,0
19.022140551580307,72.8663501979487,7.292572021484375,0.0,9.0,28.17387580871582,1
28.000352658712863,84.03312783178166,20.410999298095703,0.2196,953.0,14.38474941253662,1
34.29466819148153,75.48314262058888,2.86560320854187,0.0,3479.0,22.547250747680664,1
28.11003695490386,83.68008992512269,35.024864196777344,0.1584,1418.0,15.446000099182127,1
9.598723389638115,76.528781611304,1.9384052753448489,0.0107999999999999,7.0,33.30012512207031,1
30.6063652979436,70.41556643981383,19.978822708129883,0.0,582.0,20.95450019836425,0
33.312090933711595,69.72161788283151,0.9559096097946168,0.0107999999999999,1367.0,19.99175071716309,0
27.44007341600752,92.28316556960694,7.136906147003174,0.36,2612.0,23.242374420166016,1
35.27293353588769,72.98304135335584,30.330257415771484,0.0,3716.0,27.64212417602539,1
33.175457178997014,75.8103090470652,46.3269157409668,0.0576,1062.0,43.891876220703125,1
30.248476488750377,78.88470327543585,30.516834259033203,0.3455999999999999,917.0,26.500375747680664,1
28.107072514466264,84.30801230872223,1.4448875188827517,0.018,484.0,15.284749984741213,1
34.864379744670124,70.33741301009543,5.900712013244629,0.0072,1116.0,21.40024948120117,0
29.36938515171101,82.56438234224625,12.217351913452148,0.0,5329.0,8.773500442504883,0
35.3489310089242,84.27755942059058,2.2415101528167725,0.0,4850.0,10.623125076293944,0
30.720361507498364,73.35278792429943,1.911287426948548,0.0252,177.0,13.00837516784668,0
19.747889469620468,73.0075653606123,3.039695501327514,0.0684,26.0,13.825124740600586,0
6.973037645685167,81.08539605847186,8.654237747192383,0.1008,837.0,29.414125442504883,1
30.32986385349161,79.32047601976224,35.187294006347656,0.18,923.0,21.964250564575195,1
24.27836294202045,97.0367805585822,3.6766088008880615,0.3492,189.0,23.113500595092773,0
16.070096864906738,74.59893088643004,5.61720609664917,0.018,771.0,22.691875457763672,0
6.5868519050421845,80.1604906419424,7.837208271026611,0.2304,21.0,29.313751220703125,1
22.49457828234432,79.4899881138756,3.640859603881836,0.0144,564.0,24.6721248626709,0
27.35787756751058,85.97510581299125,20.20745086669922,0.0215999999999999,529.0,19.43199920654297,1
33.31532486873442,97.57576972905392,4.947067737579346,0.0,4278.0,14.763375282287598,0
29.204723960131908,74.61456157237372,3.067067623138428,0.0036,187.0,19.928625106811523,0
34.58464436519531,73.37300001819212,30.41901206970215,0.234,1218.0,30.16962432861328,1
23.21358983575358,75.33680706080581,0.0,0.0324,531.0,20.043249130249023,0
31.20356529882625,92.77553217683284,12.809374809265137,0.0,5215.0,15.248374938964844,0
33.54520374994061,73.70609532554364,6.023215293884277,0.036,529.0,31.75074958801269,1
23.20227106317368,74.52535886466065,3.6546051502227774,0.036,422.0,17.726625442504883,0
27.43118009469473,70.86696987008389,2.8779125213623047,0.0144,125.0,15.43862533569336,0
20.00363983100929,96.93841503497111,3.0492451190948486,0.0396,900.0,29.40687561035156,0
27.16950085243072,88.366331267789,23.45208168029785,0.2304,1583.0,18.95075035095215,1
30.504226850139204,79.48756266260847,22.763612747192383,0.108,1489.0,43.886749267578125,1
31.430210245009608,87.06548090485552,7.918682098388672,0.0,4871.0,10.630249977111816,0
22.298386224292614,94.60108849722052,1.4073995351791382,0.36,597.0,19.323875427246094,0
29.37558352717144,93.07682712312652,9.32838249206543,0.0,5225.0,18.573625564575195,0
28.00223912080952,85.13293523412919,18.60775756835937,0.1404,1379.0,17.88974952697754,1
34.525625051028655,73.34470308674236,26.685766220092773,0.0576,1050.0,30.16962432861328,1
28.265535330584942,83.81887963651916,20.43521499633789,0.2412,1635.0,20.78762435913086,1
35.07485501573933,68.68702817011105,27.118986129760746,0.0,3413.0,18.771625518798828,0
6.959293421838138,80.79488089558761,3.93720006942749,0.1404,1923.0,29.14525032043457,1
29.73239435802371,81.05952457828921,23.907432556152344,0.1008,3800.0,43.78237533569336,0
34.08769635002039,74.02248196861053,6.957282543182373,0.0756,1391.0,43.88800048828125,1
14.488433144157495,79.27385345651643,4.116012096405029,0.0,93.0,32.26374816894531,0
30.33498425061109,78.51118378029896,18.36509132385254,0.0,1482.0,27.67462539672852,1
21.438429002804995,92.00828109266637,7.214054107666016,0.0324,10.0,18.75012588500977,1
33.36006096988358,75.1729543529824,41.469520568847656,0.2087999999999999,1364.0,37.430625915527344,1
31.06585356577073,83.55073252420948,27.463165283203125,0.0,5925.0,10.557374954223633,0
28.182261503747068,80.90483468636384,0.9559096097946168,0.072,140.0,21.779125213623047,0
23.978145974067708,93.2088794698921,22.65928649902344,0.3564,942.0,25.92762565612793,0
9.990299021985816,76.78992186439754,3.8183305263519287,0.1224,52.0,25.98575019836425,1
20.785713117363752,79.83898360175603,2.797450065612793,0.072,223.0,24.203125,0
32.888175951135594,69.169153983098,13.117508888244627,0.0,2333.0,18.76625061035156,0
28.746583165230952,97.61646341142452,25.669464111328125,0.0,4735.0,24.123624801635746,0
33.18758443533263,81.44705779185838,0.9559096097946168,0.0,4544.0,10.94925022125244,0
25.34340554287256,92.2896334396526,2.114645004272461,0.0576,1201.0,19.67462539672852,1
26.079125760566445,77.22219117911585,13.576774597167969,0.2304,309.0,16.728500366210938,0
27.57994110574493,91.8568251357638,26.404130935668945,0.1043999999999999,2757.0,18.176000595092773,1
28.24828767712985,83.97437801220025,22.663599014282227,0.0612,943.0,14.130374908447266,1
34.11895772190775,73.8764159034127,33.569942474365234,0.09,1145.0,43.83812713623047,1
31.66790446918764,69.45454874886276,12.250723838806152,0.0,1289.0,21.842374801635746,0
35.451877940484295,68.55389784500454,34.83303451538086,0.0,2798.0,26.559999465942383,0
27.72762413845418,88.04455473301738,37.07888412475586,0.0,5522.0,12.770000457763672,1
22.63444597208173,78.5273534554131,2.173482179641724,0.1512,419.0,28.151874542236328,0
32.34918678066388,77.21814876033733,2.455366849899292,0.0,3333.0,21.578248977661133,1
27.81871330826389,85.77352386323481,21.641611099243164,0.2231999999999999,995.0,22.45800018310547,1
31.25692522670296,75.36483449767033,3.351145505905152,0.0,225.0,24.09862518310547,0
34.930675412638145,97.23351160580438,0.0,0.0,4291.0,14.034625053405762,0
26.99190392076029,88.42292513068853,30.335561752319336,0.2556,269.0,24.125,1
19.69156510130617,76.89421626888382,3.5097689628601074,0.0107999999999999,462.0,24.75912475585937,0
27.711454463340026,83.90727386047651,23.81353187561035,0.1692,902.0,22.5989990234375,1
24.984977744508868,92.84101936104516,13.23172092437744,0.36,262.0,33.76937484741211,1
30.45275338435916,78.10451645117806,30.05643653869629,0.1656,2065.0,26.523876190185547,1
27.0679013937968,88.45607296467253,19.64296531677246,0.2592,1085.0,18.95075035095215,1
33.62308768507377,72.97926842916253,0.0,0.0,579.0,20.70499992370605,1
26.8221223320617,97.69111341153486,6.39281177520752,0.36,487.0,25.20612525939941,0
30.150380459724527,75.90840507609106,1.105433702468872,0.0324,239.0,15.81162452697754,0
28.698343634473733,84.13364931207464,28.821626663208008,0.0,5189.0,13.767999649047852,0
27.583983524523465,91.8770372296565,20.75433921813965,0.1368,2724.0,18.176000595092773,1
29.53350735411965,89.35834083604217,22.983131408691406,0.0,5278.0,11.718250274658203,0
30.833549233297425,80.10201031694622,35.04899597167969,0.0,5053.0,15.290249824523926,0
27.5203828024078,89.74668253336705,30.604921340942383,0.3132,2584.0,39.63362503051758,1
23.33944380705873,84.33954317519483,2.86560320854187,0.036,626.0,23.29874992370605,0
30.071149051665184,80.2386440716608,18.25547409057617,0.0612,2128.0,42.509498596191406,1
35.22280754303382,72.42572655108809,34.42348861694336,0.2124,2987.0,24.951875686645508,1
33.08302053626112,74.83339117558523,1.14082133769989,0.0288,517.0,33.30787658691406,1
26.52486980454655,77.38442691942784,3.8183305263519287,0.018,250.0,18.65687561035156,0
31.581396707326924,78.78984118143283,32.75078201293945,0.0,4897.0,15.280625343322754,0
33.413690392345515,86.58389408103903,8.879369735717773,0.0,5409.0,10.008999824523926,0
22.628247596621303,76.68697493283744,4.340682506561279,0.0215999999999999,311.0,22.46700096130371,0
27.0926948956385,85.55011285207429,3.059522867202759,0.036,144.0,16.704500198364258,1
20.19444199735628,97.45880907906157,12.390789031982422,0.2412,1176.0,25.073375701904297,0
30.40532233735765,79.34257457575158,28.18583106994629,0.162,1057.0,21.964250564575195,1
13.125599026619769,92.99705672589673,6.162108898162842,0.2736,221.0,19.39287567138672,0
17.23862538648941,78.49663107269622,0.9559096097946168,0.0828,580.0,22.15887451171875,0
10.237964545817569,77.63775182954954,25.821144104003903,0.306,926.0,32.25175094604492,1
30.624690929739632,91.1065522104672,22.04804229736328,0.0,4941.0,15.49262523651123,0
19.41587214060989,96.83277315755866,12.021658897399902,0.36,1075.0,26.398500442504883,0
33.02993010296965,74.94819586889571,19.44822120666504,0.1944,1761.0,33.30787658691406,1
34.43157144078134,95.42789788472416,2.5059194564819336,0.0,4242.0,13.796250343322754,0
28.855189483081,90.37487441155184,17.460205078125,0.0,4729.0,11.6587495803833,0
29.42813497129243,74.94711789055476,1.455264449119568,0.018,198.0,20.43400001525879,0
33.773196169050145,80.25750869262731,19.02867889404297,0.0,4696.0,8.090499877929688,0
31.95060428910005,90.5220184550906,5.26959753036499,0.0,4655.0,11.806625366210938,0
7.284034397047345,80.56715797106331,2.1505913734436035,0.306,539.0,33.84674835205078,0
24.6109192602015,92.56209246532605,4.9449238777160645,0.1008,32.0,25.887624740600582,1
17.897539647391078,73.2961940613999,20.516357421875,0.2051999999999999,206.0,18.65812492370605,1
30.82223046071752,69.38663611338333,4.895960807800293,0.0,2044.0,21.418750762939453,0
35.15947631550339,79.46465562286342,3.503652334213257,0.0,4966.0,10.407625198364258,0
26.879794173302173,87.91708379420082,26.65462684631348,0.1764,638.0,25.038875579833984,1
30.596663492875106,79.5697585111054,52.2700424194336,0.0756,1685.0,40.76750183105469,1
30.683710243906287,79.04801699408878,21.37985038757324,0.1764,2466.0,43.8447494506836,1
34.53829129653474,74.24939640937913,19.083301544189453,0.0,1650.0,43.11225128173828,1
28.069882261703714,85.01004570326164,23.37822532653809,0.2664,1608.0,17.88974952697754,1
30.678589846786807,78.3476005670608,43.15528106689453,0.0288,970.0,26.933250427246094,1
24.900625939330045,91.8643709841504,0.9559096097946168,0.0,19.0,23.993125915527344,1
19.87455192468132,84.80819425891998,19.87223052978516,0.1512,181.0,18.745500564575195,0
22.63687142334885,92.14518434196616,2.07068395614624,0.108,36.0,22.434375762939453,1
24.99737449542972,94.00873939887212,9.989313125610352,0.2016,805.0,28.209625244140625,0
31.44152901758952,71.69863016012175,2.215040922164917,0.0072,168.0,20.79024887084961,0
27.951304644199936,85.68459065010698,16.12391471862793,0.36,2769.0,21.78300094604492,1
27.48966041969092,85.05127837480272,55.76324844360352,0.3132,822.0,20.772125244140625,1
11.350168699085946,76.79180832649419,17.61380386352539,0.0144,1747.0,29.43812561035156,1
30.75836024401661,86.09476140883596,24.09193992614746,0.0,4860.0,10.968250274658203,0
29.51922414110215,80.46879244745222,9.53392219543457,0.0684,2000.0,29.013750076293945,1
15.951788741988196,73.99580200467219,35.69470977783203,0.2448,703.0,15.024999618530272,1
26.114699045817577,94.38630131278757,4.356317043304443,0.2664,350.0,30.54987525939941,1
34.91881765088777,68.90936120293063,22.278478622436523,0.0396,2315.0,22.9163761138916,0
30.900922879606387,77.46689226251002,14.633821487426758,0.36,2476.0,29.55062484741211,1
34.89941404075079,85.81852945896921,0.9559096097946168,0.0,5023.0,9.5600004196167,0
32.42895717789369,80.6978628449027,33.06523895263672,0.0,5056.0,11.884124755859377,0
21.003464742234325,70.78342654866078,2.16792368888855,0.1332,129.0,17.500375747680664,0
28.94951258791355,77.53076247921092,1.0923789739608765,0.0288,227.0,19.168624877929688,0
12.309030433355124,79.22776988244111,3.0842411518096924,0.0468,163.0,32.6978759765625,0
27.60257865090474,94.7654801942144,1.911287426948548,0.2087999999999999,115.0,22.59987449645996,0
20.69192900170168,93.2592749573312,1.3990967273712158,0.1656,8.0,18.575000762939453,0
26.319514930596828,71.10223864299479,1.066439867019653,0.0,266.0,15.928999900817873,0
28.303534067103204,95.41118922043952,41.696407318115234,0.3168,1828.0,27.30762481689453,1
33.00864003073602,74.94253648260575,36.2971305847168,0.1368,1475.0,33.30787658691406,1
31.581396707326924,78.41281825668787,2.94580078125,0.0,2222.0,28.33712387084961,1
28.944661685379305,82.24934317210553,22.112382888793945,0.0504,1707.0,22.24625015258789,1
35.91433064874902,77.15993792992637,4.484845161437988,0.0,5901.0,29.87700080871582,0
8.45579685365285,77.0090209621943,1.3591800928115845,0.216,24.0,24.67850112915039,1
33.225583171850886,75.66963287357208,20.66574478149414,0.0648,2048.0,43.89250183105469,1
24.88688171548301,68.27200650884784,2.1821415424346924,0.0396,13.0,16.7966251373291,0
29.14920807557332,81.61656988597173,23.85759735107422,0.2556,1905.0,20.06712532043457,1
25.080109333097123,75.7200283610112,35.65140914916992,0.1043999999999999,351.0,16.67650032043457,1
21.440584959486884,92.11796538885736,12.084941864013672,0.2556,29.0,18.75012588500977,1
29.16807269653983,81.05736862160734,24.35580825805664,0.1332,792.0,18.80262565612793,0
31.100079378095685,77.16451933787539,15.758536338806152,0.1908,1884.0,20.71199989318848,1
27.886625943743333,69.70005831601263,0.9559096097946168,0.0072,68.0,9.001874923706055,0
33.89824165659958,80.9549606792177,0.0,0.0,4524.0,12.04699993133545,0
21.37294181859268,71.69135380632038,2.169133186340332,0.1692,85.0,16.479373931884766,0
35.23709075605132,72.15353701999987,29.07949447631836,0.0431999999999999,2984.0,19.93400001525879,0
27.940524860790504,90.94377748098472,7.181837558746338,0.0215999999999999,4515.0,26.46212387084961,0
24.99252359289547,93.49993362194682,12.353411674499512,0.0,1218.0,28.824249267578125,1
20.13138026441109,96.43607712809148,12.82840633392334,0.36,1263.0,19.74762535095215,0
27.552183163465635,91.75199174210704,23.07225608825684,0.1836,2402.0,18.176000595092773,1
35.33303082839528,82.34447476069379,10.463187217712402,0.0,5236.0,11.420374870300291,0
17.250752642825024,96.78049120802292,1.3839240074157717,0.036,4.0,21.089374542236328,0
24.19643658810875,73.70313088510605,24.840726852416992,0.036,439.0,11.30787467956543,1
27.68315753189026,85.4433929963209,2.359994888305664,0.0396,1344.0,20.35312461853028,1
30.565941110158217,85.78430364664425,22.66457748413086,0.0,5022.0,10.755125045776367,0
27.40827305494969,87.27380021924283,21.80083656311035,0.1224,799.0,17.305500030517578,1
26.1028412840672,91.88054065926455,14.002159118652344,0.1296,133.0,26.14287567138672,1
11.326722670170428,78.49366663225862,5.586136341094971,0.0612,219.0,31.786251068115234,0
29.43136890631526,85.60832368248523,7.680025100708008,0.0,5029.0,11.156749725341797,0
27.76562287497244,84.4694395652785,8.782668113708496,0.0215999999999999,200.0,23.421499252319336,1
26.89057395671161,88.27901502217257,29.49213409423828,0.3384,1485.0,24.125,1
33.519062775172735,70.82412023103139,11.913021087646484,0.0792,1288.0,17.899999618530273,1
28.33398695523485,83.49656411257706,24.10099601745605,0.0612,2195.0,19.269248962402344,1
33.56352938173665,97.77842965715128,9.658790588378906,0.0504,4520.0,15.545625686645508,0
34.356651946085776,94.78784824478898,3.681319713592529,0.0,4497.0,12.985625267028809,0
11.289532417407878,76.94164731588533,1.3651307821273804,0.0,338.0,29.43812561035156,1
34.79458064709404,84.65215689406843,8.117297172546387,0.0,5359.0,10.244125366210938,0
28.190346341304146,83.3321724155832,43.67158126831055,0.126,908.0,18.865625381469727,1
22.91337286780084,90.02048903196668,2.284139633178711,0.0,2.0,30.68074989318848,0
6.976810569878469,80.78167566091105,20.16409683227539,0.1332,1944.0,29.14525032043457,1
31.504051761364234,77.95198251593456,40.78507995605469,0.0972,3549.0,43.8797492980957,1
30.255752842551747,84.7572597823104,0.0,0.0,5197.0,9.733375549316406,0
24.80630283449749,93.94810311719404,2.105398178100586,0.0,780.0,28.61775016784668,1
32.261870535047464,78.06840417675645,19.663673400878903,0.0,4320.0,14.928375244140623,1
32.35619363988001,92.86581286288686,10.463580131530762,0.0,4878.0,13.42074966430664,0
30.42957685002888,97.15967008944976,15.501502990722656,0.0,4855.0,19.74462509155273,1
15.807339644301775,79.94435598458324,2.153728008270264,0.0072,32.0,29.3591251373291,0
28.35123460868995,84.11747963696048,33.301658630371094,0.1908,1409.0,21.13075065612793,1
29.408461866570214,80.13273269966311,26.85713768005371,0.3168,1646.0,28.910375595092773,1
15.970114373784233,74.20519929740044,5.311580181121826,0.1656,721.0,17.482500076293945,0
23.12977701974523,72.00208106309732,2.175285577774048,0.0072,24.0,16.977624893188477,0
27.133927567179587,77.98647782284475,3.7418503761291504,0.0,172.0,21.818500518798828,0
28.62692756938623,79.97534786188537,9.554508209228516,0.3455999999999999,190.0,24.48450088500977,0
26.84179543678392,83.72617349919801,1.435636043548584,0.0,83.0,22.51774978637696,0
18.68042141750124,75.37264984064218,0.0,0.0107999999999999,621.0,22.01787567138672,0
26.79139994934481,88.36309733276616,1.4352809190750122,0.0,160.0,24.125,1
25.08873315982467,92.85503307947742,21.906997680664062,0.36,277.0,28.253623962402344,1
10.07707627843176,76.3220792644281,1.3623619079589844,0.0,-1.0,34.47537612915039,1
32.772293279484174,74.23915561514016,1.1368227005004885,0.0431999999999999,281.0,28.07299995422364,0
32.94962071656937,68.50646679800303,4.929649353027344,0.0,2254.0,22.88912582397461,0
24.30423442220309,77.23162348959912,10.416813850402832,0.0504,455.0,19.702375411987305,0
33.23744093360126,75.24517890182561,37.99203872680664,0.0612,894.0,33.29574966430664,1
16.417475385275754,74.7167000201781,0.0,0.0144,628.0,20.343250274658203,0
14.338055165595886,77.36502330929086,1.3736276626586914,0.0215999999999999,534.0,20.14987564086914,0
20.47741131185393,83.750158517284,3.0585386753082275,0.2844,236.0,23.38687515258789,0
30.65433533411558,71.98321644213081,2.210395336151123,0.0215999999999999,140.0,17.1716251373291,0
33.93785736062925,87.6050090644977,1.4968994855880735,0.0,5052.0,5.393500328063965,0
13.74597556183271,77.89727511513168,23.212873458862305,0.0324,931.0,24.02425003051757,0
27.631953560695447,96.34741340954888,19.34120750427246,0.36,1078.0,30.65562438964844,0
33.7082479740083,73.8823447842879,33.575714111328125,0.1584,1822.0,32.37200164794922,0
25.626374857370205,94.10575744955705,16.493518829345703,0.1692,1511.0,30.91687393188477,1
30.92490789769238,83.93476230817058,17.05180549621582,0.0,5275.0,9.80424976348877,0
24.64379759960028,69.40091932640084,4.882491111755371,0.0072,27.0,9.091625213623049,0
33.92438263136746,74.61617853988513,1.1519625186920166,0.0252,2207.0,43.897247314453125,1
25.497556445627467,94.12893398388732,39.284156799316406,0.1475999999999999,1718.0,30.16487503051757,1
33.45654003139801,79.31293017137563,28.47078323364257,0.0,4846.0,12.248250007629396,0
27.99361529408197,82.48272548291978,4.385913372039795,0.0684,623.0,19.09437561035156,1
26.13787558014786,94.2499370526582,14.570168495178224,0.36,1008.0,30.072250366210938,1
31.759532628167825,92.69603127418826,24.63481712341309,0.0,4474.0,14.427499771118164,0
33.6969292014284,97.11385600995966,3.9864561557769775,0.0,4535.0,15.862625122070312,0
23.310068897268017,94.27553903825562,16.309553146362305,0.2988,339.0,21.25987434387207,0
17.704581524362204,76.94407276715245,1.385731816291809,0.0107999999999999,666.0,21.53737449645996,0
23.67038315772836,71.62586662210806,2.177317380905152,0.0072,23.0,19.45650100708008,0
30.266802120546416,97.0300431939513,22.7891788482666,0.0,5449.0,19.74462509155273,0
35.86851656925893,73.78559622818821,30.784542083740234,0.0,4423.0,21.105375289916992,0
19.241509143962293,72.97037510784975,3.506530523300171,0.0,41.0,28.17387580871582,1
27.978793091894,94.26287279274952,20.119861602783203,0.36,328.0,27.02837562561035,1
24.814657166639805,75.2750928007868,0.0,0.0504,493.0,16.228124618530273,0
14.17393296318725,74.76952095888433,14.303634643554688,0.3348,642.0,20.36750030517578,0
20.195789470282463,85.65440725656057,4.324586868286133,0.0,34.0,18.92387580871582,0
31.444223963441875,82.0687817999975,11.52927017211914,0.0,5405.0,10.262624740600586,0
31.444493458027107,77.45880742495294,23.34285354614257,0.162,2477.0,28.22812461853028,0
16.54198188365472,75.25434171772363,1.3812129497528076,0.0107999999999999,533.0,22.192501068115234,0
20.488460589848604,92.95798001103752,17.296524047851562,0.2592,32.0,21.76787567138672,0
19.199198494080264,73.01079929563514,23.724742889404297,0.1584,159.0,20.756250381469727,1
33.107814038102816,74.77571933434476,20.40128898620605,0.0576,1189.0,33.30787658691406,1
28.16878677448528,70.86508340798724,3.386918544769287,0.0,95.0,11.031874656677246,0
33.61230790166434,91.44988831205768,6.661805152893066,0.0,5107.0,10.290124893188477,0
23.800010053226806,89.07995292949354,2.296769142150879,0.1224,9.0,21.866125106811523,0
21.90303766775161,86.98409354011429,4.335622310638428,0.1836,62.0,13.999500274658203,0
28.450408616056745,83.34187422065169,22.518922805786133,0.1152,1945.0,19.269248962402344,1
27.978254102723525,84.89820545038876,17.563579559326172,0.2231999999999999,1076.0,23.264249801635746,1
30.317736597155992,79.57487890822489,50.18611907958984,0.3168,3019.0,43.860626220703125,0
21.312844526085087,79.23127331204917,3.2201623916625977,0.0324,303.0,23.69775009155273,0
28.26499634141448,83.78438432960897,36.540306091308594,0.36,1277.0,20.78762435913086,1
30.344686055679578,76.43877041983522,1.4629193544387815,0.0,254.0,23.300874710083008,0
35.038203752147254,72.89545561315418,44.26013946533203,0.1764,711.0,26.80587577819824,1
33.41180393024886,72.4588743850721,6.852926731109619,0.0,419.0,23.630125045776367,0
20.79595391160272,74.39222853955413,14.83723258972168,0.0107999999999999,638.0,20.20462417602539,0
20.77089091517578,70.75620759555196,2.797303915023804,0.0215999999999999,15.0,12.34737491607666,0
24.58477828543361,86.65288469485942,9.42398166656494,0.0468,268.0,14.454874992370604,0
28.11246240617098,78.74133215609038,1.0837390422821045,0.0215999999999999,178.0,23.42650032043457,0
30.74326854724341,75.9838635599571,2.930821180343628,0.036,255.0,16.99537467956543,0
26.721600851768724,95.02823741481936,16.747386932373047,0.0684,713.0,32.7921257019043,1
26.89919778343916,88.16663578012923,18.583927154541016,0.216,1548.0,25.722999572753903,1
25.04776998286882,92.80113416243024,24.78429412841797,0.36,169.0,28.253623962402344,1
34.12892902156148,70.66430994198653,9.208401679992676,0.0,1063.0,22.63349914550781,0
24.807919802008907,93.11698181632669,2.842405319213867,0.0107999999999999,39.0,22.65024948120117,1
18.426827012794305,97.4666244220334,21.842575073242188,0.36,463.0,22.95549964904785,0
32.999746709423235,86.23894101193714,1.139743685722351,0.0,4869.0,10.145750045776367,0
6.298492698839818,80.68896952358992,20.159297943115234,0.2412,262.0,28.6567497253418,0
23.218171243702592,96.02455889643632,1.4125293493270874,0.0144,88.0,20.943124771118164,0
34.21004689171747,74.34452799796739,6.425392150878906,0.0,1584.0,43.8853759765625,1
32.09882631097977,77.14942764110218,4.604227542877197,0.3096,1590.0,43.63387298583984,1
9.663671584679957,77.60675995224743,5.144622325897217,0.0792,171.0,29.552249908447266,0
33.14446530169489,75.54701283728977,7.474976539611816,0.0,1132.0,43.89250183105469,1
33.24094436320933,75.23817204260948,22.674436569213867,0.0,720.0,33.29574966430664,1
25.533938214634308,70.50449965294166,5.721183300018311,0.0144,132.0,12.080875396728516,0
29.295813129941624,75.72568774730115,2.86560320854187,0.0107999999999999,213.0,14.383874893188477,0
23.329203012819764,94.88217134962152,14.73519229888916,0.36,538.0,22.772125244140625,0
24.42523749097399,92.67770564239224,10.426483154296877,0.3312,158.0,26.030874252319336,0
32.09963479473548,77.1585904570002,27.470422744750977,0.36,1716.0,43.63387298583984,1
28.38761637769679,82.64738667449889,31.80439758300781,0.3384,1956.0,20.195375442504883,1
31.627749775987493,73.22774243674999,3.637595415115357,0.0215999999999999,191.0,20.43837547302246,0
32.189645986204255,77.18688738844996,36.56057357788086,0.1727999999999999,1746.0,43.63387298583984,1
6.989476815384554,81.11342349533639,13.325016021728516,0.2988,1027.0,29.414125442504883,0
26.313316555136403,74.2108586836904,2.336154699325561,0.018,370.0,21.8177490234375,0
27.266788397700864,85.96675148084893,38.34191131591797,0.36,1236.0,19.43199920654297,1
34.81425375181626,74.32242944197804,19.163375854492188,0.036,2380.0,35.057498931884766,1
21.20639416491692,83.91185526842553,1.4016671180725098,0.1475999999999999,134.0,23.5362491607666,0
25.528009333759115,88.37953650246556,4.335899353027344,0.0324,32.0,21.54987525939941,0
29.56800266102984,82.28302999526001,26.5599308013916,0.0612,2612.0,24.3072509765625,1
10.905502633446783,76.15553161075233,8.131681442260742,0.2484,28.0,31.122499465942383,0
18.60819686865803,79.88937908919513,2.777371644973755,0.0288,161.0,25.56074905395508,0
30.790430099659684,97.450185252334,22.19127082824707,0.2304,4256.0,16.27924919128418,0
29.73374183094989,70.84406283033884,1.45777428150177,0.0792,113.0,10.383999824523926,0
27.76750933706908,71.74336626127089,2.361520528793335,0.0,128.0,14.192999839782717,0
12.893025199561224,74.88567312512099,4.89169979095459,0.0936,49.0,29.38312530517578,1
34.68597432924399,73.1878572381351,10.24095058441162,0.0504,2977.0,22.48649978637696,1
32.23222613067152,76.30375363263207,4.43195390701294,0.0288,1633.0,24.926124572753903,1
29.57986042278021,80.21223360230769,11.215181350708008,0.0288,1532.0,28.97612571716309,1
27.967743813899325,97.58331557744052,35.67484664916992,0.36,1927.0,33.81575012207031,0
31.056421255287475,77.1367613955961,38.149391174316406,0.2951999999999999,2085.0,20.71199989318848,1
18.24087574898156,73.44684153454675,51.592529296875,0.1548,507.0,20.26937484741211,1
27.568352838579788,85.22537187686508,32.9749755859375,0.36,1475.0,21.08749961853028,1
27.34305536532261,68.73607618462398,2.8766326904296875,0.0,59.0,9.493000030517578,0
25.226983882050664,71.90398503407147,2.1835548877716064,0.036,72.0,11.909625053405762,0
26.943933884588308,88.44421520292215,20.81900978088379,0.0,165.0,24.125,1
25.43799814229034,91.79915329452334,3.0542423725128174,0.1188,1881.0,27.00137519836425,1
25.10193839450123,93.37300167230072,7.086409568786621,0.1584,1140.0,28.408750534057617,1
28.570064211901464,83.44994154933127,21.248449325561523,0.18,3645.0,33.62212371826172,1
35.47828840983741,72.58930976432625,3.095947742462158,0.0468,1984.0,33.65287399291992,1
33.915758804639914,93.46355185294,0.9559096097946168,0.0,4511.0,12.125499725341797,0
28.70373352617845,80.97867620271846,2.178819417953491,0.018,182.0,22.94050025939941,1
34.93768227185428,70.75405163887007,39.21014022827149,0.1224,1735.0,21.0052490234375,1
24.306929368055453,93.12506665388376,29.88778114318848,0.252,750.0,29.093250274658203,1
24.85858478403325,94.39384716117416,38.47431945800781,0.36,866.0,27.48600006103516,0
34.192529743677134,72.2740010996003,0.9559096097946168,0.0252,319.0,22.175874710083008,0
27.048228289074583,86.32490978462738,20.29258728027344,0.2736,1176.0,12.80074977874756,1
27.30263117753724,86.50789660800253,21.469051361083984,0.234,1699.0,16.331748962402344,1
27.59045139456913,87.79554173625945,43.06467056274414,0.1512,2321.0,21.979875564575195,1
25.06232269047156,73.12156157016707,2.315869808197021,0.018,307.0,23.038375854492188,0
27.880697062868144,83.33944876938456,16.132410049438477,0.1152,1078.0,24.520750045776367,1
22.35201564675455,91.81505347505224,6.250312328338623,0.0,37.0,25.919750213623047,1
33.270588767585274,75.17537980424953,35.66328048706055,0.0972,1033.0,37.430625915527344,1
34.410011873962475,76.14987222446238,23.751924514770508,0.0,4895.0,19.107999801635746,0
35.92564942132893,83.25752241547286,5.081294536590576,0.0,5173.0,11.49524974822998,0
34.466605736862,72.67932095579502,33.82242584228516,0.0431999999999999,917.0,19.63949966430664,1
28.56521330936722,95.3246814585788,43.65141677856445,0.36,2174.0,32.622249603271484,0
13.110776824431795,76.9308675324759,2.182511806488037,0.054,784.0,24.93987464904785,0
31.416196526577345,77.41541879672997,24.7491397857666,0.2592,1899.0,28.22812461853028,1
29.01311331002921,89.6809258545695,19.75350952148437,0.0,4881.0,11.720250129699709,0
23.837739295159825,97.25453218345278,23.61765480041504,0.36,420.0,27.074249267578125,0
27.241994895859165,68.26553863880217,0.0,0.0324,51.0,8.864999771118164,0
27.77559417462616,85.96136158914422,28.96515655517578,0.3348,1636.0,22.45800018310547,1
35.141689672877824,78.86449118154317,10.077802658081056,0.0,5763.0,10.950875282287598,0
19.09490408959399,72.88979622686423,1.3916288614273071,0.0,20.0,28.17387580871582,1
27.970438759751683,79.96375959472023,0.0,0.0215999999999999,155.0,23.44012451171875,0
33.00675356863937,74.94550092304334,38.6996955871582,0.126,1335.0,33.30787658691406,1
22.49511727151479,85.29705743653783,16.344005584716797,0.2051999999999999,287.0,22.05737495422364,0
25.99504344997285,77.43724785813407,3.566155433654785,0.0072,291.0,18.271625518798828,0
27.840272875082764,79.26037872725465,1.4428821802139282,0.0288,160.0,24.308500289916992,0
28.44151529474396,82.62394064558336,10.030516624450684,0.126,2331.0,20.195375442504883,1
29.85420591055032,78.29747457420693,2.205885648727417,0.0863999999999999,357.0,19.59675025939941,0
22.84761618900329,91.95653813230108,11.604851722717283,0.2916,91.0,26.005125045776367,1
25.23884164380104,69.37828178124103,1.056771159172058,0.018,10.0,11.36775016784668,0
35.38962469129481,84.2665101425959,9.346151351928713,0.0,5067.0,10.623125076293944,0
24.330644891556208,95.82917532214032,16.919017791748047,0.3384,302.0,20.518749237060547,0
12.77956797917693,75.58447258463757,3.469827651977539,0.3419999999999999,124.0,27.44487571716309,1
27.581288578671103,83.85202747050316,29.75845718383789,0.2196,338.0,22.5989990234375,1
33.12533118614314,74.82880976763622,24.773012161254883,0.1296,806.0,33.30787658691406,1
34.26071187374181,75.44460489490015,3.8183305263519287,0.0,3336.0,22.547250747680664,1
24.862896697397023,94.41810167384538,33.50571060180664,0.1764,903.0,27.48600006103516,1
12.502258050969234,77.74015977193918,5.931298732757568,0.0828,915.0,24.59550094604492,0
34.0885048337761,74.03002781699713,7.043342590332031,0.072,1315.0,43.88800048828125,1
29.509252841448426,82.09492277476538,7.575531959533691,0.2412,3110.0,25.92150115966797,0
26.10068532738531,83.27180562849037,1.0644371509552002,0.0072,72.0,22.755374908447266,0
32.942344362768,95.66370564680552,19.43711471557617,0.0,4498.0,16.291126251220703,0
29.27344507936705,74.65094334138055,2.2027406692504883,0.018,192.0,19.82437515258789,0
11.892930793750962,79.58754515373097,2.1461334228515625,0.0215999999999999,30.0,26.82550048828125,0
35.4669696372575,87.55245762037671,6.504168510437012,0.0,4870.0,10.052374839782717,0
28.076350131749376,83.25186302918291,36.07892990112305,0.2124,1648.0,18.865625381469727,1
16.718231342398973,77.60163955512795,4.098611831665039,0.018,455.0,21.67650032043457,0
11.863825378545489,79.2706195214936,1.9529736042022705,0.0648,67.0,27.222000122070312,0
25.89425247509465,80.90510418094907,4.348570346832275,0.0144,112.0,23.47837448120117,0
29.37800897843856,81.35596862204866,14.453575134277344,0.0215999999999999,993.0,22.23575019836425,1
28.519399229877124,97.50246720186976,2.1750028133392334,0.0,4619.0,24.123624801635746,0
30.26195121801217,79.21914605571355,32.99076461791992,0.0504,836.0,23.86425018310547,1
30.432002301295995,93.51071340535626,35.996334075927734,0.0,4993.0,48.265750885009766,0
26.92426077986609,76.33016410198518,0.0,0.0252,318.0,15.210000038146973,0
34.17501259563681,73.75433485630086,31.730127334594727,0.0504,1110.0,43.83812713623047,1
29.96146475547419,81.05548215951067,38.1190299987793,0.0,5386.0,17.172374725341797,0
29.75664887069494,79.55574479267314,31.98827362060547,0.2124,1873.0,26.804750442504883,0
16.96481888788978,73.51879658880472,13.715482711791992,0.3276,84.0,19.59675025939941,1
29.46047432152073,81.68205707018404,27.942626953125,0.0468,2276.0,21.592124938964844,1
16.337435493460706,97.54774229218938,12.313568115234377,0.3096,57.0,20.06525039672852,0
27.04391637571081,89.57447549340134,28.4114933013916,0.36,1666.0,22.75637626647949,1
32.38449057132978,79.67917331271116,3.0803656578063965,0.0,5444.0,13.118000030517578,0
24.701469440840743,93.5290390371523,14.37399959564209,0.36,662.0,29.60474967956543,1
29.74155717392173,81.24682331502814,33.1209716796875,0.1188,3510.0,43.78237533569336,1
26.68090716939811,89.99704300305116,1.069798231124878,0.36,121.0,22.90762519836425,0
29.75341493567211,80.49331645470869,34.79026794433594,0.324,1868.0,27.50550079345703,1
29.459665837765023,82.04452728732628,11.805061340332031,0.1656,3610.0,22.901874542236328,1
32.99220086103663,73.13180236440603,1.4873045682907104,0.0072,512.0,21.800125122070312,0
26.283941645345696,94.58087640332784,29.68492317199707,0.36,731.0,31.40475082397461,1
33.552210609156745,73.13719225611075,8.327452659606934,0.0,442.0,25.45425033569336,0
26.900275761780097,74.36608756478626,0.0,0.0396,347.0,22.34837532043457,0
25.70210283582148,94.0461991462199,9.648903846740724,0.1188,1013.0,30.91687393188477,1
32.73348605921021,77.59139876088898,44.48296356201172,0.0,5749.0,12.463250160217283,1
27.3414383978112,86.75071122930004,31.7138786315918,0.3168,1454.0,20.00237464904785,1
31.130532266227338,71.82259766933024,0.9559096097946168,0.0,156.0,21.169124603271484,0
19.22021907172866,97.38766250855927,12.970093727111816,0.0972,173.0,21.74012565612793,1
28.30919345339316,95.41496214463282,44.198848724365234,0.3455999999999999,1851.0,27.30762481689453,1
27.81224543821824,84.67991483634772,21.84114646911621,0.1836,353.0,23.39900016784668,1
27.303439661292938,93.80392351409289,49.34829330444336,0.1475999999999999,724.0,24.952125549316406,1
6.518669774977513,80.18124172500556,5.831708908081055,0.2844,46.0,29.313751220703125,1
15.390431520941906,73.81820507300176,3.031731128692627,0.09,12.0,15.611624717712402,1
25.946534424630403,94.62776846115888,18.56156539916992,0.3096,1387.0,29.67399978637696,1
28.136716918842207,85.3164610466748,25.60928535461425,0.288,1927.0,21.696250915527344,1
35.35998028691887,73.97909334038756,31.5363826751709,0.0972,2910.0,17.667125701904297,1
33.890965302798215,74.97810976785688,3.987203598022461,0.0288,1642.0,42.79912567138672,1
23.68897828410964,88.30380852401427,2.0870020389556885,0.0,18.0,22.974624633789062,0
22.09276185575765,86.13707205871799,18.860837936401367,0.288,381.0,19.552749633789062,0
7.114522302933992,80.31410255552684,16.359115600585938,0.1656,193.0,28.93237495422364,1
28.49110229842736,87.13366303492019,24.87827491760254,0.0,4967.0,12.05500030517578,0
30.070610062494712,80.23729659873462,16.751625061035156,0.0612,2165.0,42.509498596191406,1
34.57817649514965,73.36060326727127,41.2550048828125,0.1115999999999999,1183.0,30.16962432861328,1
26.33191168151768,68.9918265460128,2.86560320854187,0.018,28.0,9.627374649047852,0
30.8664275726962,76.99797168419963,24.74252319335937,0.1115999999999999,1125.0,24.114500045776367,1
28.08901637725546,85.63527314100882,32.359703063964844,0.0,4393.0,30.069000244140625,1
23.38741384323071,74.41729153598106,29.14982414245605,0.1008,359.0,17.561874389648438,0
25.226983882050664,93.16576033625437,4.360785007476807,0.1656,392.0,27.859249114990234,1
20.532657701827283,94.60351394848766,1.3983174562454224,0.036,80.0,18.50012588500977,0
28.8686642123428,82.17065075321665,24.63556480407715,0.2268,1624.0,22.24625015258789,1
25.73120825102696,93.9882578103942,24.00598526000977,0.36,1165.0,31.08699989318848,1
23.76982665968039,88.38250094290315,1.911287426948548,0.054,17.0,22.75962448120117,0
25.147213484820853,91.74821881791377,0.0,0.0,17.0,18.30525016784668,1
33.24498678198787,75.24706536392227,15.631912231445312,0.054,1212.0,33.29574966430664,1
27.958580998001302,84.28052386102817,16.91332244873047,0.2628,317.0,23.421499252319336,1
23.87385156958143,76.55627005899805,1.4163604974746704,0.036,439.0,18.89900016784668,0
27.43872594308134,73.99768846676884,2.8780224323272705,0.0144,300.0,12.890375137329102,0
30.406669810283827,79.33502872736497,39.90514373779297,0.0792,999.0,21.964250564575195,1
31.361489125774465,74.49517547111422,7.788629531860352,0.0252,210.0,21.881999969482425,0
28.72448460924161,92.23815997387254,15.38085651397705,0.0,4952.0,12.60925006866455,0
24.16733117290328,85.84520942290756,2.8345117568969727,0.0396,318.0,19.40449905395508,0
30.818188041938978,78.61871211980807,22.995939254760746,0.0288,1616.0,43.89137268066406,1
18.76854614687337,73.36787962107265,27.93627548217773,0.0,550.0,20.07525062561035,1
14.161805706851636,76.64574226129636,1.373074650764465,0.0107999999999999,602.0,21.011249542236328,0
21.52924867802948,75.52275832461855,1.0275903940200806,0.0504,722.0,20.417125701904297,0
25.51992449620204,91.26986592912012,9.09499740600586,0.1656,1346.0,21.59437561035156,1
32.941805373597525,75.98278558161616,15.705462455749512,0.0324,2743.0,43.89925003051758,0
33.32206223336532,75.19289695228986,41.94674301147461,0.2484,1277.0,37.430625915527344,1
23.795428645277795,86.11928541609242,3.1313273906707764,0.0324,234.0,18.11712455749512,0
23.05647449256108,95.65508182007795,1.411607027053833,0.0324,162.0,24.79974937438965,0
6.76471833129785,80.86818342277176,18.64912223815918,0.2484,950.0,29.14525032043457,1
22.88480644176584,77.7644142846104,2.283743381500244,0.0396,311.0,27.613624572753903,0
19.275195967116776,78.2333348629208,1.3924341201782229,0.0792,401.0,24.31312561035156,0
33.28702793728466,77.28525291206105,35.416114807128906,0.0,4076.0,14.602999687194824,1
30.23796619992618,79.15662331193883,33.694236755371094,0.0972,2009.0,26.644500732421875,0
29.371810602978137,89.30929282152925,1.4548064470291138,0.0,3793.0,12.45425033569336,0
28.24316728001037,78.74510508028368,2.197416067123413,0.0107999999999999,182.0,23.42650032043457,0
27.508525040657425,85.08550418712768,39.41347503662109,0.3096,881.0,21.08749961853028,1
32.74669129388677,76.66595435518906,39.37515640258789,0.0,4031.0,43.86362457275391,0
34.74822757843347,93.33877585997578,5.018534660339356,0.0,4478.0,12.233124732971191,0
28.743079735622885,85.27037747259948,21.01846694946289,0.0,4153.0,12.912750244140623,0
27.162763487799825,81.92433270231108,7.713779926300049,0.0215999999999999,111.0,20.676624298095703,0
27.59988370505238,87.24011339608835,14.98283863067627,0.3276,2705.0,43.843875885009766,1
24.096184602401014,68.00574585863481,0.9559096097946168,0.0,1.0,13.675000190734863,0
27.592876845836248,88.4919157445089,40.83732604980469,0.2448,3201.0,27.71337509155273,1
29.4278654767072,81.27997114901216,25.8256778717041,0.0468,2164.0,22.23575019836425,1
31.076633349180163,77.39143377864397,3.074591875076294,0.0036,1306.0,27.63425064086914,1
10.301834762518466,77.17098720792104,27.96822738647461,0.1727999999999999,1220.0,28.39212417602539,1
23.222483157066364,74.79539243906697,2.175629138946533,0.0396,344.0,18.124500274658203,0
9.75125732488161,77.08959984317981,5.199017524719238,0.36,814.0,27.15812492370605,1
27.574281719454977,85.15099137133998,22.51165199279785,0.18,1767.0,21.08749961853028,1
32.98492450723526,69.07914279162922,9.041807174682615,0.0,2388.0,18.76625061035156,0
22.133725032713507,78.89790851011242,1.406510591506958,0.0324,766.0,26.24937438964844,1
10.344684401570966,77.56660525904728,28.6773738861084,0.2916,1478.0,27.348249435424805,1
27.17596872247638,88.52856700810098,5.3574748039245605,0.0324,296.0,20.803125381469727,1
34.00550050152345,84.59017313946417,1.911287426948548,0.0,5007.0,9.595499992370604,0
24.586934242115507,89.0788749511526,0.9559096097946168,0.0,11.0,22.82362365722656,0
24.495306083135315,83.9447336078243,3.148486375808716,0.0252,149.0,21.38337516784668,0
34.34263822765351,73.43579225655208,26.32017707824707,0.0828,987.0,23.76224899291992,1
34.07341313700289,72.5310989339153,4.457648277282715,0.0,323.0,20.28400039672852,0
25.69455698743488,77.56094587275733,1.4277962446212769,0.0072,414.0,18.21525001525879,0
31.38709111137187,85.07068198493971,0.9559096097946168,0.0,4717.0,10.527750015258787,0
28.28008803818768,83.54992404045377,29.818761825561523,0.1692,1749.0,18.731874465942383,1
27.201031718903312,88.48841231490084,29.51399803161621,0.3528,398.0,18.95075035095215,1
21.632465104174813,86.72403126536169,1.4038584232330322,0.0648,39.0,15.023625373840332,0
25.070407528028632,93.2886498671219,30.15165138244629,0.2951999999999999,329.0,28.408750534057617,0
34.53532685609714,69.16969297226846,1.911287426948548,0.0107999999999999,1796.0,20.191749572753903,1
30.452214395188687,78.75399840159646,17.231494903564453,0.0576,2030.0,27.07187461853028,1
26.09260048982824,94.2574829010448,8.453998565673828,0.0,1363.0,30.54987525939941,1
28.68810284023477,81.63085309898923,20.49136734008789,0.0648,2165.0,20.59537506103516,1
25.627722330296383,94.10521846038657,21.26559829711914,0.162,1517.0,30.91687393188477,1
7.569429162812117,80.52835075078934,7.727031707763672,0.36,166.0,27.818500518798828,1
32.23330410901246,73.37677294238543,3.8865137100219727,0.0288,204.0,22.972625732421875,0
30.5319847924185,79.35416284291672,32.35862731933594,0.2808,2661.0,43.886749267578125,1
29.414121252860166,87.67157422705095,13.075870513916016,0.0,4025.0,12.020874977111816,0
18.98360282589158,76.05042872251036,1.3911364078521729,0.0107999999999999,504.0,22.772375106811523,0
33.24498678198787,75.22577529168863,35.921146392822266,0.0936,780.0,33.29574966430664,1
22.568689293284177,96.47191990792784,3.1028032302856445,0.144,838.0,25.570499420166016,0
28.287633886574287,89.61948108913573,7.614277362823486,0.0,4689.0,12.741250038146973,0
21.68717250497769,70.21883539259166,6.383206367492676,0.0215999999999999,28.0,16.882125854492188,0
18.310135857387174,76.48647096142197,1.0068782567977903,0.018,602.0,21.94962501525879,0
29.590909700774887,88.03000202541465,24.59388732910156,0.0,5270.0,11.202625274658203,0
22.35066817382837,91.814783980467,15.45858097076416,0.0,44.0,25.919750213623047,1
30.48131981039416,80.09230851187773,17.305484771728516,0.0,3980.0,14.891374588012695,0
25.11837756420061,92.85395510113648,12.739361763000488,0.0288,151.0,28.253623962402344,1
27.509064029827897,85.15045238216952,43.86166763305664,0.1727999999999999,2174.0,21.08749961853028,1
26.97223081603807,88.44798812711547,34.76216125488281,0.36,444.0,24.125,1
27.62898912025785,87.94349426355393,54.82301330566406,0.0396,4415.0,21.979875564575195,1
26.10176330572625,79.04154912404313,4.969737529754639,0.0144,155.0,17.185375213623047,0
25.62799182488162,68.3326427905259,0.9559096097946168,0.0036,21.0,12.821000099182127,0
22.063386945966947,76.09839875868234,1.0314277410507202,0.036,224.0,19.62987518310547,0
28.94412269620884,88.99101971636571,17.49893569946289,0.0,4312.0,11.453125,0
35.761796713505525,75.8065361228719,49.711158752441406,0.0,4382.0,25.31599998474121,0
28.89992558423016,80.87006988486841,16.138099670410156,0.27,1078.0,31.88549995422364,1
26.79032197100387,88.1100419172297,22.352901458740234,0.2772,624.0,25.722999572753903,1
29.331116920607524,78.72677944848765,0.0,0.0215999999999999,233.0,18.12762451171875,0
11.989409855265398,79.37814786100272,0.9559096097946168,0.0036,69.0,27.222000122070312,0
8.150728983165859,81.35084822492918,3.453573226928711,0.0072,3.0,27.560625076293945,0
33.26088696251678,75.24410092348468,31.70276260375977,0.0396,1466.0,37.430625915527344,1
27.2888869536902,94.60405293765812,3.361917018890381,0.0,90.0,21.808124542236328,0
26.69006998529613,79.41345165166861,1.911287426948548,0.0,142.0,21.14125061035156,0
34.20923840796176,74.32108196905186,43.16326141357422,0.1188,1636.0,43.8853759765625,1
23.83800878974506,90.795555459105,1.911287426948548,0.1692,5.0,24.34600067138672,0
35.06191927564801,85.53394317696014,0.0,0.0,4960.0,9.809749603271484,0
33.11535988648942,68.35204640066289,4.457569122314453,0.0,2091.0,22.34512519836425,0
26.40871763830989,75.31443901023123,1.4326167106628418,0.0036,336.0,14.39875030517578,0
28.37602811053165,83.49467765048041,31.10201644897461,0.1115999999999999,936.0,19.269248962402344,1
27.94375879581333,83.8056744018426,28.26768493652344,0.0828,1231.0,22.779375076293945,1
15.949093796135836,73.96669658946671,5.049330711364746,0.306,130.0,15.024999618530272,1
29.03871529562662,82.74413523059856,13.110069274902344,0.018,2676.0,24.498750686645508,1
29.12198912246449,95.33707820949964,15.74329948425293,0.3564,3352.0,35.53412628173828,0
26.87602124910887,69.97305633085655,3.3505775928497314,0.0,84.0,10.767000198364258,0
33.0814035687497,75.29746085136138,18.381072998046875,0.0396,1747.0,32.09375,1
28.01032395836659,84.37727241712784,25.56247901916504,0.126,837.0,15.284749984741213,1
35.25703335535877,95.16541015870442,1.511133313179016,0.0,4541.0,13.494750022888184,0
25.47869182466096,94.13998326188198,14.981553077697754,0.216,1633.0,30.16487503051757,1
30.393195081022032,68.88672365777082,2.208900451660156,0.0,1240.0,21.778125762939453,0
29.849624502601312,80.55449172555723,25.028772354125977,0.2124,994.0,32.236751556396484,1
24.2268894762404,72.94665958434899,2.1794803142547607,0.0612,231.0,17.837749481201172,0
25.57328442407874,72.48312889774333,2.852225542068481,0.0215999999999999,205.0,20.715625762939453,0
33.75540952642458,74.51404009208073,10.238198280334473,0.0,3715.0,43.897247314453125,0
6.963335840616676,80.36422854838071,16.642507553100586,0.36,586.0,30.24387550354004,1
31.32618533510857,93.07601863937082,17.203739166259766,0.0,5198.0,15.864749908447266,0
29.72619598256329,71.71210488938354,0.9559096097946168,0.0288,119.0,12.463250160217283,0
27.636265474059226,86.23247314189149,25.43856239318848,0.3312,1944.0,18.22137451171875,1
24.306929368055453,75.62408828866722,1.418972730636597,0.0144,423.0,18.68187522888184,0
20.21195914539661,76.85487005943939,4.491966247558594,0.0,535.0,23.4384994506836,0
34.57871548432012,94.54799806392909,9.345399856567385,0.0,4603.0,13.111249923706056,0
27.031250130204725,78.56696915944278,4.3895111083984375,0.0144,159.0,21.68574905395508,0
35.38773822919816,78.98333829363219,35.43037033081055,0.0,5204.0,11.443500518798828,0
30.73329724758968,78.44030670438192,39.84471893310547,0.162,1463.0,26.933250427246094,1
24.40933731044508,96.05851521417604,10.087482452392578,0.036,133.0,26.793251037597656,0
35.00478642357801,81.53491302664527,3.991667747497559,0.0,4964.0,11.66349983215332,0
32.16215753851019,93.1239886755428,35.02787780761719,0.0,4724.0,14.46125030517578,0
30.40747829403953,76.86618883201929,1.911287426948548,0.036,282.0,24.624874114990234,0
34.15102757755081,74.1213864813921,26.619626998901367,0.0,1453.0,43.88800048828125,1
30.99362901692752,78.45944081993368,54.584869384765625,0.2484,3007.0,26.783248901367188,1
35.96984653330761,94.96113326309565,10.676308631896973,0.0,3700.0,12.92074966430664,0
18.39421816798076,83.7485415497726,3.036954641342163,0.0215999999999999,30.0,18.771249771118164,0
19.15311492000493,72.92671698504154,8.59816837310791,0.0,74.0,28.17387580871582,1
35.18373082817462,75.30258124848085,6.983358383178711,0.0,4545.0,18.63400077819824,0
33.688574869286086,95.7620711704166,17.92844581604004,0.0,4562.0,14.031874656677246,0
25.57166745656733,94.12111864091548,9.698442459106444,0.1656,1623.0,30.91687393188477,1
30.733027753004446,78.43895923145575,41.39373779296875,0.162,1437.0,26.933250427246094,1
34.339673787215915,85.29301501775929,17.88827133178711,0.0,5085.0,5.457874774932861,0
26.07157991217984,92.7450792887012,4.368025779724121,0.18,70.0,24.73175048828125,0
34.21894021303025,77.26638829109454,0.9559096097946168,0.0,3380.0,18.04700088500977,1
31.89320194244481,78.63003089238798,14.044177055358888,0.0,3643.0,17.452373504638672,1
25.63203424366016,94.10063705243756,33.07048416137695,0.1548,1631.0,30.91687393188477,1
28.934959880310814,82.31240490505071,25.041460037231445,0.1475999999999999,1664.0,21.787750244140625,1
26.943394895417835,88.44448469750739,1.911287426948548,0.0,160.0,24.125,1
26.02145391932597,94.52239607833168,29.20543098449707,0.36,1621.0,31.596250534057617,1
28.33236998772344,83.74369064723835,17.615510940551758,0.1692,1293.0,18.731874465942383,1
25.61829001981313,96.29647893293932,16.1209659576416,0.0612,350.0,22.85300064086914,1
35.11716566562136,74.92582781832112,6.949374675750732,0.0,4607.0,23.86949920654297,0
25.557653738135063,91.85062676030338,7.871569156646728,0.288,1678.0,22.43099975585937,1
31.80399923473174,89.6989819917803,3.5031094551086426,0.0,4582.0,13.300000190734863,0
25.07930084934141,74.13836464026195,1.911287426948548,0.036,494.0,14.270500183105469,0
25.361192185498123,77.486295872647,1.0578382015228271,0.0144,460.0,20.01474952697754,0
21.86423044747765,78.84427908765048,3.9540164470672607,0.036,634.0,25.1927490234375,0
29.35887486288681,81.30988504797332,20.908323287963867,0.0504,1272.0,22.23575019836425,1
26.16266908198956,85.6261103251108,2.187593936920166,0.0,52.0,21.20349884033203,0
24.768034603394003,93.41073091423377,15.833348274230955,0.36,506.0,28.824249267578125,1
26.25429724096975,81.1999312571971,1.4315578937530518,0.0431999999999999,105.0,21.81399917602539,0
19.380568349944,84.56996104557149,0.0,0.036,67.0,17.980751037597656,1
23.159151929535938,91.96974336697762,6.497151851654053,0.2844,59.0,22.61212539672852,0
29.50898334686319,81.66939082467796,29.751379013061523,0.018,1611.0,43.88287734985352,1
29.836958257095223,73.70232240135034,2.4011552333831787,0.0072,170.0,17.132875442504883,0
31.035670172224314,78.85775381691228,42.34165573120117,0.0576,2696.0,17.38912582397461,1
35.27185555754674,83.99189516024057,2.240927696228028,0.0,4912.0,11.191749572753906,0
26.075352836373145,96.55411575642478,2.1872074604034424,0.36,367.0,24.98649978637696,0
19.149611490396868,83.62996393226882,6.985703945159912,0.3204,216.0,19.35587501525879,1
30.17867739117429,86.95175418988599,11.420214653015137,0.0,5222.0,10.408124923706056,0
23.49143875313175,70.1401429737028,3.9572176933288574,0.0,2.0,17.37737464904785,0
35.73565573873765,84.50636032345582,3.8183305263519287,0.0,5039.0,10.743499755859377,0
23.12977701974523,70.28836499558251,1.4120240211486816,0.0107999999999999,0.0,13.89175033569336,0
30.90846872799299,78.32981392443523,36.5751953125,0.0792,1836.0,26.783248901367188,1
25.307832257621424,83.21440328183513,2.8487708568573,0.0144,78.0,25.00062561035156,0
27.99711872369004,75.3540547142609,1.4440574645996094,0.0144,362.0,12.147125244140623,0
28.52559760533755,75.428435219786,3.777525186538696,0.018,253.0,14.607250213623049,0
29.763925224496308,71.227014635959,1.458024501800537,0.0576,110.0,9.978875160217283,0
35.72757090118058,71.30570705484787,46.83895111083984,0.0,3323.0,29.160499572753903,1
25.11945554254156,94.36420275679822,17.934589385986328,0.1512,1842.0,28.958749771118164,1
31.093072518879552,77.16748377831298,27.41625595092773,0.108,1906.0,20.71199989318848,1
33.467050320222214,68.3145866533151,1.911287426948548,0.0,2274.0,20.573375701904297,0
26.907013126410995,87.92166520214982,19.31981468200684,0.0756,1166.0,25.038875579833984,1
23.73344489067355,92.7475047399683,26.788646697998047,0.0684,867.0,20.777124404907227,1
27.09700680900228,90.4031713430016,28.40765190124512,0.36,1481.0,22.848249435424805,1
33.98232396719317,73.79610651701242,15.257655143737791,0.0684,1268.0,31.05412483215332,1
26.06645951506036,68.87809983104327,0.9559096097946168,0.0144,20.0,10.798125267028809,0
27.85940699063451,83.7711790949324,22.0199031829834,0.144,1172.0,22.779375076293945,1
28.05371258658956,83.96090328293845,25.639799118041992,0.2916,1009.0,14.130374908447266,1
24.506894350300456,91.58894751803936,2.307300090789795,0.1764,18.0,24.02949905395508,1
10.449787289812951,77.52052168497195,3.4829540252685547,0.0072,326.0,27.348249435424805,1
35.31093227240594,73.31964009031542,63.02783203125,0.0,3448.0,26.762374877929688,1
26.076430814714087,68.50350235756544,1.0642166137695312,0.0,28.0,9.805375099182127,1
26.20444074270112,91.871916832537,19.845129013061523,0.2951999999999999,138.0,26.14287567138672,1
22.11971131428124,74.21031969451992,5.608885765075684,0.0072,349.0,15.974374771118164,0
28.079045077601734,96.5242018574636,23.766963958740234,0.0504,557.0,20.054500579833984,1
25.476805362564303,94.13513235934774,13.040626525878906,0.1908,1669.0,30.16487503051757,1
32.84667378500927,75.13711157314604,20.610546112060547,0.0863999999999999,602.0,34.946998596191406,1
23.13920933022849,92.55212116567232,6.7409868240356445,0.2988,396.0,20.739124298095703,0
33.270588767585274,75.77015435386507,35.39814758300781,0.0828,1146.0,43.88850021362305,1
33.89958912952576,96.09597496152382,17.589710235595703,0.0,4823.0,15.276124954223633,0
29.519493635687382,80.46906194203746,13.452360153198242,0.0396,2004.0,29.013750076293945,1
16.86860932096058,96.14340600852532,3.946075916290283,0.0,28.0,25.12987518310547,1
27.40396114158592,87.06494191568504,27.73143768310547,0.2376,714.0,16.873001098632812,1
27.376472693891856,88.76275780267093,11.650325775146484,0.0107999999999999,3756.0,28.606624603271484,1
33.86536331720081,86.30254173405281,16.029611587524414,0.0,5175.0,9.871749877929688,0
32.79627829757016,86.63725400891573,23.83365631103516,0.0,5079.0,10.23062515258789,0
27.174082260379727,95.8011478852758,0.0,0.09,295.0,34.553001403808594,1
12.627573033103909,75.74131843324483,11.207454681396484,0.3204,1134.0,27.536624908447266,0
6.957406959741487,81.12043035455252,1.9254549741744995,0.0828,1124.0,29.414125442504883,1
27.96882179224027,83.9064653767208,11.885701179504396,0.3024,753.0,22.779375076293945,1
33.773196169050145,74.10117438749941,16.84787368774414,0.0072,1059.0,29.457874298095703,1
29.78521529672994,71.4811480298364,1.1013798713684082,0.0288,113.0,10.752750396728516,0
35.00882884235654,95.25892477978124,3.014665603637696,0.0,4631.0,12.602749824523926,0
12.453479531041545,79.18060833002482,0.9559096097946168,0.0288,176.0,32.6978759765625,0
35.44541007043863,73.93408774465317,29.39045143127441,0.0,1627.0,17.667125701904297,1
27.57778514906304,85.17174245440316,23.9165153503418,0.0431999999999999,1338.0,21.08749961853028,1
29.28691980862884,78.38721627109047,1.4541188478469849,0.1296,235.0,17.39787483215332,0
29.230864934899785,94.38306737776472,27.22364997863769,0.2231999999999999,3419.0,26.934249877929688,0
24.68691673323801,93.91576376696575,1.052043914794922,0.0215999999999999,777.0,21.11487579345703,1
29.34351367152837,84.66212819372215,22.12078285217285,0.0,5039.0,12.371500015258787,0
6.833439450532993,80.99322891032119,3.961903095245361,0.0,1273.0,29.14525032043457,1
27.39991872280737,92.35000022674542,27.309005737304688,0.3024,2622.0,23.242374420166016,1
16.515571414301608,80.65258775458308,31.074848175048828,0.1727999999999999,129.0,18.47487449645996,1
18.11852520728448,96.00461629712888,10.001240730285645,0.2808,300.0,25.066123962402344,0
27.655669084196205,88.60510347030797,21.393604278564453,0.2844,1935.0,36.235626220703125,1
27.71711384962998,83.46584172986019,14.51182746887207,0.054,216.0,21.55037498474121,1
20.198214921549585,84.4934245833645,0.0,0.1512,409.0,20.452625274658203,0
21.35165174635905,83.5757955206364,1.0263406038284302,0.0252,177.0,21.184749603271484,0
23.89945355517884,77.881644429188,2.2982254028320312,0.0288,403.0,24.554750442504883,0
10.060637108732374,76.63307601579028,0.9559096097946168,0.1656,23.0,34.6870002746582,1
32.09316692468982,95.7116756829775,28.609418869018555,0.0,5120.0,15.779125213623049,0
21.374289291518863,85.25663324875245,10.448585510253906,0.3528,584.0,19.208999633789062,0
27.65243514917337,89.72593145030389,24.326589584350582,0.36,2434.0,39.63362503051758,0
32.79600880298493,92.7617879529858,5.111188888549805,0.0431999999999999,5114.0,11.031499862670898,0
24.79929597528136,93.94810311719404,4.616055011749268,0.0,780.0,28.61775016784668,1
29.80003749891792,95.70008741581236,14.505483627319336,0.1188,3624.0,30.951875686645508,1
23.59761961971468,81.32767169059889,3.662532329559326,0.1224,420.0,24.90449905395508,0
17.00308711899327,73.35709983766321,5.716941356658936,0.0,128.0,18.51937484741211,1
27.92705013152871,83.52890346280537,16.226272583007812,0.09,450.0,22.87612533569336,1
32.24974327871185,92.05571213966788,3.518892288208008,0.0,4736.0,11.55074977874756,0
32.514117466828225,76.38217655693569,50.73594665527344,0.2412,2265.0,38.20375061035156,0
23.20119308483273,74.51404009208073,8.263154029846191,0.1727999999999999,382.0,17.726625442504883,0
20.083949217409582,73.73088882738534,1.017789006233215,0.036,641.0,18.460250854492188,0
30.603400857506,91.10385726461482,36.18671417236328,0.0,5095.0,15.49262523651123,0
30.770487500352232,71.56172691082193,3.8183305263519287,0.0,140.0,17.780750274658203,0
24.704164386693105,92.2303446309007,10.573675155639648,0.3492,66.0,25.35787582397461,1
31.773276852014853,77.30465652219803,21.0948486328125,0.054,1321.0,43.79125213623047,1
6.526215623364117,80.15617872857862,8.777730941772461,0.234,19.0,29.313751220703125,1
26.084246157685925,95.92754084575142,12.81974983215332,0.36,518.0,24.44025039672852,0
20.48765210609289,75.78578503980874,4.075315952301025,0.0215999999999999,631.0,20.974374771118164,0
32.64536132983808,71.01303593528172,8.034394264221191,0.036,244.0,26.81537437438965,0
20.699744344673512,92.93507297129248,2.0430757999420166,0.0612,3.0,23.36487579345703,0
11.51186545022746,76.01862836145253,41.4149284362793,0.198,742.0,28.91487503051757,1
30.73006331256685,78.43788125311481,7.914161682128906,0.0,1120.0,26.933250427246094,1
35.16756115306047,75.34084947958435,25.146011352539062,0.0,4699.0,18.63400077819824,0
27.51607088904403,88.55740292872122,15.804327011108398,0.3096,1339.0,36.235626220703125,1
34.15830393135219,83.92964191105109,5.883533954620361,0.0,5009.0,10.005000114440918,0
9.890586025448547,76.86160742407029,7.470335960388184,0.36,65.0,25.98575019836425,0
27.986877929451072,84.27648144224963,14.542852401733398,0.054,336.0,23.421499252319336,1
26.71998388425731,95.02904589857508,9.530817985534668,0.0576,688.0,32.7921257019043,1
24.82867088507207,93.59344824302366,39.16802597045898,0.36,725.0,29.5783748626709,1
26.278012764470507,76.16927583459938,2.188107490539551,0.0215999999999999,276.0,15.10474967956543,0
35.35378191145844,69.27398737675475,25.212291717529297,0.0,4159.0,25.32462501525879,0
20.27906329712034,80.06239461291655,1.911287426948548,0.1944,211.0,24.551124572753903,0
32.23384309818293,77.17853305630766,18.32695579528809,0.2772,2157.0,43.63387298583984,1
28.39273677481627,83.59412115243245,19.985122680664062,0.3455999999999999,1036.0,18.731874465942383,1
23.46071637041486,97.91587189562156,0.9559096097946168,0.0504,1365.0,25.86112594604492,0
31.239677573247857,84.00348342740571,0.0,0.0,4590.0,11.35325050354004,0
27.73705644893744,84.60742079291927,35.20382308959961,0.1656,556.0,22.86862564086914,1
25.54229254677662,82.08737692637878,1.4267934560775757,0.0072,94.0,23.507999420166016,0
33.0633474315389,80.18501464919886,40.24985504150391,0.0,4815.0,11.696125030517578,0
20.09499849540425,96.75650618993691,10.447776794433594,0.198,1430.0,29.40687561035156,0
27.342516376152137,88.24263325316574,15.146194458007812,0.3455999999999999,1384.0,28.42224884033203,1
34.378750502075114,71.25854550243159,4.999604225158691,0.0,884.0,22.276750564575195,0
24.953985867206743,76.56489388572561,0.9559096097946168,0.0036,295.0,19.69974899291992,0
27.756460059074413,88.63205292883154,18.257169723510746,0.1296,3886.0,16.094249725341797,1
31.836338584960043,75.0624615730357,4.878587245941162,0.0288,246.0,24.90787506103516,0
22.397021242488936,70.48994694533893,4.878723621368408,0.0036,73.0,16.378875732421875,0
23.317614745654623,73.41800561392651,0.0,0.0,126.0,17.451875686645508,0
34.525894545613895,71.398413192169,2.3194820880889893,0.0036,682.0,20.89612579345703,1
27.338204462788365,88.60698993240462,20.102088928222656,0.1043999999999999,1514.0,22.061124801635746,1
30.765097608647515,78.5925711450402,10.595986366271973,0.0431999999999999,1410.0,43.89137268066406,1
26.1314077101022,91.75468668795942,6.98784065246582,0.0107999999999999,74.0,26.14287567138672,1
22.647651206758283,92.15461665244943,11.401021003723145,0.2231999999999999,56.0,22.434375762939453,1
12.865806246452404,74.88513413595051,3.8183305263519287,0.0,17.0,29.38312530517578,1
16.939216902292372,73.47459947682604,15.561063766479492,0.1908,36.0,17.380624771118164,1
28.08901637725546,83.29336519530924,39.12515258789063,0.36,1225.0,18.865625381469727,1
19.19353910779031,73.0113382848056,27.971479415893555,0.18,147.0,20.756250381469727,1
33.69180880430891,76.04126590661234,9.73744773864746,0.0,4881.0,10.585000038146973,1
33.18461999489504,75.80626662828666,21.038419723510746,0.0288,991.0,43.891876220703125,1
23.393073229520663,74.55635074196277,3.048408508300781,0.0684,326.0,17.396625518798828,0
28.069882261703714,83.65260147742863,9.423039436340332,0.1296,1378.0,15.446000099182127,1
21.14602737782409,74.13755615650625,1.4013612270355225,0.0144,571.0,16.054874420166016,0
33.351437143156026,92.89330131058092,3.9851465225219727,0.0,4789.0,11.528624534606934,0
24.573998502024185,77.0842099514751,0.0,0.0288,390.0,19.690750122070312,0
30.786657175466384,78.61709515229666,30.64237403869629,0.0396,1520.0,43.89137268066406,1
29.948259520797635,69.82025290102783,6.593231201171875,0.0252,1209.0,17.61224937438965,0
30.903617825458745,77.09660670239595,25.461164474487305,0.0324,1428.0,24.901750564575195,1
34.21867071844501,74.8368946051933,41.37963485717773,0.0576,2332.0,38.70612335205078,0
10.04850985239676,76.76054695460684,14.174420356750488,0.2808,73.0,28.44387435913086,1
17.38954235422149,78.49905652396335,2.157521963119507,0.0,493.0,26.79800033569336,1
30.30102793287137,79.36278666964427,23.87851905822754,0.0792,1029.0,21.964250564575195,1
27.496667278907047,74.74957835957687,6.104414463043213,0.054,357.0,12.894000053405762,0
17.690837300515177,83.09852061018371,4.118973731994629,0.0468,56.0,16.55150032043457,0
26.96899688101524,76.31965381316098,3.35310959815979,0.0107999999999999,313.0,15.210000038146973,0
28.272003200630607,83.74045671221552,8.552166938781738,0.0,884.0,18.731874465942383,1
15.593091449039273,73.81200669754134,6.734012603759766,0.0,45.0,13.773624420166016,1
27.770204282921444,85.86919444099355,53.7603759765625,0.0,1291.0,22.45800018310547,1
33.77050122319778,74.0965929795504,2.4892842769622803,0.0,1009.0,29.457874298095703,1
24.763722690030228,82.67864804638624,2.181637048721313,0.018,302.0,18.371875762939453,0
10.244432415863228,77.51459280409676,15.932035446166992,0.2988,1715.0,32.25175094604492,1
30.257100315477924,74.82611482178386,1.911287426948548,0.0036,202.0,13.630499839782717,0
25.0701380334434,68.7347287116978,1.0553113222122192,0.018,10.0,18.808124542236328,0
27.325807711867515,91.86625744624706,23.910934448242188,0.2951999999999999,3619.0,21.70224952697754,0
25.61155265518224,96.29081954664936,11.65408420562744,0.0107999999999999,352.0,22.85300064086914,1
33.12910411033645,75.44622186241156,32.8480110168457,0.2016,1034.0,32.09375,1
31.55822017299664,95.27482496031016,30.33747291564941,0.0,4159.0,23.17737579345703,1
22.95244958266004,74.64636193343155,2.174633502960205,0.036,350.0,18.324501037597656,0
33.481872522410185,70.95725055613791,3.928253173828125,0.0792,925.0,18.18099975585937,0
24.3651401984664,93.93247243125036,27.921510696411133,0.3168,949.0,26.602500915527344,0
13.273282059329018,76.02725218818007,1.963706374168396,0.0288,827.0,24.074874877929688,0
29.58282486321781,80.21816248318288,9.909480094909668,0.0036,1564.0,28.97612571716309,1
27.08999994978614,86.36991538036177,30.408287048339844,0.3204,1405.0,12.80074977874756,1
34.141056277897086,74.65687222225574,3.9514102935791016,0.0,1582.0,23.469125747680664,1
28.458223959028583,84.28618324731812,48.520538330078125,0.0,4754.0,24.46587562561035,0
12.827807509934148,75.07728377522368,13.680693626403809,0.198,64.0,29.50749969482422,1
20.381471239509967,93.01214842266992,8.773233413696289,0.1224,11.0,19.624500274658203,0
25.619637492739308,96.30860618927493,19.37104225158692,0.036,339.0,22.85300064086914,1
33.32960808175192,75.20286825194358,37.241493225097656,0.036,1166.0,37.430625915527344,1
23.09474272366457,93.71202586052743,30.629058837890625,0.2844,1523.0,29.30962562561035,0
7.25573746559758,80.30197529919123,15.604361534118652,0.3419999999999999,92.0,34.09049987792969,1
22.010296512675485,91.95384318644872,2.0614147186279297,0.1188,8.0,24.95687484741211,1
32.3764057337727,73.38890019872103,2.960654020309448,0.0324,214.0,22.698375701904297,0
19.32613044372636,76.49617276649046,2.86560320854187,0.0072,445.0,23.966249465942383,0
7.088111833580878,80.65177927082736,16.741601943969727,0.2016,970.0,28.40762519836425,1
18.55321997326992,97.8274776716642,11.904244422912598,0.3348,688.0,20.749500274658203,0
27.59988370505238,78.41416572961406,2.880380153656006,0.0107999999999999,174.0,23.741249084472656,0
28.00762901251424,84.08810472716978,35.04682922363281,0.1512,469.0,14.38474941253662,1
34.89025122485277,94.46202929123884,22.26064109802246,0.0,4889.0,13.245874404907228,0
26.97950716983944,86.7000462472757,16.562522888183594,0.1944,1310.0,21.339000701904297,1
30.16412468357156,78.29370165001363,41.249996185302734,0.09,1095.0,24.33387565612793,1
23.32138766984793,93.7508330808014,37.48664474487305,0.1836,2054.0,27.411874771118164,1
28.025685149725035,85.7260928162333,40.81084442138672,0.054,3765.0,30.069000244140625,1
24.014797237659785,72.80571391627065,15.471198081970217,0.0936,278.0,17.837749481201172,0
30.80201836682483,78.61790363605236,35.25838851928711,0.0288,1627.0,43.89137268066406,1
15.551589282912948,75.5486298048012,3.031982898712158,0.0107999999999999,597.0,16.503124237060547,0
32.31603894667987,89.99596502471022,2.2204556465148926,0.0,4730.0,11.130874633789062,0
27.7623889399496,83.51650671188452,29.99924087524414,0.2304,609.0,22.87612533569336,1
6.993519234163092,81.04739732195361,17.67802619934082,0.0036,755.0,29.414125442504883,1
34.5552694554046,73.35683034307797,53.66952896118164,0.18,1104.0,30.16962432861328,1
34.90453443787027,92.59604878306575,2.2381882667541504,0.0,4789.0,11.384625434875488,0
30.901192374191623,79.53229876375762,62.18142318725586,0.0,5808.0,9.70300006866455,1
19.03965769962064,72.90704388031932,15.048669815063477,0.0648,68.0,28.17387580871582,1
30.33606222895203,79.31966753600653,44.24069213867188,0.0468,907.0,21.964250564575195,1
33.986096891386474,73.83680019938303,19.326515197753903,0.054,1900.0,31.05412483215332,1
17.056177552284733,74.76440056176484,0.9559096097946168,0.072,665.0,19.336124420166016,0
28.263109879317824,83.34807259611212,49.21603393554688,0.1584,1719.0,19.269248962402344,1
34.10575248723119,71.15694604379767,3.677012443542481,0.0,1090.0,23.94737434387207,1
28.94951258791355,69.00287582400748,7.833786964416504,0.0072,812.0,18.645999908447266,0
30.06818461122759,74.05131788923077,3.310266494750977,0.0431999999999999,185.0,15.548624992370604,0
34.337787325119265,83.08019497838767,5.151989936828613,0.0,5190.0,10.188875198364258,0
35.56695212838,71.79861265124426,2.86560320854187,0.0,1291.0,42.83924865722656,1
32.56559093260827,76.12022782008644,41.91475296020508,0.0863999999999999,838.0,32.44012451171875,1
34.30410050196478,85.58784209400731,17.142696380615234,0.0,5580.0,9.953374862670898,0
33.128026131995504,83.9913561710701,2.22573471069336,0.0,4702.0,9.722249984741213,0
32.90407613166451,75.0910279990707,1.4864352941513062,0.0072,644.0,34.946998596191406,1
26.354549226677488,96.7195854317596,1.4322443008422852,0.0504,208.0,25.47137451171875,0
34.00496151235298,73.75271788878945,36.58189392089844,0.36,1699.0,43.83812713623047,1
23.497098139421706,89.75638433843554,2.2923827171325684,0.1152,10.0,22.396875381469727,0
18.769893619799547,73.3630287185384,6.058398246765137,0.036,476.0,20.07525062561035,1
29.619206632224653,97.29872929543146,43.33911895751953,0.0,4766.0,13.189374923706056,0
30.77129598410794,77.43994280398643,26.33672523498535,0.0648,1510.0,29.55062484741211,0
35.29179815685419,70.22853719766015,35.007164001464844,0.0,3356.0,24.451000213623047,0
28.571411684827645,77.21356735238831,1.911287426948548,0.0,216.0,30.48450088500977,1
27.318531358066146,93.14339228567978,20.22736358642578,0.36,1572.0,23.63462448120117,0
14.212201194290742,78.19318016972065,4.1134033203125,0.1692,879.0,25.28974914550781,0
22.425318173938702,91.80211773496092,9.961180686950684,0.3348,49.0,25.919750213623047,1
27.74217684605692,83.33028595348655,32.292236328125,0.36,409.0,21.55037498474121,0
33.316133352490134,71.0488787151181,0.0,0.0215999999999999,680.0,19.49349975585937,0
28.087399409744044,91.0833756761369,39.12358474731445,0.2592,3839.0,23.560375213623047,0
29.29823858120875,81.64837024702956,15.832672119140623,0.2808,2806.0,21.592124938964844,0
32.19665284542038,76.31938431857574,20.487548828125,0.036,1134.0,24.926124572753903,1
27.33928244112931,88.618847694155,25.91274070739746,0.3024,1859.0,22.061124801635746,1
33.049872702277106,74.6264193341241,23.53993034362793,0.27,790.0,31.86487579345703,1
24.17433803211941,95.15436088070976,7.35660457611084,0.3564,565.0,21.026874542236328,0
19.77322196063264,96.92062839234556,8.505431175231934,0.324,1309.0,28.832124710083008,0
16.51718838181302,80.6024617617292,5.732568264007568,0.0,28.0,18.47487449645996,1
35.72757090118058,71.70940994353118,40.621803283691406,0.0252,1788.0,37.69725036621094,1
29.286111324873136,94.54126069929818,42.55141067504883,0.0,4132.0,30.865375518798828,0
25.162035687008824,83.46126032191117,0.9559096097946168,0.0,70.0,22.734375,0
30.65217937743369,79.55655327642884,41.11864471435547,0.1584,3439.0,40.76750183105469,1
29.56153479098418,86.3235623117012,15.059942245483398,0.0,5099.0,10.82062530517578,0
30.70904273491845,76.9834189765969,24.06866836547852,0.2916,741.0,23.740875244140625,1
35.60441187572779,93.48457243058836,1.5150539875030518,0.0,4518.0,12.651249885559082,0
31.52318587691597,87.36111646485925,2.2155349254608154,0.0,4610.0,10.774749755859377,0
19.16200824131772,73.68723070457713,30.879432678222656,0.1332,837.0,24.19412422180176,1
19.670005534487306,73.51098124583288,3.0395307540893555,0.1224,359.0,19.29462432861328,1
31.10331331311852,77.16263287577874,36.2352180480957,0.288,2054.0,20.71199989318848,1
20.895397413554747,86.86605491178098,3.0422213077545166,0.0,3.0,24.56525039672852,0
22.47355770469592,76.43418901188622,13.148210525512695,0.1188,282.0,18.61050033569336,0
25.32966131902553,83.11226483403074,0.0,0.0,54.0,25.00062561035156,0
24.291298682111773,94.16585474206462,30.828601837158203,0.36,870.0,27.150375366210938,0
32.371554831238456,96.5856466228974,26.30624771118164,0.0,4437.0,15.499250411987305,0
23.30952990809755,95.65885474427128,3.8183305263519287,0.1368,227.0,20.10900115966797,0
35.68256530544619,71.76762077394213,31.57707977294922,0.0,1396.0,42.83924865722656,1
24.248179548474035,95.3651056463642,12.670475006103516,0.1656,278.0,21.4846248626709,0
27.85266962600361,84.55837277840634,22.951356887817383,0.09,331.0,23.39900016784668,1
23.770365648850863,92.52166827754068,10.045265197753906,0.1584,75.0,21.56399917602539,1
21.324163298664992,74.33994659001837,2.1689717769622803,0.0072,307.0,15.504125595092772,0
31.48033623786348,96.9014942767938,23.374197006225582,0.0396,4552.0,18.100250244140625,0
6.943932230479694,81.068417899602,10.281852722167969,0.3204,817.0,29.414125442504883,1
27.73948190020456,83.57525653146594,32.08038330078125,0.288,1027.0,22.60387420654297,1
33.74031782965137,77.75579045788285,19.936128616333008,0.0,3705.0,14.136374473571776,1
34.40516097142823,82.84573468923247,3.6004109382629395,0.0,5260.0,10.374625205993652,0
34.719930646983705,78.95019045964817,3.091858386993408,0.0,5438.0,11.649999618530272,0
27.85886800146404,83.60139750623382,17.83346939086914,0.0792,1100.0,22.87612533569336,1
35.63432577468897,87.73274949789949,1.515395164489746,0.0,4954.0,10.12512493133545,0
25.4549763011602,84.53223180363847,3.702249050140381,0.0,65.0,21.698625564575195,1
27.95049616044423,84.30747331955176,20.065189361572266,0.198,694.0,23.421499252319336,1
32.34271891061822,81.74565779229971,18.33577537536621,0.0,4947.0,10.060250282287598,0
24.52036907956225,92.72648416231992,2.307504892349243,0.1115999999999999,42.0,25.887624740600582,1
24.259228826468703,95.32710690984592,8.212964057922363,0.36,364.0,20.897624969482425,0
19.17036257346003,73.02157907904457,38.61197662353516,0.0,51.0,20.756250381469727,1
33.27975158348329,90.6317027512816,3.0845837593078613,0.0,5047.0,10.614250183105469,0
28.0464362327882,75.30770164560033,2.1964352130889893,0.018,346.0,13.199749946594238,0
28.297874680813248,84.96719606420913,47.14695358276367,0.1908,3030.0,36.63087463378906,1
24.41364922380885,91.7560341608856,2.180222749710083,0.0396,18.0,24.1103744506836,1
27.073560780086755,88.47790202607663,12.414138793945312,0.0036,1158.0,18.95075035095215,1
10.33147916689441,76.95916446392566,22.603559494018555,0.0396,1124.0,27.34575080871582,1
6.753938547888415,80.95145724960965,10.581402778625488,0.09,978.0,29.14525032043457,1
25.30998821430331,94.482780374302,30.9703426361084,0.1584,1528.0,29.9853744506836,1
28.117043814119988,83.24970707250102,23.37744331359864,0.1764,973.0,16.671749114990234,1
26.08128171724833,94.8029399415622,37.30967712402344,0.324,944.0,31.74349975585937,1
27.680193091452665,93.6260570878372,26.91887855529785,0.36,1093.0,27.25112533569336,1
24.953985867206743,94.21571124033326,20.83408737182617,0.2124,936.0,28.209625244140625,1
28.61102738885732,72.66045633482852,1.4487571716308594,0.0,129.0,17.15475082397461,0
21.98146059205525,85.7950834300537,4.336158275604248,0.0215999999999999,377.0,14.43274974822998,0
25.4053892974768,97.85415763560256,29.31259727478028,0.36,1343.0,28.171749114990234,1
23.695715648740528,85.70534173317014,5.052915573120117,0.036,347.0,18.812000274658203,0
32.110684072730145,77.35559099880761,18.89510536193848,0.0648,3268.0,37.3338737487793,0
10.053899744101477,76.82926807384199,32.160099029541016,0.2951999999999999,424.0,28.44387435913086,1
29.943139123678154,78.40069100035225,32.80105972290039,0.108,1154.0,19.59675025939941,0
30.71524111037888,80.58117168949558,14.132322311401367,0.0,4732.0,11.89525032043457,0
26.01363857635413,94.51619770287124,12.913050651550291,0.126,1721.0,31.596250534057617,1
18.62463603835742,75.86609442620903,0.0,0.0107999999999999,678.0,22.77412414550781,0
30.39993244565293,79.34904244579724,36.74274444580078,0.3168,1324.0,21.964250564575195,1
30.705808799895628,76.98449695493784,12.085540771484377,0.3276,767.0,23.740875244140625,1
20.725076835685684,75.58851500341609,1.3992598056793213,0.0107999999999999,296.0,19.565624237060547,0
35.970924511648555,81.1074946144612,44.13556289672852,0.0,5822.0,12.74887466430664,0
27.93324850698913,83.65287097201387,21.08746910095215,0.1548,860.0,22.87612533569336,1
28.23508244245329,94.96113326309565,44.257057189941406,0.2664,312.0,23.52775001525879,1
17.26341888833111,73.54466806898736,5.74953031539917,0.2988,96.0,20.29487609863281,1
26.16078261989291,91.8530522115705,7.675549507141113,0.2448,101.0,26.14287567138672,1
29.306323418765825,81.05602114868115,17.116771697998047,0.1332,1663.0,21.491249084472656,1
31.10600825897088,77.17799406713718,28.028728485107425,0.0863999999999999,2212.0,20.71199989318848,1
25.5083362290369,90.21910654128553,23.97571563720703,0.3168,323.0,23.07149887084961,1
28.293023778279004,82.26173992302637,0.9559096097946168,0.108,891.0,19.490375518798828,1
17.079084592029783,74.74364947870168,2.2158188819885254,0.0504,702.0,19.506999969482425,0
33.97396963505086,73.79206409823388,4.698652744293213,0.0,1169.0,31.05412483215332,1
25.63958009204676,94.11114734126174,9.866636276245115,0.0468,1494.0,30.91687393188477,1
23.694637670399587,92.87632315171103,21.387189865112305,0.2556,570.0,27.1456241607666,1
12.801397040581032,78.98172132612076,7.535728931427002,0.36,640.0,31.39962387084961,0
34.54260320989852,79.80475778943106,1.5032984018325806,0.0,5365.0,11.739375114440918,0
33.028313135458234,85.92713577681926,4.454989433288574,0.0,4888.0,9.95687484741211,0
33.38916638508905,74.31272763690956,1.4912724494934082,0.0,941.0,31.0791244506836,0
7.190789270555739,80.03167223019966,1.911287426948548,0.3312,44.0,29.24049949645996,1
29.28341637902077,80.67495580515765,21.46812057495117,0.0792,1600.0,23.583749771118164,1
30.404244359016705,79.3307168140012,39.4096908569336,0.108,1028.0,21.964250564575195,1
26.497111862267257,87.74083433545657,3.0575613975524902,0.0324,77.0,22.525375366210938,0
35.81839057640506,72.36104785063148,27.071985244750977,0.0,4744.0,19.62762451171875,0
26.934232079519816,88.44852711628593,27.0081787109375,0.324,267.0,24.125,1
28.259875944295,84.09996248892016,26.338150024414062,0.36,1353.0,21.13075065612793,1
28.9371158369927,94.65256196300058,37.53983688354492,0.2664,2674.0,35.459373474121094,0
28.900464573400622,93.76942820718268,20.02014541625977,0.3024,4049.0,26.7346248626709,0
29.56881114478555,82.28356898443047,33.191307067871094,0.0324,2642.0,24.3072509765625,1
28.200587135543103,80.94633685249016,2.369462013244629,0.0107999999999999,138.0,21.779125213623047,0
29.075366559218693,73.89824496481681,3.2779481410980225,0.0,198.0,18.50337600708008,0
27.366770888823364,87.21666736717283,22.08103370666504,0.1764,831.0,16.873001098632812,1
33.27139725134098,75.17699677176094,36.469844818115234,0.072,1139.0,37.430625915527344,1
24.920838033222733,93.3886323582444,5.716941356658936,0.3024,182.0,28.824249267578125,0
32.70303317107856,75.95691410143351,38.932037353515625,0.1008,1978.0,33.92774963378906,1
30.86615807811096,77.85873738944295,34.375953674316406,0.18,1140.0,28.21175003051757,0
9.02092699889244,78.12499803965598,1.9352058172225952,0.0036,22.0,26.32437515258789,0
34.67573353500503,73.0428691512782,11.66981601715088,0.0396,1089.0,22.48649978637696,1
34.41890519527526,72.63970525176536,14.22632884979248,0.09,810.0,19.63949966430664,0
31.63933804315264,91.73447459406673,19.171289443969727,0.0,4593.0,11.727999687194824,0
34.54745411243276,73.34551157049806,29.80962371826172,0.0,1098.0,30.16962432861328,1
34.060477396911566,74.42025597641866,18.41114044189453,0.2412,2240.0,43.8853759765625,1
35.46750862642797,78.78876320309189,40.3631706237793,0.0,5146.0,11.443500518798828,0
27.814401394900123,85.83146519906053,16.247915267944336,0.3024,2377.0,22.45800018310547,1
12.303640541650406,75.91648991364814,9.521303176879885,0.3492,879.0,26.826749801635746,0
14.781104263723634,74.49894839530754,31.104421615600582,0.36,329.0,18.56374931335449,1
24.17891944006842,88.18954281987428,2.179291009902954,0.0468,21.0,20.98237419128418,0
21.4031252121391,86.59090094025517,3.0774714946746826,0.36,223.0,20.256874084472656,0
22.600220159756773,72.85449243619833,6.409763813018799,0.0756,38.0,17.533374786376953,0
34.56685772256974,79.84302602053457,22.024951934814453,0.0,5641.0,11.739375114440918,0
27.175699227891144,88.52937549185668,12.002574920654297,0.0324,305.0,20.803125381469727,1
33.541430825747305,79.13209930468237,17.09989356994629,0.0,4966.0,13.043999671936035,0
27.602039661734267,73.69019514501473,3.753553152084351,0.0072,322.0,12.962499618530272,0
15.829438200291117,78.05007854496041,3.4849653244018555,0.0,286.0,23.2081241607666,1
9.999461837883834,77.0308500235984,17.21807289123535,0.3384,932.0,27.15812492370605,1
15.150042350911525,74.1100677088122,2.198389768600464,0.2124,54.0,16.29224967956543,1
34.62614653132163,73.0886832307683,18.48590660095215,0.09,1416.0,22.48649978637696,0
30.816571074427564,91.00818668685608,0.0,0.0,4723.0,12.689749717712402,0
30.37459995464076,87.95400455237814,20.479209899902344,0.0,5578.0,10.357999801635742,0
31.697009884393108,75.81084803623568,3.6386239528656006,0.0252,314.0,23.89949989318848,0
20.070474488147788,94.20843488653188,21.997634887695312,0.36,1234.0,17.923500061035156,0
26.985705545299865,87.32203975000004,27.22002220153809,0.1836,812.0,21.97212600708008,1
26.015255543865543,95.8679825424143,5.702035903930664,0.216,177.0,24.44025039672852,0
34.20869941879129,74.32781933368277,1.499739408493042,0.0,1593.0,43.8853759765625,1
9.652622306685288,77.69569316537526,4.865634918212891,0.0107999999999999,148.0,29.552249908447266,0
19.62419145499721,72.9083913532455,3.0394344329833984,0.1727999999999999,13.0,18.644500732421875,1
10.001078805395249,76.74168233364033,3.939067840576172,0.1548,30.0,34.6870002746582,1
35.57045555798807,93.10997495711054,2.3493030071258545,0.0,4481.0,12.456250190734863,0
25.61909850356884,92.70950600345006,8.473240852355957,0.306,591.0,24.07112503051757,1
30.74192107431724,78.45432042281419,22.196475982666016,0.1043999999999999,1177.0,26.933250427246094,1
22.763533878409703,96.45521124364322,15.765687942504885,0.3312,872.0,27.7450008392334,0
33.11104797312564,75.09668738536065,34.160064697265625,0.2016,1132.0,33.29574966430664,0
25.33855464033831,83.15511447308324,0.0,0.0,54.0,25.00062561035156,0
35.19909201953306,69.62675578882848,37.11860656738281,0.0,4236.0,36.0723762512207,0
26.34080500283046,87.09081339586768,1.432149887084961,0.0,65.0,22.05737495422364,0
34.53963876946092,73.34605055966854,29.72953224182129,0.0863999999999999,1064.0,30.16962432861328,1
14.522119967311976,74.41028467676493,15.83852481842041,0.252,75.0,16.965625762939453,1
29.089110783065724,68.64768196066662,6.661805152893066,0.0,356.0,19.589250564575195,0
25.30998821430331,94.48224138513152,31.02440071105957,0.09,1552.0,29.9853744506836,1
24.96746059646853,87.24038289067359,1.054429292678833,0.0144,58.0,11.949749946594238,0
28.2779320815058,84.35005346401903,24.614625930786133,0.1836,1026.0,24.46587562561035,1
24.68691673323801,76.0304861232029,4.30772590637207,0.0,322.0,20.185625076293945,0
12.089392346387902,76.53012908423018,3.9407711029052734,0.0431999999999999,684.0,28.652875900268555,0
29.953379917917115,88.65010906604235,20.945083618164062,0.0,5367.0,10.896875381469728,0
27.216662404847,93.63063849578622,27.350032806396484,0.36,680.0,32.55649948120117,1
29.303897967498703,80.65797764628779,10.707853317260742,0.018,1193.0,23.583749771118164,1
32.20285122088081,82.2364074320142,8.306694984436035,0.0,4640.0,10.744000434875488,0
6.98516490202078,81.05548215951067,1.911287426948548,0.0252,652.0,29.414125442504883,1
26.999988758317365,86.71001754692942,13.31019401550293,0.3204,468.0,21.339000701904297,1
35.304733896945514,69.55453123998527,21.856645584106445,0.0324,2453.0,27.26362419128418,1
30.60151439540935,78.34490562120844,21.1451358795166,0.018,1658.0,26.933250427246094,1
30.920595984328603,78.32765796775334,42.38420867919922,0.0792,2411.0,26.783248901367188,1
29.900019990040416,81.13336609464385,49.44246292114258,0.0,4314.0,17.172374725341797,1
31.94386692446915,77.11789677462959,26.12450790405273,0.198,1348.0,27.55749893188477,1
27.70471709870913,78.1807834187998,3.585463523864746,0.0036,182.0,22.94037437438965,0
32.07403280913807,96.74006702023752,14.217247009277344,0.0,4038.0,15.71787452697754,0
28.08712991515881,83.29363468989447,32.7007942199707,0.306,1339.0,18.865625381469727,1
27.77209074501809,85.90530671541515,11.397955894470217,0.2628,1207.0,22.45800018310547,1
18.09130625417566,78.02205110809588,1.911287426948548,0.0215999999999999,428.0,30.022499084472656,0
24.523333519999845,90.46434661385014,1.4203028678894043,0.1548,14.0,23.331499099731445,0
24.090525216111057,91.31002062232024,0.9559096097946168,0.036,4.0,24.262001037597656,0
28.46576980741519,95.85989770485722,26.522764205932617,0.36,1066.0,26.32575035095215,1
27.6661793730204,93.16252640123152,31.15757179260254,0.36,1845.0,24.95887565612793,0
25.19410554265189,94.44801557280655,14.04740047454834,0.2268,1720.0,28.958749771118164,1
33.24094436320933,75.23412962383095,13.33187484741211,0.0,684.0,33.29574966430664,1
17.55662899706772,78.6257189790242,5.524440765380859,0.0288,550.0,23.40387535095215,0
24.536269260091167,90.06845906813867,2.307746648788452,0.054,14.0,23.660125732421875,0
26.620270887720043,91.724503294413,3.057961225509644,0.162,71.0,18.745750427246094,0
22.77646961850102,81.50634660061027,5.903696537017822,0.0215999999999999,756.0,20.27899932861328,0
24.043363663694784,97.46392947618104,11.515130996704102,0.3204,1183.0,23.819499969482425,0
22.39944669375606,74.86977294459207,3.955033302307129,0.0576,304.0,16.49537467956543,0
27.13042413757152,87.8710002201255,29.13962745666504,0.234,2159.0,20.54837417602539,1
35.5631792041867,71.96111788614147,9.217942237854004,0.0,2997.0,42.83924865722656,0
27.21854886694365,85.23022277939933,13.35447597503662,0.36,310.0,16.834375381469727,0
17.353430079799885,74.53344370221772,1.3843281269073486,0.018,670.0,20.40112495422364,0
11.343970323625522,76.86915327245688,30.60260009765625,0.3132,715.0,29.43812561035156,1
23.260212398999386,72.93587980093956,3.0480544567108154,0.036,97.0,15.782875061035156,0
19.857304271226223,75.39367041829057,0.9559096097946168,0.0107999999999999,580.0,24.78400039672852,0
32.948273243643186,75.12201987637283,0.9559096097946168,0.0431999999999999,746.0,34.946998596191406,1
32.400390751858694,72.80436644334446,3.8183305263519287,0.1548,192.0,15.787875175476074,0
30.81360663398997,78.61790363605236,16.34752655029297,0.072,1706.0,43.89137268066406,1
22.280869076252284,79.75948269911144,4.233956813812256,0.0288,472.0,22.86174964904785,0
11.29923422247637,76.9354489404249,2.170506477355957,0.0,328.0,29.43812561035156,1
25.32130698688321,85.65791068616863,3.053889513015747,0.0252,48.0,22.26762580871582,0
27.97070825433692,83.39712061062504,34.31245040893555,0.144,1243.0,24.520750045776367,1
32.21066656385265,76.28327204415413,4.431344032287598,0.0,987.0,24.926124572753903,1
29.39498713730842,81.3705213296514,23.827781677246094,0.0431999999999999,1369.0,22.23575019836425,1
35.46077126179708,87.8545610504261,0.9559096097946168,0.0,5029.0,9.788000106811523,0
23.73263640691784,92.74642676162736,17.120880126953125,0.1584,826.0,20.777124404907227,1
25.89748641011748,85.97914823176978,1.0625981092453003,0.1548,46.0,22.480751037597656,0
26.10607521909003,91.85170473864432,31.63129997253418,0.252,204.0,26.14287567138672,1
7.08083547977951,80.73532259225048,27.54649543762207,0.3348,1943.0,28.40762519836425,1
28.03996836274253,83.89002620702142,16.066621780395508,0.36,841.0,14.130374908447266,1
27.617939842263183,93.84192225061112,22.374664306640625,0.36,1671.0,27.96424865722656,1
25.65655825091662,96.34956936623075,3.054910182952881,0.0431999999999999,268.0,22.85300064086914,1
30.504226850139204,86.6647424566098,12.538951873779297,0.0,4747.0,11.072250366210938,0
26.17506583291041,86.01984191414039,2.860253095626831,0.0863999999999999,55.0,21.41349983215332,0
32.117421437361045,84.44949696597105,6.741163730621338,0.0,4939.0,10.406999588012695,0
33.310204471614945,80.83180165376493,2.2269535064697266,0.0,4383.0,11.428750038146973,0
31.903173242098536,82.34097133108571,6.725568771362305,0.0,4907.0,10.457124710083008,0
24.14172918730587,73.79987944120572,4.768948078155518,0.054,312.0,11.472249984741213,0
34.934717831416684,80.05700472121184,9.436684608459473,0.0,5066.0,11.392749786376951,0
35.935890215567895,94.3138072693591,20.013471603393555,0.0,4168.0,12.572250366210938,0
28.274159157312493,83.7418041851417,10.45427703857422,0.0396,893.0,18.731874465942383,1
29.591718184530595,69.8388480274091,16.845136642456055,0.0144,566.0,18.7239990234375,0
35.37237703783972,73.41369370056273,26.42807388305664,0.0,4444.0,26.762374877929688,0
15.483676647433512,73.8163186109051,0.0,0.0,8.0,15.611624717712402,1
26.88410608666595,88.28090148426922,20.680326461791992,0.1727999999999999,1626.0,24.125,1
27.04364688112557,97.61457694932788,8.575315475463867,0.36,586.0,24.61512565612793,0
29.35779688454588,80.31086862050401,18.377456665039062,0.036,941.0,28.014373779296875,1
25.30567630093953,78.20773287732338,1.4252523183822632,0.0215999999999999,331.0,16.275625228881836,0
24.99252359289547,93.4945437302421,8.841333389282227,0.1043999999999999,1134.0,28.824249267578125,1
16.8386954219994,80.83719154546964,2.156151056289673,0.0612,133.0,15.566624641418455,0
28.831204464995007,89.62648794835187,11.433048248291016,0.0,4599.0,11.76300048828125,0
24.597175036354468,68.03916318720405,0.0,0.0,2.0,13.21062469482422,0
24.23093189501894,81.23173161825493,3.283567190170288,0.2484,375.0,27.62987518310547,0
11.339927904846984,76.84112583559236,20.60175514221192,0.2951999999999999,872.0,29.43812561035156,1
27.95831150341607,84.27270851805633,28.89600372314453,0.2988,397.0,23.421499252319336,1
32.929408622676675,75.14330994860646,3.909448385238648,0.0,766.0,34.946998596191406,1
28.20004814637264,85.46117963894646,7.899313926696777,0.09,3019.0,21.696250915527344,1
27.125034245866804,93.71445131179456,6.101911544799805,0.0,128.0,32.55649948120117,1
27.01588893884628,86.84988523666684,29.0604305267334,0.2016,846.0,15.607250213623049,1
29.490388220481915,90.93515365425718,0.9559096097946168,0.0,3608.0,13.084875106811523,1
30.956708258750208,91.0375615966468,3.074084520339966,0.0,4845.0,12.689749717712402,0
27.40827305494969,87.28996989435699,28.0958309173584,0.09,495.0,17.305500030517578,1
24.482370343044,80.2184319777681,4.942883968353272,0.036,329.0,18.40662384033203,0
34.94576710941136,87.93567892058209,14.095879554748535,0.0,5031.0,10.007624626159668,0
30.73141078549304,78.43572529643292,40.6995849609375,0.036,1160.0,26.933250427246094,1
29.191788220040586,80.87087836862412,27.493066787719727,0.36,1709.0,24.292375564575195,1
25.755193269112944,88.06314985939865,0.0,0.0396,34.0,21.41449928283692,0
13.65299992992634,79.34392204867775,37.04685974121094,0.2664,597.0,27.900375366210938,1
27.982566016087297,69.03791012008814,0.0,0.0,60.0,9.328374862670898,0
23.62537756199397,81.64513631200674,3.957496166229248,0.0828,482.0,20.44300079345703,0
26.697346339097496,77.77735002470172,1.911287426948548,0.018,201.0,18.39812469482422,0
33.74516873218562,74.17932781721781,0.0,0.0324,1146.0,30.4841251373291,1
31.07232143581639,77.14026482520416,16.427316665649414,0.2448,1977.0,20.71199989318848,1
32.80409364054201,92.9248321770535,14.72828483581543,0.0,5485.0,11.031499862670898,0
31.853047249244668,69.26671102295337,1.4763810634613037,0.0,1273.0,21.69300079345703,0
25.004381354645847,85.83416014491289,3.555814981460572,0.036,60.0,21.63949966430664,0
30.478355369956564,78.2740285452914,19.418811798095703,0.2376,2257.0,26.718374252319336,1
26.28690608578329,80.85767313394756,1.4317806959152222,0.0324,119.0,22.456375122070312,0
29.58012991736545,80.2213964182057,11.251360893249512,0.0324,1540.0,28.97612571716309,1
29.080756450923413,92.1581200820575,10.08968734741211,0.0,3884.0,12.857749938964844,0
14.23052682608678,75.34893431714143,0.9861648678779602,0.0756,609.0,14.205875396728516,0
34.56685772256974,87.24523379320783,3.684975862503052,0.0,4927.0,10.008999824523926,0
29.618937137639417,81.32255129347942,22.207984924316406,0.108,2187.0,43.87987518310547,1
24.76237521710405,93.43417694314928,37.03480911254883,0.1836,657.0,28.824249267578125,1
31.85116078714801,87.33012458755712,2.217543125152588,0.0,4484.0,10.894000053405762,0
27.81224543821824,89.9019114144629,51.06694030761719,0.36,3708.0,24.668624877929688,1
31.222160425207527,77.50866392322158,10.9042329788208,0.0972,2543.0,28.737998962402344,0
33.1595569984681,75.8011462311672,37.06618118286133,0.1332,1133.0,43.891876220703125,1
28.16043244234296,84.09079967302213,1.0842243432998655,0.0,677.0,14.38474941253662,1
27.91411439143739,83.78761826463179,28.28334045410156,0.1727999999999999,703.0,22.779375076293945,1
11.398138735257929,77.90455146893305,3.4641594886779785,0.072,262.0,30.86275100708008,0
34.09012180128751,74.02571590363337,12.44130802154541,0.0,1314.0,43.88800048828125,1
29.550216018404274,97.3351110644383,59.34463119506836,0.0,5254.0,13.189374923706056,0
20.14404650991717,78.8240669937578,2.2486376762390137,0.0252,225.0,23.842374801635746,0
26.872248324915567,87.33039408214236,48.961204528808594,0.324,764.0,21.97212600708008,1
25.966477023937856,88.41969119566569,2.3303916454315186,0.0144,47.0,21.47062492370605,0
9.853934761856472,76.94676771300482,9.520498275756836,0.0792,824.0,25.98575019836425,1
25.19545301557807,69.702753261865,4.360521793365479,0.0144,16.0,12.043375015258787,0
28.249904644641266,82.73119949050724,2.86560320854187,0.0468,794.0,19.000123977661133,1
23.854178464859213,79.36467313174091,0.0,0.0215999999999999,354.0,26.38412475585937,0
26.53780554463787,79.30026392586954,5.71619176864624,0.09,139.0,21.14125061035156,0
26.525408793717023,78.467795152076,1.4334230422973633,0.0072,156.0,20.011499404907227,0
33.500737143376696,83.26345129634805,10.05531883239746,0.0,5262.0,9.47599983215332,0
23.43295842813557,80.38336266393246,2.0829427242279053,0.0288,425.0,21.050498962402344,0
27.07706420969482,88.48194444485517,13.346233367919922,0.0107999999999999,1213.0,18.95075035095215,1
31.883230642791084,78.61682565771142,28.269018173217773,0.0,3304.0,17.452373504638672,1
35.487181731150194,74.9196294428607,24.51630592346192,0.0,3998.0,22.523500442504883,0
29.35267648742639,86.79436935210825,19.14504051208496,0.0,4768.0,11.142250061035156,0
35.89331007110063,72.51735471006828,52.96817398071289,0.0,5055.0,23.433876037597656,0
25.09924344864887,96.1754758641684,4.321377754211426,0.3419999999999999,700.0,20.716625213623047,0
33.70797847942307,73.49076915194019,17.883907318115234,0.1475999999999999,1258.0,28.437000274658203,0
32.17644075152769,76.30752655682537,10.233275413513184,0.1908,959.0,24.926124572753903,1
9.534314183766746,76.82064424711443,6.150070190429688,0.2448,83.0,26.941499710083008,0
31.756298693144995,68.92580037263002,2.9490137100219727,0.0,1956.0,19.78274917602539,0
33.247681727840224,75.19181897394891,24.70660972595215,0.1944,908.0,33.29574966430664,1
7.932977358295288,81.00805111250916,3.0465595722198486,0.126,44.0,27.046749114990234,1
18.57154560506596,95.93751214540517,9.75394344329834,0.3384,371.0,26.59837532043457,0
19.323974487044467,94.21409427282184,15.207573890686035,0.198,130.0,16.088499069213867,0
31.16287161645564,77.72399009682502,31.48665237426757,0.036,1484.0,28.737998962402344,1
32.95501060827409,68.54123159949845,0.9559096097946168,0.0,2187.0,22.88912582397461,0
32.23842450613194,78.06247529588126,26.60990524291992,0.0,3748.0,14.744250297546388,1
22.09626528536572,88.76194931891523,1.911287426948548,0.018,2.0,22.83150100708008,0
29.60707937588904,79.92980327698051,25.644052505493164,0.0972,1729.0,27.99374961853028,1
30.42391746373892,79.67243594808026,48.12068557739258,0.0,5028.0,43.860626220703125,1
26.881680635398823,95.3998704478596,15.504682540893556,0.2772,718.0,32.96849822998047,1
27.887164932913805,83.97033559342171,32.98420333862305,0.2016,540.0,22.779375076293945,1
31.06585356577073,85.54499245495481,3.629398822784424,0.0,4634.0,10.443374633789062,0
33.00971800907696,74.94011103133863,33.19340133666992,0.2196,1396.0,33.30787658691406,1
25.67003298017841,94.10656593331274,17.83352279663086,0.0,1442.0,30.91687393188477,1
15.401480798936577,73.82763738348501,5.16107702255249,0.0,9.0,15.611624717712402,1
24.91814308737037,83.6102908275466,32.23744201660156,0.1764,255.0,15.264874458312988,0
21.700377739654247,76.10082420994947,7.164841175079346,0.0072,408.0,19.962875366210938,0
25.7330947131236,93.9966121425365,18.95746421813965,0.36,990.0,31.08699989318848,1
26.88356709749548,88.27901502217257,21.17154312133789,0.1188,1552.0,24.125,1
26.180455724615125,75.0586886488424,2.3339343070983887,0.0107999999999999,375.0,14.966750144958496,0
31.530462230717347,77.77546356260507,26.895248413085938,0.1368,1238.0,43.8797492980957,1
33.26115645710202,75.21391752993826,49.73072814941406,0.2844,1231.0,37.430625915527344,1
29.13896728133436,81.6230377560174,31.19541549682617,0.0252,1713.0,20.06712532043457,1
26.33029471400626,89.13115690068835,1.911287426948548,0.1475999999999999,55.0,16.472373962402344,0
35.76476115394312,80.27044443271863,14.011600494384766,0.0,5109.0,21.0935001373291,0
21.336290555000605,70.27003936378647,2.1690118312835693,0.036,39.0,13.729125022888184,0
28.279818543602445,83.8493325246508,18.914043426513672,0.1296,1366.0,20.78762435913086,1
11.77920407878143,78.20342096395962,16.233905792236328,0.126,1418.0,32.166748046875,1
18.83915372820516,94.63962622290926,18.26118469238281,0.2304,493.0,17.402374267578125,0
27.33901294654408,88.60645094323414,17.799514770507812,0.2412,1501.0,22.061124801635746,1
22.22508369710846,92.18992044311533,7.253017425537109,0.2988,82.0,20.050249099731445,1
11.781360035463315,78.19398865347635,26.623598098754883,0.3312,1322.0,32.166748046875,1
34.317036242056105,93.88989228678312,37.43275451660156,0.0,5013.0,12.670499801635742,0
26.109578648698097,91.77462928726688,3.190619707107544,0.0036,58.0,26.14287567138672,1
21.325241277005937,85.75115581266024,0.0,0.0468,348.0,16.86199951171875,0
27.4985537410037,94.2701491465509,2.3566794395446777,0.2628,107.0,25.73237609863281,0
28.723676125485905,68.46038322392769,0.9559096097946168,0.0,110.0,15.397250175476074,0
26.807300129873727,88.31620527493513,3.0585741996765137,0.1727999999999999,224.0,24.125,1
30.70500031613992,73.18812673272032,1.46603524684906,0.0288,172.0,19.54199981689453,0
26.79463388436764,68.24586553407995,1.4353035688400269,0.0324,44.0,9.457124710083008,0
26.132485688443143,91.834187590604,2.86560320854187,0.0,67.0,26.14287567138672,1
20.961962576108,80.82802872957161,1.0236432552337646,0.0144,309.0,16.50950050354004,0
32.724862232482664,78.61925110897855,27.290870666503903,0.0,4936.0,14.083374977111816,0
27.33874345195884,87.67103523788049,21.80414772033692,0.3276,1464.0,20.89225006103516,1
28.46226637780712,82.62016772139006,41.08155822753906,0.3455999999999999,2210.0,20.195375442504883,0
25.852750308968325,97.06130456583868,22.99117088317871,0.36,1931.0,23.87737464904785,0
30.41610212076708,78.34140219160037,21.97052764892578,0.1152,2324.0,26.718374252319336,1
28.08712991515881,85.76894245528581,46.096805572509766,0.2124,3242.0,22.907501220703125,0
33.371918731633954,75.19451391980128,42.08400344848633,0.216,1478.0,37.430625915527344,1
34.09658967133317,73.49939297866774,21.23651695251465,0.018,578.0,28.513999938964844,1
27.819521792019604,84.46647512484091,19.896615982055664,0.162,222.0,23.421499252319336,1
33.206449056299135,90.43389372571848,3.423654317855835,0.0,5091.0,10.697375297546388,0
7.280530967439279,80.61351103972387,8.170450210571289,0.216,572.0,33.84674835205078,1
29.70355843740348,78.56589118110183,30.18077850341797,0.3132,431.0,19.667999267578125,1
24.30423442220309,93.18193001136852,39.255184173583984,0.2448,858.0,29.093250274658203,1
26.84853280141481,88.26176736871749,28.343902587890625,0.2736,961.0,24.125,1
30.45167540601821,78.14440164979295,41.45372772216797,0.1727999999999999,2285.0,26.523876190185547,1
12.773100109131269,75.13845904607221,6.19232702255249,0.324,71.0,29.50749969482422,0
20.433483694460488,96.21697803029473,2.1661131381988525,0.036,218.0,15.37512493133545,0
27.55326114180658,95.79980041234964,2.357658624649048,0.144,147.0,24.3958740234375,0
7.171655155003993,81.60875454299989,19.891986846923828,0.2412,126.0,28.05900001525879,0
9.801113823150244,76.90068413892948,24.76803398132324,0.162,722.0,25.98575019836425,1
33.92114869634463,74.79673991199316,2.9914114475250244,0.0,1706.0,42.79912567138672,0
32.4297656616494,75.58069966044425,20.48592185974121,0.0828,517.0,31.827749252319336,1
19.12859091274847,72.88898774310853,3.8183305263519287,0.0,26.0,28.17387580871582,1
30.382145803027363,78.09481464610957,3.829437255859375,0.0252,828.0,26.523876190185547,1
30.8949939987312,77.08906085400935,31.04495429992676,0.162,1654.0,24.901750564575195,1
28.61102738885732,94.98296232449974,29.736026763916016,0.36,1674.0,26.790498733520508,1
